
Thu Mar 12 12:22:34 CET 2026
cd /out/sourcedata/freesurfer/sub-v1s11x0050155_ses-1
setenv SUBJECTS_DIR /out/sourcedata/freesurfer
/opt/freesurfer/bin/recon-all -autorecon-hemi rh -noparcstats -noparcstats2 -noparcstats3 -nohyporelabel -nobalabels -rh-only -openmp 16 -subjid sub-v1s11x0050155_ses-1 -sd /out/sourcedata/freesurfer

subjid sub-v1s11x0050155_ses-1
setenv SUBJECTS_DIR /out/sourcedata/freesurfer
FREESURFER_HOME /opt/freesurfer
Actual FREESURFER_HOME /opt/freesurfer
build-stamp.txt: freesurfer-linux-ubuntu22_x86_64-7.3.2-20220804-6354275
Linux dna085 5.14.0-427.37.1.el9_4.x86_64 #1 SMP PREEMPT_DYNAMIC Fri Sep 13 12:41:50 EDT 2024 x86_64 x86_64 x86_64 GNU/Linux
cputime      unlimited
filesize     unlimited
datasize     unlimited
stacksize    8192 kbytes
coredumpsize 0 kbytes
memoryuse    67108864 kbytes
vmemoryuse   unlimited
descriptors  1024 
memorylocked unlimited
maxproc      2061970 
maxlocks     unlimited
maxsignal    2062024 
maxmessage   819200 
maxnice      0 
maxrtprio    0 
maxrttime    unlimited

               total        used        free      shared  buff/cache   available
Mem:           503Gi       324Gi       153Gi       9.7Gi        25Gi       165Gi
Swap:             0B          0B          0B

########################################
program versions used
7.3.2 (freesurfer-linux-ubuntu22_x86_64-7.3.2-20220804-6354275)
7.3.2

ProgramName: lta_convert  ProgramArguments: lta_convert -all-info  ProgramVersion: 7.3.2  TimeStamp: 2026/03/12-11:22:34-GMT  BuildTime: Aug  4 2022 06:17:15  BuildStamp: freesurfer-linux-ubuntu22_x86_64-7.3.2-20220804-6354275  User: oesteban  Machine: dna085  Platform: Linux  PlatformVersion: 5.14.0-427.37.1.el9_4.x86_64  CompilerName: GCC  CompilerVersion: 8.4.0
ProgramName: mri_and  ProgramArguments: mri_and -all-info  ProgramVersion: 7.3.2  TimeStamp: 2026/03/12-11:22:34-GMT  BuildTime: Aug  4 2022 06:17:15  BuildStamp: freesurfer-linux-ubuntu22_x86_64-7.3.2-20220804-6354275  User: oesteban  Machine: dna085  Platform: Linux  PlatformVersion: 5.14.0-427.37.1.el9_4.x86_64  CompilerName: GCC  CompilerVersion: 8.4.0
ProgramName: mri_annotation2label  ProgramArguments: mri_annotation2label -all-info  ProgramVersion: 7.3.2  TimeStamp: 2026/03/12-11:22:34-GMT  BuildTime: Aug  4 2022 06:17:15  BuildStamp: freesurfer-linux-ubuntu22_x86_64-7.3.2-20220804-6354275  User: oesteban  Machine: dna085  Platform: Linux  PlatformVersion: 5.14.0-427.37.1.el9_4.x86_64  CompilerName: GCC  CompilerVersion: 8.4.0
ProgramName: mri_aparc2aseg  ProgramArguments: mri_aparc2aseg -all-info  ProgramVersion: 7.3.2  TimeStamp: 2026/03/12-11:22:34-GMT  BuildTime: Aug  4 2022 06:17:15  BuildStamp: freesurfer-linux-ubuntu22_x86_64-7.3.2-20220804-6354275  User: oesteban  Machine: dna085  Platform: Linux  PlatformVersion: 5.14.0-427.37.1.el9_4.x86_64  CompilerName: GCC  CompilerVersion: 8.4.0
ProgramName: mri_surf2volseg  ProgramArguments: mri_surf2volseg -all-info  ProgramVersion: 7.3.2  TimeStamp: 2026/03/12-11:22:34-GMT  BuildTime: Aug  4 2022 06:17:15  BuildStamp: freesurfer-linux-ubuntu22_x86_64-7.3.2-20220804-6354275  User: oesteban  Machine: dna085  Platform: Linux  PlatformVersion: 5.14.0-427.37.1.el9_4.x86_64  CompilerName: GCC  CompilerVersion: 8.4.0
ProgramName: mri_binarize  ProgramArguments: mri_binarize -all-info  ProgramVersion: 7.3.2  TimeStamp: 2026/03/12-11:22:34-GMT  BuildTime: Aug  4 2022 06:17:15  BuildStamp: freesurfer-linux-ubuntu22_x86_64-7.3.2-20220804-6354275  User: oesteban  Machine: dna085  Platform: Linux  PlatformVersion: 5.14.0-427.37.1.el9_4.x86_64  CompilerName: GCC  CompilerVersion: 8.4.0
ProgramName: mri_ca_label  ProgramArguments: mri_ca_label -all-info  ProgramVersion: 7.3.2  TimeStamp: 2026/03/12-11:22:34-GMT  BuildTime: Aug  4 2022 06:17:15  BuildStamp: freesurfer-linux-ubuntu22_x86_64-7.3.2-20220804-6354275  User: oesteban  Machine: dna085  Platform: Linux  PlatformVersion: 5.14.0-427.37.1.el9_4.x86_64  CompilerName: GCC  CompilerVersion: 8.4.0
ProgramName: mri_ca_normalize  ProgramArguments: mri_ca_normalize -all-info  ProgramVersion: 7.3.2  TimeStamp: 2026/03/12-11:22:34-GMT  BuildTime: Aug  4 2022 06:17:15  BuildStamp: freesurfer-linux-ubuntu22_x86_64-7.3.2-20220804-6354275  User: oesteban  Machine: dna085  Platform: Linux  PlatformVersion: 5.14.0-427.37.1.el9_4.x86_64  CompilerName: GCC  CompilerVersion: 8.4.0
ProgramName: mri_ca_register  ProgramArguments: mri_ca_register -all-info  ProgramVersion: 7.3.2  TimeStamp: 2026/03/12-11:22:34-GMT  BuildTime: Aug  4 2022 06:17:15  BuildStamp: freesurfer-linux-ubuntu22_x86_64-7.3.2-20220804-6354275  User: oesteban  Machine: dna085  Platform: Linux  PlatformVersion: 5.14.0-427.37.1.el9_4.x86_64  CompilerName: GCC  CompilerVersion: 8.4.0
ProgramName: mri_cc  ProgramArguments: mri_cc -all-info  ProgramVersion: 7.3.2  TimeStamp: 2026/03/12-11:22:34-GMT  BuildTime: Aug  4 2022 06:17:15  BuildStamp: freesurfer-linux-ubuntu22_x86_64-7.3.2-20220804-6354275  User: oesteban  Machine: dna085  Platform: Linux  PlatformVersion: 5.14.0-427.37.1.el9_4.x86_64  CompilerName: GCC  CompilerVersion: 8.4.0
ProgramName: mri_compute_overlap  ProgramArguments: mri_compute_overlap -all-info  ProgramVersion: 7.3.2  TimeStamp: 2026/03/12-11:22:34-GMT  BuildTime: Aug  4 2022 06:17:15  BuildStamp: freesurfer-linux-ubuntu22_x86_64-7.3.2-20220804-6354275  User: oesteban  Machine: dna085  Platform: Linux  PlatformVersion: 5.14.0-427.37.1.el9_4.x86_64  CompilerName: GCC  CompilerVersion: 8.4.0
ProgramName: mri_compute_seg_overlap  ProgramArguments: mri_compute_seg_overlap -all-info  ProgramVersion: 7.3.2  TimeStamp: 2026/03/12-11:22:34-GMT  BuildTime: Aug  4 2022 06:17:15  BuildStamp: freesurfer-linux-ubuntu22_x86_64-7.3.2-20220804-6354275  User: oesteban  Machine: dna085  Platform: Linux  PlatformVersion: 5.14.0-427.37.1.el9_4.x86_64  CompilerName: GCC  CompilerVersion: 8.4.0
ProgramName: mri_concat  ProgramArguments: mri_concat -all-info  ProgramVersion: 7.3.2  TimeStamp: 2026/03/12-11:22:34-GMT  BuildTime: Aug  4 2022 06:17:15  BuildStamp: freesurfer-linux-ubuntu22_x86_64-7.3.2-20220804-6354275  User: oesteban  Machine: dna085  Platform: Linux  PlatformVersion: 5.14.0-427.37.1.el9_4.x86_64  CompilerName: GCC  CompilerVersion: 8.4.0
ProgramName: mri_concatenate_lta  ProgramArguments: mri_concatenate_lta -all-info  ProgramVersion: 7.3.2  TimeStamp: 2026/03/12-11:22:34-GMT  BuildTime: Aug  4 2022 06:17:15  BuildStamp: freesurfer-linux-ubuntu22_x86_64-7.3.2-20220804-6354275  User: oesteban  Machine: dna085  Platform: Linux  PlatformVersion: 5.14.0-427.37.1.el9_4.x86_64  CompilerName: GCC  CompilerVersion: 8.4.0
mri_convert -all-info 
ProgramName: mri_convert  ProgramArguments: mri_convert -all-info  ProgramVersion: 7.3.2  TimeStamp: 2026/03/12-11:22:34-GMT  BuildTime: Aug  4 2022 06:17:15  BuildStamp: freesurfer-linux-ubuntu22_x86_64-7.3.2-20220804-6354275  User: oesteban  Machine: dna085  Platform: Linux  PlatformVersion: 5.14.0-427.37.1.el9_4.x86_64  CompilerName: GCC  CompilerVersion: 8.4.0
ProgramName: mri_diff  ProgramArguments: mri_diff -all-info  ProgramVersion: 7.3.2  TimeStamp: 2026/03/12-11:22:34-GMT  BuildTime: Aug  4 2022 06:17:15  BuildStamp: freesurfer-linux-ubuntu22_x86_64-7.3.2-20220804-6354275  User: oesteban  Machine: dna085  Platform: Linux  PlatformVersion: 5.14.0-427.37.1.el9_4.x86_64  CompilerName: GCC  CompilerVersion: 8.4.0
ProgramName: mri_edit_wm_with_aseg  ProgramArguments: mri_edit_wm_with_aseg -all-info  ProgramVersion: 7.3.2  TimeStamp: 2026/03/12-11:22:34-GMT  BuildTime: Aug  4 2022 06:17:15  BuildStamp: freesurfer-linux-ubuntu22_x86_64-7.3.2-20220804-6354275  User: oesteban  Machine: dna085  Platform: Linux  PlatformVersion: 5.14.0-427.37.1.el9_4.x86_64  CompilerName: GCC  CompilerVersion: 8.4.0
ProgramName: mri_em_register  ProgramArguments: mri_em_register -all-info  ProgramVersion: 7.3.2  TimeStamp: 2026/03/12-11:22:34-GMT  BuildTime: Aug  4 2022 06:17:15  BuildStamp: freesurfer-linux-ubuntu22_x86_64-7.3.2-20220804-6354275  User: oesteban  Machine: dna085  Platform: Linux  PlatformVersion: 5.14.0-427.37.1.el9_4.x86_64  CompilerName: GCC  CompilerVersion: 8.4.0
ProgramName: mri_fill  ProgramArguments: mri_fill -all-info  ProgramVersion: 7.3.2  TimeStamp: 2026/03/12-11:22:34-GMT  BuildTime: Aug  4 2022 06:17:15  BuildStamp: freesurfer-linux-ubuntu22_x86_64-7.3.2-20220804-6354275  User: oesteban  Machine: dna085  Platform: Linux  PlatformVersion: 5.14.0-427.37.1.el9_4.x86_64  CompilerName: GCC  CompilerVersion: 8.4.0
ProgramName: mri_fuse_segmentations  ProgramArguments: mri_fuse_segmentations -all-info  ProgramVersion: 7.3.2  TimeStamp: 2026/03/12-11:22:34-GMT  BuildTime: Aug  4 2022 06:17:15  BuildStamp: freesurfer-linux-ubuntu22_x86_64-7.3.2-20220804-6354275  User: oesteban  Machine: dna085  Platform: Linux  PlatformVersion: 5.14.0-427.37.1.el9_4.x86_64  CompilerName: GCC  CompilerVersion: 8.4.0
ProgramName: mri_fwhm  ProgramArguments: mri_fwhm -all-info  ProgramVersion: 7.3.2  TimeStamp: 2026/03/12-11:22:34-GMT  BuildTime: Aug  4 2022 06:17:15  BuildStamp: freesurfer-linux-ubuntu22_x86_64-7.3.2-20220804-6354275  User: oesteban  Machine: dna085  Platform: Linux  PlatformVersion: 5.14.0-427.37.1.el9_4.x86_64  CompilerName: GCC  CompilerVersion: 8.4.0
ProgramName: mri_gcut  ProgramArguments: mri_gcut -all-info  ProgramVersion: 7.3.2  TimeStamp: 2026/03/12-11:22:34-GMT  BuildTime: Aug  4 2022 06:17:15  BuildStamp: freesurfer-linux-ubuntu22_x86_64-7.3.2-20220804-6354275  User: oesteban  Machine: dna085  Platform: Linux  PlatformVersion: 5.14.0-427.37.1.el9_4.x86_64  CompilerName: GCC  CompilerVersion: 8.4.0
ProgramName: mri_info  ProgramArguments: mri_info -all-info  ProgramVersion: 7.3.2  TimeStamp: 2026/03/12-11:22:34-GMT  BuildTime: Aug  4 2022 06:17:15  BuildStamp: freesurfer-linux-ubuntu22_x86_64-7.3.2-20220804-6354275  User: oesteban  Machine: dna085  Platform: Linux  PlatformVersion: 5.14.0-427.37.1.el9_4.x86_64  CompilerName: GCC  CompilerVersion: 8.4.0
ProgramName: mri_label2label  ProgramArguments: mri_label2label -all-info  ProgramVersion: 7.3.2  TimeStamp: 2026/03/12-11:22:34-GMT  BuildTime: Aug  4 2022 06:17:15  BuildStamp: freesurfer-linux-ubuntu22_x86_64-7.3.2-20220804-6354275  User: oesteban  Machine: dna085  Platform: Linux  PlatformVersion: 5.14.0-427.37.1.el9_4.x86_64  CompilerName: GCC  CompilerVersion: 8.4.0
ProgramName: mri_label2vol  ProgramArguments: mri_label2vol -all-info  ProgramVersion: 7.3.2  TimeStamp: 2026/03/12-11:22:34-GMT  BuildTime: Aug  4 2022 06:17:15  BuildStamp: freesurfer-linux-ubuntu22_x86_64-7.3.2-20220804-6354275  User: oesteban  Machine: dna085  Platform: Linux  PlatformVersion: 5.14.0-427.37.1.el9_4.x86_64  CompilerName: GCC  CompilerVersion: 8.4.0
ProgramName: mri_log_likelihood  ProgramArguments: mri_log_likelihood -all-info  ProgramVersion: 7.3.2  TimeStamp: 2026/03/12-11:22:34-GMT  BuildTime: Aug  4 2022 06:17:15  BuildStamp: freesurfer-linux-ubuntu22_x86_64-7.3.2-20220804-6354275  User: oesteban  Machine: dna085  Platform: Linux  PlatformVersion: 5.14.0-427.37.1.el9_4.x86_64  CompilerName: GCC  CompilerVersion: 8.4.0
ProgramName: mri_mask  ProgramArguments: mri_mask -all-info  ProgramVersion: 7.3.2  TimeStamp: 2026/03/12-11:22:34-GMT  BuildTime: Aug  4 2022 06:17:15  BuildStamp: freesurfer-linux-ubuntu22_x86_64-7.3.2-20220804-6354275  User: oesteban  Machine: dna085  Platform: Linux  PlatformVersion: 5.14.0-427.37.1.el9_4.x86_64  CompilerName: GCC  CompilerVersion: 8.4.0
ProgramName: mri_matrix_multiply  ProgramArguments: mri_matrix_multiply -all-info  ProgramVersion: 7.3.2  TimeStamp: 2026/03/12-11:22:34-GMT  BuildTime: Aug  4 2022 06:17:15  BuildStamp: freesurfer-linux-ubuntu22_x86_64-7.3.2-20220804-6354275  User: oesteban  Machine: dna085  Platform: Linux  PlatformVersion: 5.14.0-427.37.1.el9_4.x86_64  CompilerName: GCC  CompilerVersion: 8.4.0
ProgramName: mri_normalize  ProgramArguments: mri_normalize -all-info  ProgramVersion: 7.3.2  TimeStamp: 2026/03/12-11:22:34-GMT  BuildTime: Aug  4 2022 06:17:15  BuildStamp: freesurfer-linux-ubuntu22_x86_64-7.3.2-20220804-6354275  User: oesteban  Machine: dna085  Platform: Linux  PlatformVersion: 5.14.0-427.37.1.el9_4.x86_64  CompilerName: GCC  CompilerVersion: 8.4.0
ProgramName: mri_normalize_tp2  ProgramArguments: mri_normalize_tp2 -all-info  ProgramVersion: 7.3.2  TimeStamp: 2026/03/12-11:22:34-GMT  BuildTime: Aug  4 2022 06:17:15  BuildStamp: freesurfer-linux-ubuntu22_x86_64-7.3.2-20220804-6354275  User: oesteban  Machine: dna085  Platform: Linux  PlatformVersion: 5.14.0-427.37.1.el9_4.x86_64  CompilerName: GCC  CompilerVersion: 8.4.0
ProgramName: mri_or  ProgramArguments: mri_or -all-info  ProgramVersion: 7.3.2  TimeStamp: 2026/03/12-11:22:34-GMT  BuildTime: Aug  4 2022 06:17:15  BuildStamp: freesurfer-linux-ubuntu22_x86_64-7.3.2-20220804-6354275  User: oesteban  Machine: dna085  Platform: Linux  PlatformVersion: 5.14.0-427.37.1.el9_4.x86_64  CompilerName: GCC  CompilerVersion: 8.4.0
ProgramName: mri_relabel_hypointensities  ProgramArguments: mri_relabel_hypointensities -all-info  ProgramVersion: 7.3.2  TimeStamp: 2026/03/12-11:22:34-GMT  BuildTime: Aug  4 2022 06:17:15  BuildStamp: freesurfer-linux-ubuntu22_x86_64-7.3.2-20220804-6354275  User: oesteban  Machine: dna085  Platform: Linux  PlatformVersion: 5.14.0-427.37.1.el9_4.x86_64  CompilerName: GCC  CompilerVersion: 8.4.0
ProgramName: mri_relabel_nonwm_hypos  ProgramArguments: mri_relabel_nonwm_hypos -all-info  ProgramVersion: 7.3.2  TimeStamp: 2026/03/12-11:22:34-GMT  BuildTime: Aug  4 2022 06:17:15  BuildStamp: freesurfer-linux-ubuntu22_x86_64-7.3.2-20220804-6354275  User: oesteban  Machine: dna085  Platform: Linux  PlatformVersion: 5.14.0-427.37.1.el9_4.x86_64  CompilerName: GCC  CompilerVersion: 8.4.0
ProgramName: mri_remove_neck  ProgramArguments: mri_remove_neck -all-info  ProgramVersion: 7.3.2  TimeStamp: 2026/03/12-11:22:34-GMT  BuildTime: Aug  4 2022 06:17:15  BuildStamp: freesurfer-linux-ubuntu22_x86_64-7.3.2-20220804-6354275  User: oesteban  Machine: dna085  Platform: Linux  PlatformVersion: 5.14.0-427.37.1.el9_4.x86_64  CompilerName: GCC  CompilerVersion: 8.4.0
7.3.2

ProgramName: mri_robust_register  ProgramArguments: mri_robust_register -all-info  ProgramVersion: 7.3.2  TimeStamp: 2026/03/12-11:22:34-GMT  BuildTime: Aug  4 2022 06:17:15  BuildStamp: freesurfer-linux-ubuntu22_x86_64-7.3.2-20220804-6354275  User: oesteban  Machine: dna085  Platform: Linux  PlatformVersion: 5.14.0-427.37.1.el9_4.x86_64  CompilerName: GCC  CompilerVersion: 8.4.0
7.3.2

ProgramName: mri_robust_template  ProgramArguments: mri_robust_template -all-info  ProgramVersion: 7.3.2  TimeStamp: 2026/03/12-11:22:34-GMT  BuildTime: Aug  4 2022 06:17:15  BuildStamp: freesurfer-linux-ubuntu22_x86_64-7.3.2-20220804-6354275  User: oesteban  Machine: dna085  Platform: Linux  PlatformVersion: 5.14.0-427.37.1.el9_4.x86_64  CompilerName: GCC  CompilerVersion: 8.4.0
ProgramName: mris_anatomical_stats  ProgramArguments: mris_anatomical_stats -all-info  ProgramVersion: 7.3.2  TimeStamp: 2026/03/12-11:22:34-GMT  BuildTime: Aug  4 2022 06:17:15  BuildStamp: freesurfer-linux-ubuntu22_x86_64-7.3.2-20220804-6354275  User: oesteban  Machine: dna085  Platform: Linux  PlatformVersion: 5.14.0-427.37.1.el9_4.x86_64  CompilerName: GCC  CompilerVersion: 8.4.0
ProgramName: mris_ca_label  ProgramArguments: mris_ca_label -all-info  ProgramVersion: 7.3.2  TimeStamp: 2026/03/12-11:22:34-GMT  BuildTime: Aug  4 2022 06:17:15  BuildStamp: freesurfer-linux-ubuntu22_x86_64-7.3.2-20220804-6354275  User: oesteban  Machine: dna085  Platform: Linux  PlatformVersion: 5.14.0-427.37.1.el9_4.x86_64  CompilerName: GCC  CompilerVersion: 8.4.0
ProgramName: mris_calc  ProgramArguments: mris_calc -all-info  ProgramVersion: 7.3.2  TimeStamp: 2026/03/12-11:22:34-GMT  BuildTime: Aug  4 2022 06:17:15  BuildStamp: freesurfer-linux-ubuntu22_x86_64-7.3.2-20220804-6354275  User: oesteban  Machine: dna085  Platform: Linux  PlatformVersion: 5.14.0-427.37.1.el9_4.x86_64  CompilerName: GCC  CompilerVersion: 8.4.0
ProgramName: mris_convert  ProgramArguments: mris_convert -all-info  ProgramVersion: 7.3.2  TimeStamp: 2026/03/12-11:22:34-GMT  BuildTime: Aug  4 2022 06:17:15  BuildStamp: freesurfer-linux-ubuntu22_x86_64-7.3.2-20220804-6354275  User: oesteban  Machine: dna085  Platform: Linux  PlatformVersion: 5.14.0-427.37.1.el9_4.x86_64  CompilerName: GCC  CompilerVersion: 8.4.0
ProgramName: mris_curvature  ProgramArguments: mris_curvature -all-info  ProgramVersion: 7.3.2  TimeStamp: 2026/03/12-11:22:34-GMT  BuildTime: Aug  4 2022 06:17:15  BuildStamp: freesurfer-linux-ubuntu22_x86_64-7.3.2-20220804-6354275  User: oesteban  Machine: dna085  Platform: Linux  PlatformVersion: 5.14.0-427.37.1.el9_4.x86_64  CompilerName: GCC  CompilerVersion: 8.4.0
ProgramName: mris_curvature_stats  ProgramArguments: mris_curvature_stats -all-info  ProgramVersion: 7.3.2  TimeStamp: 2026/03/12-11:22:34-GMT  BuildTime: Aug  4 2022 06:17:15  BuildStamp: freesurfer-linux-ubuntu22_x86_64-7.3.2-20220804-6354275  User: oesteban  Machine: dna085  Platform: Linux  PlatformVersion: 5.14.0-427.37.1.el9_4.x86_64  CompilerName: GCC  CompilerVersion: 8.4.0
ProgramName: mris_diff  ProgramArguments: mris_diff -all-info  ProgramVersion: 7.3.2  TimeStamp: 2026/03/12-11:22:34-GMT  BuildTime: Aug  4 2022 06:17:15  BuildStamp: freesurfer-linux-ubuntu22_x86_64-7.3.2-20220804-6354275  User: oesteban  Machine: dna085  Platform: Linux  PlatformVersion: 5.14.0-427.37.1.el9_4.x86_64  CompilerName: GCC  CompilerVersion: 8.4.0
ProgramName: mris_divide_parcellation  ProgramArguments: mris_divide_parcellation -all-info  ProgramVersion: 7.3.2  TimeStamp: 2026/03/12-11:22:34-GMT  BuildTime: Aug  4 2022 06:17:15  BuildStamp: freesurfer-linux-ubuntu22_x86_64-7.3.2-20220804-6354275  User: oesteban  Machine: dna085  Platform: Linux  PlatformVersion: 5.14.0-427.37.1.el9_4.x86_64  CompilerName: GCC  CompilerVersion: 8.4.0
ProgramName: mri_segment  ProgramArguments: mri_segment -all-info  ProgramVersion: 7.3.2  TimeStamp: 2026/03/12-11:22:34-GMT  BuildTime: Aug  4 2022 06:17:15  BuildStamp: freesurfer-linux-ubuntu22_x86_64-7.3.2-20220804-6354275  User: oesteban  Machine: dna085  Platform: Linux  PlatformVersion: 5.14.0-427.37.1.el9_4.x86_64  CompilerName: GCC  CompilerVersion: 8.4.0
ProgramName: mri_segstats  ProgramArguments: mri_segstats -all-info  ProgramVersion: 7.3.2  TimeStamp: 2026/03/12-11:22:34-GMT  BuildTime: Aug  4 2022 06:17:15  BuildStamp: freesurfer-linux-ubuntu22_x86_64-7.3.2-20220804-6354275  User: oesteban  Machine: dna085  Platform: Linux  PlatformVersion: 5.14.0-427.37.1.el9_4.x86_64  CompilerName: GCC  CompilerVersion: 8.4.0
ProgramName: mris_euler_number  ProgramArguments: mris_euler_number -all-info  ProgramVersion: 7.3.2  TimeStamp: 2026/03/12-11:22:34-GMT  BuildTime: Aug  4 2022 06:17:15  BuildStamp: freesurfer-linux-ubuntu22_x86_64-7.3.2-20220804-6354275  User: oesteban  Machine: dna085  Platform: Linux  PlatformVersion: 5.14.0-427.37.1.el9_4.x86_64  CompilerName: GCC  CompilerVersion: 8.4.0
ProgramName: mris_fix_topology  ProgramArguments: mris_fix_topology -all-info  ProgramVersion: 7.3.2  TimeStamp: 2026/03/12-11:22:34-GMT  BuildTime: Aug  4 2022 06:17:15  BuildStamp: freesurfer-linux-ubuntu22_x86_64-7.3.2-20220804-6354275  User: oesteban  Machine: dna085  Platform: Linux  PlatformVersion: 5.14.0-427.37.1.el9_4.x86_64  CompilerName: GCC  CompilerVersion: 8.4.0
ProgramName: mris_topo_fixer  ProgramArguments: mris_topo_fixer -all-info  ProgramVersion: 7.3.2  TimeStamp: 2026/03/12-11:22:34-GMT  BuildTime: Aug  4 2022 06:17:15  BuildStamp: freesurfer-linux-ubuntu22_x86_64-7.3.2-20220804-6354275  User: oesteban  Machine: dna085  Platform: Linux  PlatformVersion: 5.14.0-427.37.1.el9_4.x86_64  CompilerName: GCC  CompilerVersion: 8.4.0
ProgramName: mris_jacobian  ProgramArguments: mris_jacobian -all-info  ProgramVersion: 7.3.2  TimeStamp: 2026/03/12-11:22:34-GMT  BuildTime: Aug  4 2022 06:17:15  BuildStamp: freesurfer-linux-ubuntu22_x86_64-7.3.2-20220804-6354275  User: oesteban  Machine: dna085  Platform: Linux  PlatformVersion: 5.14.0-427.37.1.el9_4.x86_64  CompilerName: GCC  CompilerVersion: 8.4.0
ProgramName: mris_label2annot  ProgramArguments: mris_label2annot -all-info  ProgramVersion: 7.3.2  TimeStamp: 2026/03/12-11:22:34-GMT  BuildTime: Aug  4 2022 06:17:15  BuildStamp: freesurfer-linux-ubuntu22_x86_64-7.3.2-20220804-6354275  User: oesteban  Machine: dna085  Platform: Linux  PlatformVersion: 5.14.0-427.37.1.el9_4.x86_64  CompilerName: GCC  CompilerVersion: 8.4.0
ProgramName: mris_left_right_register  ProgramArguments: mris_left_right_register -all-info  ProgramVersion: 7.3.2  TimeStamp: 2026/03/12-11:22:34-GMT  BuildTime: Aug  4 2022 06:17:15  BuildStamp: freesurfer-linux-ubuntu22_x86_64-7.3.2-20220804-6354275  User: oesteban  Machine: dna085  Platform: Linux  PlatformVersion: 5.14.0-427.37.1.el9_4.x86_64  CompilerName: GCC  CompilerVersion: 8.4.0
ProgramName: mris_place_surface  ProgramArguments: mris_place_surface -all-info  ProgramVersion: 7.3.2  TimeStamp: 2026/03/12-11:22:34-GMT  BuildTime: Aug  4 2022 06:17:15  BuildStamp: freesurfer-linux-ubuntu22_x86_64-7.3.2-20220804-6354275  User: oesteban  Machine: dna085  Platform: Linux  PlatformVersion: 5.14.0-427.37.1.el9_4.x86_64  CompilerName: GCC  CompilerVersion: 8.4.0
ProgramName: mrisp_paint  ProgramArguments: mrisp_paint -all-info  ProgramVersion: 7.3.2  TimeStamp: 2026/03/12-11:22:34-GMT  BuildTime: Aug  4 2022 06:17:15  BuildStamp: freesurfer-linux-ubuntu22_x86_64-7.3.2-20220804-6354275  User: oesteban  Machine: dna085  Platform: Linux  PlatformVersion: 5.14.0-427.37.1.el9_4.x86_64  CompilerName: GCC  CompilerVersion: 8.4.0
ProgramName: mris_register  ProgramArguments: mris_register -all-info  ProgramVersion: 7.3.2  TimeStamp: 2026/03/12-11:22:34-GMT  BuildTime: Aug  4 2022 06:17:15  BuildStamp: freesurfer-linux-ubuntu22_x86_64-7.3.2-20220804-6354275  User: oesteban  Machine: dna085  Platform: Linux  PlatformVersion: 5.14.0-427.37.1.el9_4.x86_64  CompilerName: GCC  CompilerVersion: 8.4.0
ProgramName: mris_smooth  ProgramArguments: mris_smooth -all-info  ProgramVersion: 7.3.2  TimeStamp: 2026/03/12-11:22:34-GMT  BuildTime: Aug  4 2022 06:17:15  BuildStamp: freesurfer-linux-ubuntu22_x86_64-7.3.2-20220804-6354275  User: oesteban  Machine: dna085  Platform: Linux  PlatformVersion: 5.14.0-427.37.1.el9_4.x86_64  CompilerName: GCC  CompilerVersion: 8.4.0
ProgramName: mris_sphere  ProgramArguments: mris_sphere -all-info  ProgramVersion: 7.3.2  TimeStamp: 2026/03/12-11:22:34-GMT  BuildTime: Aug  4 2022 06:17:15  BuildStamp: freesurfer-linux-ubuntu22_x86_64-7.3.2-20220804-6354275  User: oesteban  Machine: dna085  Platform: Linux  PlatformVersion: 5.14.0-427.37.1.el9_4.x86_64  CompilerName: GCC  CompilerVersion: 8.4.0
ProgramName: mris_surface_stats  ProgramArguments: mris_surface_stats -all-info  ProgramVersion: 7.3.2  TimeStamp: 2026/03/12-11:22:34-GMT  BuildTime: Aug  4 2022 06:17:15  BuildStamp: freesurfer-linux-ubuntu22_x86_64-7.3.2-20220804-6354275  User: oesteban  Machine: dna085  Platform: Linux  PlatformVersion: 5.14.0-427.37.1.el9_4.x86_64  CompilerName: GCC  CompilerVersion: 8.4.0
ProgramName: mri_stats2seg  ProgramArguments: mri_stats2seg -all-info  ProgramVersion: 7.3.2  TimeStamp: 2026/03/12-11:22:34-GMT  BuildTime: Aug  4 2022 06:17:15  BuildStamp: freesurfer-linux-ubuntu22_x86_64-7.3.2-20220804-6354275  User: oesteban  Machine: dna085  Platform: Linux  PlatformVersion: 5.14.0-427.37.1.el9_4.x86_64  CompilerName: GCC  CompilerVersion: 8.4.0
ProgramName: mris_thickness  ProgramArguments: mris_thickness -all-info  ProgramVersion: 7.3.2  TimeStamp: 2026/03/12-11:22:34-GMT  BuildTime: Aug  4 2022 06:17:15  BuildStamp: freesurfer-linux-ubuntu22_x86_64-7.3.2-20220804-6354275  User: oesteban  Machine: dna085  Platform: Linux  PlatformVersion: 5.14.0-427.37.1.el9_4.x86_64  CompilerName: GCC  CompilerVersion: 8.4.0
ProgramName: mris_thickness_diff  ProgramArguments: mris_thickness_diff -all-info  ProgramVersion: 7.3.2  TimeStamp: 2026/03/12-11:22:34-GMT  BuildTime: Aug  4 2022 06:17:15  BuildStamp: freesurfer-linux-ubuntu22_x86_64-7.3.2-20220804-6354275  User: oesteban  Machine: dna085  Platform: Linux  PlatformVersion: 5.14.0-427.37.1.el9_4.x86_64  CompilerName: GCC  CompilerVersion: 8.4.0
ProgramName: mris_topo_fixer  ProgramArguments: mris_topo_fixer -all-info  ProgramVersion: 7.3.2  TimeStamp: 2026/03/12-11:22:34-GMT  BuildTime: Aug  4 2022 06:17:15  BuildStamp: freesurfer-linux-ubuntu22_x86_64-7.3.2-20220804-6354275  User: oesteban  Machine: dna085  Platform: Linux  PlatformVersion: 5.14.0-427.37.1.el9_4.x86_64  CompilerName: GCC  CompilerVersion: 8.4.0
ProgramName: mri_surf2surf  ProgramArguments: mri_surf2surf -all-info  ProgramVersion: 7.3.2  TimeStamp: 2026/03/12-11:22:34-GMT  BuildTime: Aug  4 2022 06:17:15  BuildStamp: freesurfer-linux-ubuntu22_x86_64-7.3.2-20220804-6354275  User: oesteban  Machine: dna085  Platform: Linux  PlatformVersion: 5.14.0-427.37.1.el9_4.x86_64  CompilerName: GCC  CompilerVersion: 8.4.0
ProgramName: mri_surf2vol  ProgramArguments: mri_surf2vol -all-info  ProgramVersion: 7.3.2  TimeStamp: 2026/03/12-11:22:34-GMT  BuildTime: Aug  4 2022 06:17:15  BuildStamp: freesurfer-linux-ubuntu22_x86_64-7.3.2-20220804-6354275  User: oesteban  Machine: dna085  Platform: Linux  PlatformVersion: 5.14.0-427.37.1.el9_4.x86_64  CompilerName: GCC  CompilerVersion: 8.4.0
ProgramName: mri_surfcluster  ProgramArguments: mri_surfcluster -all-info  ProgramVersion: 7.3.2  TimeStamp: 2026/03/12-11:22:34-GMT  BuildTime: Aug  4 2022 06:17:15  BuildStamp: freesurfer-linux-ubuntu22_x86_64-7.3.2-20220804-6354275  User: oesteban  Machine: dna085  Platform: Linux  PlatformVersion: 5.14.0-427.37.1.el9_4.x86_64  CompilerName: GCC  CompilerVersion: 8.4.0
ProgramName: mris_volmask  ProgramArguments: mris_volmask -all-info  ProgramVersion: 7.3.2  TimeStamp: 2026/03/12-11:22:34-GMT  BuildTime: Aug  4 2022 06:17:15  BuildStamp: freesurfer-linux-ubuntu22_x86_64-7.3.2-20220804-6354275  User: oesteban  Machine: dna085  Platform: Linux  PlatformVersion: 5.14.0-427.37.1.el9_4.x86_64  CompilerName: GCC  CompilerVersion: 8.4.0
ProgramName: mri_tessellate  ProgramArguments: mri_tessellate -all-info  ProgramVersion: 7.3.2  TimeStamp: 2026/03/12-11:22:34-GMT  BuildTime: Aug  4 2022 06:17:15  BuildStamp: freesurfer-linux-ubuntu22_x86_64-7.3.2-20220804-6354275  User: oesteban  Machine: dna085  Platform: Linux  PlatformVersion: 5.14.0-427.37.1.el9_4.x86_64  CompilerName: GCC  CompilerVersion: 8.4.0
ProgramName: mri_vol2surf  ProgramArguments: mri_vol2surf -all-info  ProgramVersion: 7.3.2  TimeStamp: 2026/03/12-11:22:34-GMT  BuildTime: Aug  4 2022 06:17:15  BuildStamp: freesurfer-linux-ubuntu22_x86_64-7.3.2-20220804-6354275  User: oesteban  Machine: dna085  Platform: Linux  PlatformVersion: 5.14.0-427.37.1.el9_4.x86_64  CompilerName: GCC  CompilerVersion: 8.4.0
ProgramName: mri_vol2vol  ProgramArguments: mri_vol2vol -all-info  ProgramVersion: 7.3.2  TimeStamp: 2026/03/12-11:22:34-GMT  BuildTime: Aug  4 2022 06:17:15  BuildStamp: freesurfer-linux-ubuntu22_x86_64-7.3.2-20220804-6354275  User: oesteban  Machine: dna085  Platform: Linux  PlatformVersion: 5.14.0-427.37.1.el9_4.x86_64  CompilerName: GCC  CompilerVersion: 8.4.0
ProgramName: mri_voldiff  ProgramArguments: mri_voldiff -all-info  ProgramVersion: 7.3.2  TimeStamp: 2026/03/12-11:22:34-GMT  BuildTime: Aug  4 2022 06:17:15  BuildStamp: freesurfer-linux-ubuntu22_x86_64-7.3.2-20220804-6354275  User: oesteban  Machine: dna085  Platform: Linux  PlatformVersion: 5.14.0-427.37.1.el9_4.x86_64  CompilerName: GCC  CompilerVersion: 8.4.0
ProgramName: mri_watershed  ProgramArguments: mri_watershed -all-info  ProgramVersion: 7.3.2  TimeStamp: 2026/03/12-11:22:34-GMT  BuildTime: Aug  4 2022 06:17:15  BuildStamp: freesurfer-linux-ubuntu22_x86_64-7.3.2-20220804-6354275  User: oesteban  Machine: dna085  Platform: Linux  PlatformVersion: 5.14.0-427.37.1.el9_4.x86_64  CompilerName: GCC  CompilerVersion: 8.4.0
ProgramName: tkregister2  ProgramArguments: tkregister2_cmdl -all-info  ProgramVersion: 7.3.2  TimeStamp: 2026/03/12-11:22:34-GMT  BuildTime: Aug  4 2022 06:17:15  BuildStamp: freesurfer-linux-ubuntu22_x86_64-7.3.2-20220804-6354275  User: oesteban  Machine: dna085  Platform: Linux  PlatformVersion: 5.14.0-427.37.1.el9_4.x86_64  CompilerName: GCC  CompilerVersion: 8.4.0
mri_motion_correct.fsl 7.3.2
mri_convert -all-info 
ProgramName: mri_convert  ProgramArguments: mri_convert -all-info  ProgramVersion: 7.3.2  TimeStamp: 2026/03/12-11:22:34-GMT  BuildTime: Aug  4 2022 06:17:15  BuildStamp: freesurfer-linux-ubuntu22_x86_64-7.3.2-20220804-6354275  User: oesteban  Machine: dna085  Platform: Linux  PlatformVersion: 5.14.0-427.37.1.el9_4.x86_64  CompilerName: GCC  CompilerVersion: 8.4.0
Program nu_correct, built from:
Package MNI N3, version 1.12.0, compiled by nicks@terrier (x86_64-unknown-linux-gnu) on 2015-06-19 at 01:25:34
#######################################
GCADIR /opt/freesurfer/average
GCA RB_all_2020-01-02.gca
GCASkull RB_all_withskull_2020_01_02.gca
AvgCurvTif folding.atlas.acfb40.noaparc.i12.2016-08-02.tif
GCSDIR /opt/freesurfer/average
GCS DKaparc.atlas.acfb40.noaparc.i12.2016-08-02.gcs
#######################################
#--------------------------------------------
#@# Tessellate rh Thu Mar 12 12:22:35 CET 2026
/out/sourcedata/freesurfer/sub-v1s11x0050155_ses-1/scripts

 mri_pretess ../mri/filled.mgz 127 ../mri/norm.mgz ../mri/filled-pretess127.mgz 


Iteration Number : 1
pass   1 (xy+):   1 found -   1 modified     |    TOTAL:   1
pass   2 (xy+):   0 found -   1 modified     |    TOTAL:   1
pass   1 (xy-):   0 found -   0 modified     |    TOTAL:   1
pass   1 (yz+):  14 found -  14 modified     |    TOTAL:  15
pass   2 (yz+):   0 found -  14 modified     |    TOTAL:  15
pass   1 (yz-):   5 found -   5 modified     |    TOTAL:  20
pass   2 (yz-):   0 found -   5 modified     |    TOTAL:  20
pass   1 (xz+):   0 found -   0 modified     |    TOTAL:  20
pass   1 (xz-):   0 found -   0 modified     |    TOTAL:  20
Iteration Number : 1
pass   1 (+++):   0 found -   0 modified     |    TOTAL:   0
pass   1 (+++):   0 found -   0 modified     |    TOTAL:   0
pass   1 (+++):   0 found -   0 modified     |    TOTAL:   0
pass   1 (+++):   0 found -   0 modified     |    TOTAL:   0
Iteration Number : 1
pass   1 (++):   0 found -   0 modified     |    TOTAL:   0
pass   1 (+-):   0 found -   0 modified     |    TOTAL:   0
pass   1 (--):   0 found -   0 modified     |    TOTAL:   0
pass   1 (-+):   0 found -   0 modified     |    TOTAL:   0
Iteration Number : 2
pass   1 (xy+):   0 found -   0 modified     |    TOTAL:   0
pass   1 (xy-):   0 found -   0 modified     |    TOTAL:   0
pass   1 (yz+):   1 found -   1 modified     |    TOTAL:   1
pass   2 (yz+):   0 found -   1 modified     |    TOTAL:   1
pass   1 (yz-):   0 found -   0 modified     |    TOTAL:   1
pass   1 (xz+):   0 found -   0 modified     |    TOTAL:   1
pass   1 (xz-):   0 found -   0 modified     |    TOTAL:   1
Iteration Number : 2
pass   1 (+++):   0 found -   0 modified     |    TOTAL:   0
pass   1 (+++):   0 found -   0 modified     |    TOTAL:   0
pass   1 (+++):   0 found -   0 modified     |    TOTAL:   0
pass   1 (+++):   0 found -   0 modified     |    TOTAL:   0
Iteration Number : 2
pass   1 (++):   0 found -   0 modified     |    TOTAL:   0
pass   1 (+-):   0 found -   0 modified     |    TOTAL:   0
pass   1 (--):   0 found -   0 modified     |    TOTAL:   0
pass   1 (-+):   0 found -   0 modified     |    TOTAL:   0
Iteration Number : 3
pass   1 (xy+):   0 found -   0 modified     |    TOTAL:   0
pass   1 (xy-):   0 found -   0 modified     |    TOTAL:   0
pass   1 (yz+):   0 found -   0 modified     |    TOTAL:   0
pass   1 (yz-):   0 found -   0 modified     |    TOTAL:   0
pass   1 (xz+):   0 found -   0 modified     |    TOTAL:   0
pass   1 (xz-):   0 found -   0 modified     |    TOTAL:   0
Iteration Number : 3
pass   1 (+++):   0 found -   0 modified     |    TOTAL:   0
pass   1 (+++):   0 found -   0 modified     |    TOTAL:   0
pass   1 (+++):   0 found -   0 modified     |    TOTAL:   0
pass   1 (+++):   0 found -   0 modified     |    TOTAL:   0
Iteration Number : 3
pass   1 (++):   0 found -   0 modified     |    TOTAL:   0
pass   1 (+-):   0 found -   0 modified     |    TOTAL:   0
pass   1 (--):   0 found -   0 modified     |    TOTAL:   0
pass   1 (-+):   0 found -   0 modified     |    TOTAL:   0

Total Number of Modified Voxels = 21 (out of 316007: 0.006645)
Ambiguous edge configurations... 

mri_pretess done


 mri_tessellate ../mri/filled-pretess127.mgz 127 ../surf/rh.orig.nofix 

7.3.2
  7.3.2
slice 40: 1635 vertices, 1756 faces
slice 50: 7155 vertices, 7380 faces
slice 60: 16013 vertices, 16378 faces
slice 70: 27572 vertices, 27965 faces
slice 80: 39961 vertices, 40401 faces
slice 90: 52088 vertices, 52480 faces
slice 100: 64013 vertices, 64428 faces
slice 110: 76443 vertices, 76874 faces
slice 120: 88653 vertices, 89040 faces
slice 130: 99831 vertices, 100245 faces
slice 140: 111573 vertices, 111998 faces
slice 150: 122432 vertices, 122859 faces
slice 160: 132029 vertices, 132347 faces
slice 170: 140401 vertices, 140687 faces
slice 180: 147433 vertices, 147664 faces
slice 190: 152989 vertices, 153198 faces
slice 200: 156763 vertices, 156894 faces
slice 210: 157524 vertices, 157548 faces
slice 220: 157524 vertices, 157548 faces
slice 230: 157524 vertices, 157548 faces
slice 240: 157524 vertices, 157548 faces
slice 250: 157524 vertices, 157548 faces
using the conformed surface RAS to save vertex points...
writing ../surf/rh.orig.nofix
using vox2ras matrix:
-1.00000   0.00000   0.00000   128.00000;
 0.00000   0.00000   1.00000  -128.00000;
 0.00000  -1.00000   0.00000   128.00000;
 0.00000   0.00000   0.00000   1.00000;

 rm -f ../mri/filled-pretess127.mgz 


 mris_extract_main_component ../surf/rh.orig.nofix ../surf/rh.orig.nofix 


counting number of connected components...
   157524 voxel in cpt #1: X=-24 [v=157524,e=472644,f=315096] located at (28.967281, -15.195723, 5.449900)
For the whole surface: X=-24 [v=157524,e=472644,f=315096]
One single component has been found
nothing to do
done

#--------------------------------------------
#@# Smooth1 rh Thu Mar 12 12:22:37 CET 2026
/out/sourcedata/freesurfer/sub-v1s11x0050155_ses-1/scripts

 mris_smooth -nw -seed 1234 ../surf/rh.orig.nofix ../surf/rh.smoothwm.nofix 

setting seed for random number generator to 1234
smoothing surface tessellation for 10 iterations...
smoothing complete - recomputing first and second fundamental forms...
#--------------------------------------------
#@# Inflation1 rh Thu Mar 12 12:22:40 CET 2026
/out/sourcedata/freesurfer/sub-v1s11x0050155_ses-1/scripts

 mris_inflate -no-save-sulc ../surf/rh.smoothwm.nofix ../surf/rh.inflated.nofix 

Not saving sulc
Reading ../surf/rh.smoothwm.nofix
avg radius = 49.5 mm, total surface area = 86457 mm^2
step 000: RMS=0.145 (target=0.015)   step 005: RMS=0.111 (target=0.015)   step 010: RMS=0.082 (target=0.015)   step 015: RMS=0.068 (target=0.015)   step 020: RMS=0.058 (target=0.015)   step 025: RMS=0.050 (target=0.015)   step 030: RMS=0.044 (target=0.015)   step 035: RMS=0.039 (target=0.015)   step 040: RMS=0.037 (target=0.015)   step 045: RMS=0.034 (target=0.015)   step 050: RMS=0.033 (target=0.015)   step 055: RMS=0.033 (target=0.015)   step 060: RMS=0.032 (target=0.015)   writing inflated surface to ../surf/rh.inflated.nofix
inflation took 0.2 minutes

inflation complete.
Not saving sulc
mris_inflate utimesec    52.338689
mris_inflate stimesec    2.451825
mris_inflate ru_maxrss   247168
mris_inflate ru_ixrss    0
mris_inflate ru_idrss    0
mris_inflate ru_isrss    0
mris_inflate ru_minflt   875475
mris_inflate ru_majflt   5
mris_inflate ru_nswap    0
mris_inflate ru_inblock  0
mris_inflate ru_oublock  11080
mris_inflate ru_msgsnd   0
mris_inflate ru_msgrcv   0
mris_inflate ru_nsignals 0
mris_inflate ru_nvcsw    5892
mris_inflate ru_nivcsw   327
#--------------------------------------------
#@# QSphere rh Thu Mar 12 12:22:52 CET 2026
/out/sourcedata/freesurfer/sub-v1s11x0050155_ses-1/scripts

 mris_sphere -q -p 6 -a 128 -seed 1234 ../surf/rh.inflated.nofix ../surf/rh.qsphere.nofix 

doing quick spherical unfolding.
limitting unfolding to 6 passes
using n_averages = 128
setting seed for random number genererator to 1234
version: 7.3.2
available threads: 16
scaling brain by 0.289...
inflating...
projecting onto sphere...
surface projected - minimizing metric distortion...
vertex spacing 0.93 +- 0.54 (0.00-->7.37) (max @ vno 70037 --> 71264)
face area 0.02 +- 0.03 (-0.34-->0.65)
Entering MRISinflateToSphere()
inflating to sphere (rms error < 2.00)
000: dt: 0.0000, rms radial error=176.645, avgs=0
005/300: dt: 0.9000, rms radial error=176.387, avgs=0
010/300: dt: 0.9000, rms radial error=175.832, avgs=0
015/300: dt: 0.9000, rms radial error=175.103, avgs=0
020/300: dt: 0.9000, rms radial error=174.271, avgs=0
025/300: dt: 0.9000, rms radial error=173.384, avgs=0
030/300: dt: 0.9000, rms radial error=172.465, avgs=0
035/300: dt: 0.9000, rms radial error=171.529, avgs=0
040/300: dt: 0.9000, rms radial error=170.586, avgs=0
045/300: dt: 0.9000, rms radial error=169.640, avgs=0
050/300: dt: 0.9000, rms radial error=168.694, avgs=0
055/300: dt: 0.9000, rms radial error=167.752, avgs=0
060/300: dt: 0.9000, rms radial error=166.813, avgs=0
065/300: dt: 0.9000, rms radial error=165.878, avgs=0
070/300: dt: 0.9000, rms radial error=164.948, avgs=0
075/300: dt: 0.9000, rms radial error=164.023, avgs=0
080/300: dt: 0.9000, rms radial error=163.102, avgs=0
085/300: dt: 0.9000, rms radial error=162.186, avgs=0
090/300: dt: 0.9000, rms radial error=161.276, avgs=0
095/300: dt: 0.9000, rms radial error=160.370, avgs=0
100/300: dt: 0.9000, rms radial error=159.470, avgs=0
105/300: dt: 0.9000, rms radial error=158.574, avgs=0
110/300: dt: 0.9000, rms radial error=157.683, avgs=0
115/300: dt: 0.9000, rms radial error=156.797, avgs=0
120/300: dt: 0.9000, rms radial error=155.916, avgs=0
125/300: dt: 0.9000, rms radial error=155.039, avgs=0
130/300: dt: 0.9000, rms radial error=154.168, avgs=0
135/300: dt: 0.9000, rms radial error=153.301, avgs=0
140/300: dt: 0.9000, rms radial error=152.439, avgs=0
145/300: dt: 0.9000, rms radial error=151.582, avgs=0
150/300: dt: 0.9000, rms radial error=150.729, avgs=0
155/300: dt: 0.9000, rms radial error=149.881, avgs=0
160/300: dt: 0.9000, rms radial error=149.038, avgs=0
165/300: dt: 0.9000, rms radial error=148.199, avgs=0
170/300: dt: 0.9000, rms radial error=147.365, avgs=0
175/300: dt: 0.9000, rms radial error=146.537, avgs=0
180/300: dt: 0.9000, rms radial error=145.713, avgs=0
185/300: dt: 0.9000, rms radial error=144.894, avgs=0
190/300: dt: 0.9000, rms radial error=144.079, avgs=0
195/300: dt: 0.9000, rms radial error=143.268, avgs=0
200/300: dt: 0.9000, rms radial error=142.462, avgs=0
205/300: dt: 0.9000, rms radial error=141.661, avgs=0
210/300: dt: 0.9000, rms radial error=140.864, avgs=0
215/300: dt: 0.9000, rms radial error=140.071, avgs=0
220/300: dt: 0.9000, rms radial error=139.283, avgs=0
225/300: dt: 0.9000, rms radial error=138.499, avgs=0
230/300: dt: 0.9000, rms radial error=137.719, avgs=0
235/300: dt: 0.9000, rms radial error=136.944, avgs=0
240/300: dt: 0.9000, rms radial error=136.173, avgs=0
245/300: dt: 0.9000, rms radial error=135.406, avgs=0
250/300: dt: 0.9000, rms radial error=134.644, avgs=0
255/300: dt: 0.9000, rms radial error=133.885, avgs=0
260/300: dt: 0.9000, rms radial error=133.131, avgs=0
265/300: dt: 0.9000, rms radial error=132.382, avgs=0
270/300: dt: 0.9000, rms radial error=131.636, avgs=0
275/300: dt: 0.9000, rms radial error=130.894, avgs=0
280/300: dt: 0.9000, rms radial error=130.157, avgs=0
285/300: dt: 0.9000, rms radial error=129.424, avgs=0
290/300: dt: 0.9000, rms radial error=128.695, avgs=0
295/300: dt: 0.9000, rms radial error=127.970, avgs=0
300/300: dt: 0.9000, rms radial error=127.249, avgs=0

spherical inflation complete.
epoch 1 (K=10.0), pass 1, starting sse = 18721.50
taking momentum steps...
taking momentum steps...
taking momentum steps...
taking momentum steps...
pass 1 complete, delta sse/iter = 0.00/13 = 0.00023
epoch 2 (K=40.0), pass 1, starting sse = 3166.80
taking momentum steps...
taking momentum steps...
taking momentum steps...
taking momentum steps...
pass 1 complete, delta sse/iter = 0.00/13 = 0.00018
epoch 3 (K=160.0), pass 1, starting sse = 304.26
taking momentum steps...
taking momentum steps...
taking momentum steps...
taking momentum steps...
pass 1 complete, delta sse/iter = 0.05/13 = 0.00382
epoch 4 (K=640.0), pass 1, starting sse = 16.35
taking momentum steps...
taking momentum steps...
taking momentum steps...
taking momentum steps...
pass 1 complete, delta sse/iter = 0.13/22 = 0.00607
final distance error %100000.00
writing spherical brain to ../surf/rh.qsphere.nofix
spherical transformation took 0.0167 hours
FSRUNTIME@ mris_sphere  0.0167 hours 16 threads
#VMPC# mris_sphere VmPeak  2158128
mris_sphere done
#@# Fix Topology rh Thu Mar 12 12:23:52 CET 2026

 mris_fix_topology -mgz -sphere qsphere.nofix -inflated inflated.nofix -orig orig.nofix -out orig.premesh -ga -seed 1234 sub-v1s11x0050155_ses-1 rh 

reading spherical homeomorphism from 'qsphere.nofix'
reading inflated coordinates from 'inflated.nofix'
reading original coordinates from 'orig.nofix'
using genetic algorithm with optimized parameters
setting seed for random number genererator to 1234

*************************************************************
Topology Correction Parameters
retessellation mode:           genetic search
number of patches/generation : 10
number of generations :        10
surface mri loglikelihood coefficient :         1.0
volume mri loglikelihood coefficient :          10.0
normal dot loglikelihood coefficient :          1.0
quadratic curvature loglikelihood coefficient : 1.0
volume resolution :                             2
eliminate vertices during search :              1
initial patch selection :                       1
select all defect vertices :                    0
ordering dependant retessellation:              0
use precomputed edge table :                    0
smooth retessellated patch :                    2
match retessellated patch :                     1
verbose mode :                                  0

*************************************************************
INFO: assuming .mgz format
writing corrected surface to 'orig.premesh'
7.3.2
  7.3.2
before topology correction, eno=-24 (nv=157524, nf=315096, ne=472644, g=13)
using quasi-homeomorphic spherical map to tessellate cortical surface...

Correction of the Topology
Finding true center and radius of Spherical Surface...done
Surface centered at (0,0,0) with radius 100.0 in 8 iterations
marking ambiguous vertices...
2477 ambiguous faces found in tessellation
segmenting defects...
21 defects found, arbitrating ambiguous regions...
analyzing neighboring defects...
      -merging segment 4 into 2
20 defects to be corrected 
0 vertices coincident
reading input surface /out/sourcedata/freesurfer/sub-v1s11x0050155_ses-1/surf/rh.qsphere.nofix...
reading brain volume from brain...
reading wm segmentation from wm...
Reading original properties of orig.nofix
Reading vertex positions of inflated.nofix
Computing Initial Surface Statistics
      -face       loglikelihood: -8.9833  (-4.4917)
      -vertex     loglikelihood: -5.9046  (-2.9523)
      -normal dot loglikelihood: -3.6225  (-3.6225)
      -quad curv  loglikelihood: -6.0387  (-3.0193)
      Total Loglikelihood : -24.5491
CORRECTING DEFECT 0 (vertices=48, convex hull=38, v0=15392)
After retessellation of defect 0 (v0=15392), euler #=-18 (156012,467495,311465) : difference with theory (-17) = 1 
CORRECTING DEFECT 1 (vertices=54, convex hull=65, v0=62139)
After retessellation of defect 1 (v0=62139), euler #=-17 (156047,467629,311565) : difference with theory (-16) = 1 
CORRECTING DEFECT 2 (vertices=43, convex hull=96, v0=63666)
After retessellation of defect 2 (v0=63666), euler #=-15 (156056,467694,311623) : difference with theory (-15) = 0 
CORRECTING DEFECT 3 (vertices=166, convex hull=166, v0=64931)
After retessellation of defect 3 (v0=64931), euler #=-14 (156147,468046,311885) : difference with theory (-14) = 0 
CORRECTING DEFECT 4 (vertices=28, convex hull=67, v0=68771)
After retessellation of defect 4 (v0=68771), euler #=-13 (156162,468111,311936) : difference with theory (-13) = 0 
CORRECTING DEFECT 5 (vertices=5, convex hull=31, v0=70046)
After retessellation of defect 5 (v0=70046), euler #=-12 (156163,468122,311947) : difference with theory (-12) = 0 
CORRECTING DEFECT 6 (vertices=7, convex hull=31, v0=71054)
After retessellation of defect 6 (v0=71054), euler #=-11 (156166,468142,311965) : difference with theory (-11) = 0 
CORRECTING DEFECT 7 (vertices=5, convex hull=35, v0=72483)
After retessellation of defect 7 (v0=72483), euler #=-10 (156168,468157,311979) : difference with theory (-10) = 0 
CORRECTING DEFECT 8 (vertices=17, convex hull=22, v0=83877)
After retessellation of defect 8 (v0=83877), euler #=-9 (156169,468168,311990) : difference with theory (-9) = 0 
CORRECTING DEFECT 9 (vertices=37, convex hull=35, v0=88351)
After retessellation of defect 9 (v0=88351), euler #=-8 (156180,468215,312027) : difference with theory (-8) = 0 
CORRECTING DEFECT 10 (vertices=14, convex hull=14, v0=105707)
After retessellation of defect 10 (v0=105707), euler #=-7 (156181,468220,312032) : difference with theory (-7) = 0 
CORRECTING DEFECT 11 (vertices=150, convex hull=69, v0=106573)
After retessellation of defect 11 (v0=106573), euler #=-6 (156214,468349,312129) : difference with theory (-6) = 0 
CORRECTING DEFECT 12 (vertices=36, convex hull=53, v0=106777)
After retessellation of defect 12 (v0=106777), euler #=-5 (156231,468424,312188) : difference with theory (-5) = 0 
CORRECTING DEFECT 13 (vertices=32, convex hull=31, v0=109303)
After retessellation of defect 13 (v0=109303), euler #=-4 (156234,468443,312205) : difference with theory (-4) = 0 
CORRECTING DEFECT 14 (vertices=93, convex hull=122, v0=112664)
After retessellation of defect 14 (v0=112664), euler #=-3 (156246,468532,312283) : difference with theory (-3) = 0 
CORRECTING DEFECT 15 (vertices=263, convex hull=92, v0=116692)
After retessellation of defect 15 (v0=116692), euler #=-2 (156263,468637,312372) : difference with theory (-2) = 0 
CORRECTING DEFECT 16 (vertices=45, convex hull=73, v0=124329)
After retessellation of defect 16 (v0=124329), euler #=-1 (156293,468754,312460) : difference with theory (-1) = 0 
CORRECTING DEFECT 17 (vertices=159, convex hull=86, v0=142646)
After retessellation of defect 17 (v0=142646), euler #=0 (156320,468875,312555) : difference with theory (0) = 0 
CORRECTING DEFECT 18 (vertices=68, convex hull=74, v0=149053)
After retessellation of defect 18 (v0=149053), euler #=1 (156335,468952,312618) : difference with theory (1) = 0 
CORRECTING DEFECT 19 (vertices=247, convex hull=102, v0=150193)
After retessellation of defect 19 (v0=150193), euler #=2 (156366,469092,312728) : difference with theory (2) = 0 
computing original vertex metric properties...
storing new metric properties...
computing tessellation statistics...
vertex spacing 0.89 +- 0.22 (0.03-->10.35) (max @ vno 149512 --> 154248)
face area -nan +- -nan (1000.00-->-1.00)
performing soap bubble on retessellated vertices for 0 iterations...
vertex spacing 0.89 +- 0.22 (0.03-->10.35) (max @ vno 149512 --> 154248)
face area -nan +- -nan (1000.00-->-1.00)
tessellation finished, orienting corrected surface...
68 mutations (35.2%), 125 crossovers (64.8%), 53 vertices were eliminated
building final representation...
1158 vertices and 0 faces have been removed from triangulation
after topology correction, eno=2 (nv=156366, nf=312728, ne=469092, g=0)
writing corrected surface to /out/sourcedata/freesurfer/sub-v1s11x0050155_ses-1/surf/rh.orig.premesh...

0.000 % of the vertices (0 vertices) exhibit an orientation change
removing intersecting faces
000: 137 intersecting
001: 24 intersecting
002: 8 intersecting
terminating search with 0 intersecting
topology fixing took 0.7 minutes
FSRUNTIME@ mris_fix_topology rh  0.0124 hours 16 threads
#VMPC# mris_fix_topology VmPeak  1873268

 mris_euler_number ../surf/rh.orig.premesh 

euler # = v-e+f = 2g-2: 156366 - 469092 + 312728 = 2 --> 0 holes
      F =2V-4:          312728 = 312732-4 (0)
      2E=3F:            938184 = 938184 (0)

total defect index = 0
Thu Mar 12 12:24:37 CET 2026

setenv SUBJECTS_DIR /out/sourcedata/freesurfer
cd /out/sourcedata/freesurfer/sub-v1s11x0050155_ses-1/scripts
/opt/freesurfer/bin/defect2seg --s sub-v1s11x0050155_ses-1 --rh-only --cortex

freesurfer-linux-ubuntu22_x86_64-7.3.2-20220804-6354275
defect2seg 7.3.2
Linux dna085 5.14.0-427.37.1.el9_4.x86_64 #1 SMP PREEMPT_DYNAMIC Fri Sep 13 12:41:50 EDT 2024 x86_64 x86_64 x86_64 GNU/Linux
pid 416997
mri_label2label --label-cortex /out/sourcedata/freesurfer/sub-v1s11x0050155_ses-1/surf/rh.orig.nofix /out/sourcedata/freesurfer/sub-v1s11x0050155_ses-1/mri/aseg.presurf.mgz 0 /out/sourcedata/freesurfer/sub-v1s11x0050155_ses-1/label/rh.nofix.cortex.label

 Generating cortex label... RemoveHipAmgy=0
 NucAccIsMedialWall=0
 mris->useRealRAS=0
10 non-cortical segments detected
only using segment with 8327 vertices
erasing segment 0 (vno[0] = 45716)
erasing segment 2 (vno[0] = 71102)
erasing segment 3 (vno[0] = 72514)
erasing segment 4 (vno[0] = 73271)
erasing segment 5 (vno[0] = 100503)
erasing segment 6 (vno[0] = 113384)
erasing segment 7 (vno[0] = 115399)
erasing segment 8 (vno[0] = 116272)
erasing segment 9 (vno[0] = 139235)
mri_label2vol --defects /out/sourcedata/freesurfer/sub-v1s11x0050155_ses-1/surf/rh.orig.nofix /out/sourcedata/freesurfer/sub-v1s11x0050155_ses-1/surf/rh.defect_labels /out/sourcedata/freesurfer/sub-v1s11x0050155_ses-1/mri/orig.mgz 2000 0 /out/sourcedata/freesurfer/sub-v1s11x0050155_ses-1/mri/rh.surface.defects.mgz /out/sourcedata/freesurfer/sub-v1s11x0050155_ses-1/label/rh.nofix.cortex.label
mri_label2vol supposed to be reproducible but seed not set
Contraining to label /out/sourcedata/freesurfer/sub-v1s11x0050155_ses-1/label/rh.nofix.cortex.label
Changing input type 0 to MRI_INT
Converting defects to volume: offset=2000, merge=0
Writing to /out/sourcedata/freesurfer/sub-v1s11x0050155_ses-1/mri/rh.surface.defects.mgz
mris_defects_pointset -s /out/sourcedata/freesurfer/sub-v1s11x0050155_ses-1/surf/rh.orig.nofix -d /out/sourcedata/freesurfer/sub-v1s11x0050155_ses-1/surf/rh.defect_labels -o /out/sourcedata/freesurfer/sub-v1s11x0050155_ses-1/surf/rh.defects.pointset --label /out/sourcedata/freesurfer/sub-v1s11x0050155_ses-1/label/rh.nofix.cortex.label
Reading in surface /out/sourcedata/freesurfer/sub-v1s11x0050155_ses-1/surf/rh.orig.nofix
Reading in defect segmentation /out/sourcedata/freesurfer/sub-v1s11x0050155_ses-1/surf/rh.defect_labels
Reading in label /out/sourcedata/freesurfer/sub-v1s11x0050155_ses-1/label/rh.nofix.cortex.label
#VMPC# mris_defects_pointset 2235268
mris_defects_pointset done
 
Started at Thu Mar 12 12:24:37 CET 2026 
Ended   at Thu Mar 12 12:24:50 CET 2026
Defect2seg-Run-Time-Sec 13
Defect2seg-Run-Time-Min 0.26
Defect2seg-Run-Time-Hours 0.00
 
tkmeditfv sub-v1s11x0050155_ses-1 brain.finalsurfs.mgz -defect
defect2seg Done

 mris_remesh --remesh --iters 3 --input /out/sourcedata/freesurfer/sub-v1s11x0050155_ses-1/surf/rh.orig.premesh --output /out/sourcedata/freesurfer/sub-v1s11x0050155_ses-1/surf/rh.orig 

iters = 3
standard remeshing without target
   adjusted l: 0.712384
remeshing to edge length 0.712384 with 3 iterations

avg qual before   : 0.891238  after: 0.9714

Removing intersections
Remeshed surface quality stats nv0 = 156366  nv = 163374  1.04482
Area    326744  0.30402  0.03358 0.068811   0.4766
Corner  980232 60.00000  8.76249 13.888196 151.8676
Edge    490116  0.84586  0.08221 0.464736   1.3367
Hinge   490116  9.08569  9.72409 0.000000 135.0306
mris_remesh done
/out/sourcedata/freesurfer/sub-v1s11x0050155_ses-1/scripts

 mris_remove_intersection ../surf/rh.orig ../surf/rh.orig 

intersection removal took 0.00 hours
writing corrected surface to ../surf/rh.orig

 rm -f ../surf/rh.inflated 

#--------------------------------------------
#@# AutoDetGWStats rh Thu Mar 12 12:25:42 CET 2026
cd /out/sourcedata/freesurfer/sub-v1s11x0050155_ses-1/mri
mris_autodet_gwstats --o ../surf/autodet.gw.stats.rh.dat --i brain.finalsurfs.mgz --wm wm.mgz --surf ../surf/rh.orig.premesh
7.3.2

cd /out/sourcedata/freesurfer/sub-v1s11x0050155_ses-1/mri
setenv SUBJECTS_DIR /out/sourcedata/freesurfer
mris_autodet_gwstats --o ../surf/autodet.gw.stats.rh.dat --i brain.finalsurfs.mgz --wm wm.mgz --surf ../surf/rh.orig.premesh 

border white:    294559 voxels (1.76%)
border gray      321423 voxels (1.92%)
Reading in intensity volume brain.finalsurfs.mgz
Reading in wm volume wm.mgz
Reading in surf ../surf/rh.orig.premesh
Auto detecting stats
MRIclipBrightWM(): nthresh=19913, wmmin=5, clip=110 
Binarizing thresholding at 5
computing class statistics... low=30, hi=110.000000
CCS WM (98.0): 98.8 +- 7.2 [70.0 --> 110.0]
CCS GM (78.0) : 77.2 +- 8.7 [30.0 --> 110.0]
white_mean = 98.8483 +/- 7.2477, gray_mean = 77.1914 +/- 8.71294
using class modes intead of means, discounting robust sigmas....
MRIScomputeClassModes(): min=0 max=124 nbins=125
intensity peaks found at WM=102+-6.1,    GM=75+-6.1
white_mode = 102, gray_mode = 75
std_scale = 1
Applying sanity checks, max_scale_down = 0.2
setting MIN_GRAY_AT_WHITE_BORDER to 66.3 (was 70.000000)
setting MAX_BORDER_WHITE to 109.2 (was 105.000000)
setting MIN_BORDER_WHITE to 75.0 (was 85.000000)
setting MAX_CSF to 57.6 (was 40.000000)
setting MAX_GRAY to 94.8 (was 95.000000)
setting MAX_GRAY_AT_CSF_BORDER to 66.3 (was 75.000000)
setting MIN_GRAY_AT_CSF_BORDER to 48.9 (was 40.000000)
When placing the white surface
  white_border_hi   = 109.248;
  white_border_low  = 75;
  white_outside_low = 66.2871;
  white_inside_hi   = 120;
  white_outside_hi  = 109.248;
When placing the pial surface
  pial_border_hi   = 66.2871;
  pial_border_low  = 48.8612;
  pial_outside_low = 10;
  pial_inside_hi   = 94.7523;
  pial_outside_hi  = 61.9306;
#VMPC# mris_autodet_gwstats VmPeak  1362296
mris_autodet_gwstats done
#--------------------------------------------
#@# WhitePreAparc rh Thu Mar 12 12:25:45 CET 2026
cd /out/sourcedata/freesurfer/sub-v1s11x0050155_ses-1/mri
mris_place_surface --adgws-in ../surf/autodet.gw.stats.rh.dat --wm wm.mgz --threads 16 --invol brain.finalsurfs.mgz --rh --i ../surf/rh.orig --o ../surf/rh.white.preaparc --white --seg aseg.presurf.mgz --nsmooth 5
7.3.2
7.3.2

cd /out/sourcedata/freesurfer/sub-v1s11x0050155_ses-1/mri
setenv SUBJECTS_DIR /out/sourcedata/freesurfer
mris_place_surface --adgws-in ../surf/autodet.gw.stats.rh.dat --wm wm.mgz --threads 16 --invol brain.finalsurfs.mgz --rh --i ../surf/rh.orig --o ../surf/rh.white.preaparc --white --seg aseg.presurf.mgz --nsmooth 5 

Reading in input surface ../surf/rh.orig
Smoothing surface before ripping with 5 iterations
Area    326744  0.27119  0.06285 0.001560   0.5906
Corner  980232 60.00000  9.34515 5.544416 139.5612
Edge    490116  0.79508  0.11332 0.040854   1.3417
Hinge   490116  6.15743  6.32999 0.000011 133.6108
Not reading in aparc
Reading in input volume brain.finalsurfs.mgz
Reading in wm volume wm.mgz
MRIclipBrightWM(): nthresh=19913, wmmin=5, clip=110 
MRIfindBrightNonWM(): 0 bright non-wm voxels segmented.
Masking bright non-wm for white surface
MRImask(): AllowDiffGeom = 1
MRImask(): AllowDiffGeom = 1
Reading in seg volume aseg.presurf.mgz
Ripping frozen voxels
INFO: rip surface needed but not specified, so using input surface
Freezing midline and others
Entering: MRISripMidline(): inhibiting deformation at non-cortical midline structures...
  which=1, fix_mtl=0, using annot = 0
#FML0# MRISripMidline(): nripped=0
removing 2 vertices from ripped group in thread:0
removing 2 vertices from ripped group in thread:0
#FML# MRISripMidline(): nmarked=6924, nmarked2=16, nripped=6924
Ripping segs (eg, WMSA, BG, frozen)
Starting MRISripSegs() d = (-2 2 0.5) segnos: 247 
MRISripSegs(): -2 2 0.5 ripped 0
vertex 81687: xyz = (34.824,-3.90888,-26.3415) oxyz = (34.824,-3.90888,-26.3415) wxzy = (34.824,-3.90888,-26.3415) pxyz = (0,0,0) 
CBVO Creating mask 163374
n_averages 4
Iteration 0 =========================================
n_averages=4, current_sigma=2
Freezing midline and others
Ripping frozen voxels
INFO: rip surface needed but not specified, so using input surface
Freezing midline and others
Entering: MRISripMidline(): inhibiting deformation at non-cortical midline structures...
  which=1, fix_mtl=0, using annot = 0
#FML0# MRISripMidline(): nripped=6924
removing 2 vertices from ripped group in thread:0
removing 2 vertices from ripped group in thread:0
#FML# MRISripMidline(): nmarked=6924, nmarked2=16, nripped=6924
Ripping segs (eg, WMSA, BG, frozen)
Starting MRISripSegs() d = (-2 2 0.5) segnos: 247 247 
MRISripSegs(): -2 2 0.5 ripped 0
Computing target border values 
Entering MRIScomputeBorderValues_new(): 
  inside_hi   = 120.0000000;
  border_hi   = 109.2476960;
  border_low  =  75.0000000;
  outside_low =  66.2870640;
  outside_hi  = 109.2476960;
  sigma = 2;
  max_thickness = 10;
  step_size=0.5;
  STEP_SIZE=0.1;
  which = 1
  thresh = 0
  flags = 0
  CBVfindFirstPeakD1=0
  CBVfindFirstPeakD2=0
  nvertices=163374
  Gdiag_no=-1
  vno start=0, stop=163374
Replacing 255s with 0s
#SI# sigma=2 had to be increased for 32 vertices, nripped=6924
mean border=84.9, 80 (80) missing vertices, mean dist 0.2 [0.6 (%41.5)->0.8 (%58.5))]
%67 local maxima, %28 large gradients and % 0 min vals, 0 gradients ignored
nFirstPeakD1 0
MRIScomputeBorderValues_new() finished in 0.0128 min


Finding expansion regions
mean absolute distance = 0.70 +- 0.89
5855 vertices more than 2 sigmas from mean.
Averaging target values for 5 iterations...
Positioning Surface: tspring = 0.3, nspring = 0.3, spring = 0, niters = 100 l_repulse = 5, l_surf_repulse = 0, checktol = 0
Positioning pial surface
Entering MRISpositionSurface()
  max_mm = 0.3
  MAX_REDUCTIONS = 2, REDUCTION_PCT = 0.5
  parms->check_tol = 0, niterations = 100
tol=1.0e-04, sigma=2.0, host=dna08, nav=4, nbrs=2, l_repulse=5.000, l_tspring=0.300, l_nspring=0.300, l_intensity=0.200, l_curv=1.000
mom=0.00, dt=0.50
complete_dist_mat 0
rms 0
smooth_averages 0
remove_neg 0
ico_order 0
which_surface 0
target_radius 0.000000
nfields 0
scale 0.000000
desired_rms_height 0.000000
momentum 0.000000
nbhd_size 0
max_nbrs 0
niterations 100
nsurfaces 0
SURFACES 3
flags 0 (0)
use curv 0
no sulc 0
no rigid align 0
mris->nsize 2
mris->hemisphere 1
randomSeed 0

000: dt: 0.0000, sse=2234692.2, rms=8.100
001: dt: 0.5000, sse=1146386.6, rms=5.563 (31.321%)
002: dt: 0.5000, sse=702268.8, rms=4.095 (26.388%)
003: dt: 0.5000, sse=516106.1, rms=3.284 (19.806%)
004: dt: 0.5000, sse=425757.3, rms=2.805 (14.588%)
005: dt: 0.5000, sse=383202.6, rms=2.531 (9.778%)
006: dt: 0.5000, sse=356883.3, rms=2.363 (6.605%)
007: dt: 0.5000, sse=347373.1, rms=2.282 (3.431%)
008: dt: 0.5000, sse=341340.8, rms=2.229 (2.334%)
rms = 2.2126/2.2291, sse=338646.9/341340.8, time step reduction 1 of 3 to 0.250  0 0 1
009: dt: 0.5000, sse=338646.9, rms=2.213 (0.743%)
010: dt: 0.2500, sse=231929.2, rms=1.167 (47.249%)
011: dt: 0.2500, sse=220075.3, rms=1.011 (13.404%)
rms = 0.9726/1.0107, sse=217641.7/220075.3, time step reduction 2 of 3 to 0.125  0 0 1
012: dt: 0.2500, sse=217641.7, rms=0.973 (3.768%)
rms = 0.9482/0.9726, sse=216425.9/217641.7, time step reduction 3 of 3 to 0.062  0 0 1
013: dt: 0.1250, sse=216425.9, rms=0.948 (2.513%)
  maximum number of reductions reached, breaking from loop
positioning took 1.3 minutes
Iteration 1 =========================================
n_averages=2, current_sigma=1
Freezing midline and others
Ripping frozen voxels
INFO: rip surface needed but not specified, so using input surface
Freezing midline and others
Entering: MRISripMidline(): inhibiting deformation at non-cortical midline structures...
  which=1, fix_mtl=0, using annot = 0
#FML0# MRISripMidline(): nripped=6924
removing 3 vertices from ripped group in thread:0
removing 3 vertices from ripped group in thread:0
removing 4 vertices from ripped group in thread:0
#FML# MRISripMidline(): nmarked=7161, nmarked2=16, nripped=7161
Ripping segs (eg, WMSA, BG, frozen)
Starting MRISripSegs() d = (-2 2 0.5) segnos: 247 247 247 
MRISripSegs(): -2 2 0.5 ripped 0
Computing target border values 
Entering MRIScomputeBorderValues_new(): 
  inside_hi   = 120.0000000;
  border_hi   = 109.2476960;
  border_low  =  75.0000000;
  outside_low =  66.2870640;
  outside_hi  = 109.2476960;
  sigma = 1;
  max_thickness = 10;
  step_size=0.5;
  STEP_SIZE=0.1;
  which = 1
  thresh = 0
  flags = 0
  CBVfindFirstPeakD1=0
  CBVfindFirstPeakD2=0
  nvertices=163374
  Gdiag_no=-1
  vno start=0, stop=163374
Replacing 255s with 0s
#SI# sigma=1 had to be increased for 122 vertices, nripped=7161
mean border=87.1, 41 (3) missing vertices, mean dist -0.2 [0.4 (%72.6)->0.3 (%27.4))]
%74 local maxima, %22 large gradients and % 0 min vals, 0 gradients ignored
nFirstPeakD1 0
MRIScomputeBorderValues_new() finished in 0.0096 min


Finding expansion regions
mean absolute distance = 0.35 +- 0.66
3686 vertices more than 2 sigmas from mean.
Averaging target values for 5 iterations...
Positioning Surface: tspring = 0.3, nspring = 0.3, spring = 0, niters = 100 l_repulse = 5, l_surf_repulse = 0, checktol = 0
Positioning pial surface
Entering MRISpositionSurface()
  max_mm = 0.3
  MAX_REDUCTIONS = 2, REDUCTION_PCT = 0.5
  parms->check_tol = 0, niterations = 100
tol=1.0e-04, sigma=1.0, host=dna08, nav=2, nbrs=2, l_repulse=5.000, l_tspring=0.300, l_nspring=0.300, l_intensity=0.200, l_curv=1.000
mom=0.00, dt=0.50
000: dt: 0.0000, sse=623420.3, rms=3.498
014: dt: 0.5000, sse=371745.6, rms=2.027 (42.041%)
015: dt: 0.5000, sse=337614.0, rms=1.730 (14.653%)
016: dt: 0.5000, sse=328052.7, rms=1.634 (5.548%)
rms = 1.7261/1.6342, sse=336280.1/328052.7, time step reduction 1 of 3 to 0.250  0 1 1
   RMS increased, rejecting step
017: dt: 0.2500, sse=285011.4, rms=1.171 (28.354%)
018: dt: 0.2500, sse=271443.1, rms=0.944 (19.369%)
019: dt: 0.2500, sse=268486.6, rms=0.881 (6.649%)
rms = 0.8593/0.8813, sse=267307.3/268486.6, time step reduction 2 of 3 to 0.125  0 0 1
020: dt: 0.2500, sse=267307.2, rms=0.859 (2.496%)
rms = 0.8412/0.8593, sse=265710.2/267307.3, time step reduction 3 of 3 to 0.062  0 0 1
021: dt: 0.1250, sse=265710.2, rms=0.841 (2.109%)
  maximum number of reductions reached, breaking from loop
positioning took 0.8 minutes
Iteration 2 =========================================
n_averages=1, current_sigma=0.5
Freezing midline and others
Ripping frozen voxels
INFO: rip surface needed but not specified, so using input surface
Freezing midline and others
Entering: MRISripMidline(): inhibiting deformation at non-cortical midline structures...
  which=1, fix_mtl=0, using annot = 0
#FML0# MRISripMidline(): nripped=7161
removing 3 vertices from ripped group in thread:0
removing 3 vertices from ripped group in thread:0
removing 2 vertices from ripped group in thread:0
#FML# MRISripMidline(): nmarked=7256, nmarked2=16, nripped=7256
Ripping segs (eg, WMSA, BG, frozen)
Starting MRISripSegs() d = (-2 2 0.5) segnos: 247 247 247 247 
MRISripSegs(): -2 2 0.5 ripped 0
Computing target border values 
Entering MRIScomputeBorderValues_new(): 
  inside_hi   = 120.0000000;
  border_hi   = 109.2476960;
  border_low  =  75.0000000;
  outside_low =  66.2870640;
  outside_hi  = 109.2476960;
  sigma = 0.5;
  max_thickness = 10;
  step_size=0.5;
  STEP_SIZE=0.1;
  which = 1
  thresh = 0
  flags = 0
  CBVfindFirstPeakD1=0
  CBVfindFirstPeakD2=0
  nvertices=163374
  Gdiag_no=-1
  vno start=0, stop=163374
Replacing 255s with 0s
#SI# sigma=0.5 had to be increased for 153 vertices, nripped=7256
mean border=88.7, 52 (0) missing vertices, mean dist -0.1 [0.3 (%69.6)->0.2 (%30.4))]
%81 local maxima, %14 large gradients and % 0 min vals, 0 gradients ignored
nFirstPeakD1 0
MRIScomputeBorderValues_new() finished in 0.0057 min


Finding expansion regions
mean absolute distance = 0.27 +- 0.48
4509 vertices more than 2 sigmas from mean.
Averaging target values for 5 iterations...
Positioning Surface: tspring = 0.3, nspring = 0.3, spring = 0, niters = 100 l_repulse = 5, l_surf_repulse = 0, checktol = 0
Positioning pial surface
Entering MRISpositionSurface()
  max_mm = 0.3
  MAX_REDUCTIONS = 2, REDUCTION_PCT = 0.5
  parms->check_tol = 0, niterations = 100
tol=1.0e-04, sigma=0.5, host=dna08, nav=1, nbrs=2, l_repulse=5.000, l_tspring=0.300, l_nspring=0.300, l_intensity=0.200, l_curv=1.000
mom=0.00, dt=0.50
000: dt: 0.0000, sse=436932.4, rms=2.507
022: dt: 0.5000, sse=329487.2, rms=1.616 (35.528%)
023: dt: 0.5000, sse=314714.2, rms=1.506 (6.803%)
rms = 1.5220/1.5064, sse=319920.7/314714.2, time step reduction 1 of 3 to 0.250  0 1 1
   RMS increased, rejecting step
024: dt: 0.2500, sse=281205.1, rms=1.083 (28.111%)
025: dt: 0.2500, sse=270948.8, rms=0.848 (21.654%)
rms = 0.8047/0.8485, sse=269606.9/270948.8, time step reduction 2 of 3 to 0.125  0 0 1
026: dt: 0.2500, sse=269606.9, rms=0.805 (5.160%)
rms = 0.7810/0.8047, sse=272320.3/269606.9, time step reduction 3 of 3 to 0.062  0 1 1
027: dt: 0.1250, sse=272320.3, rms=0.781 (2.941%)
  maximum number of reductions reached, breaking from loop
positioning took 0.6 minutes
Iteration 3 =========================================
n_averages=0, current_sigma=0.25
Freezing midline and others
Ripping frozen voxels
INFO: rip surface needed but not specified, so using input surface
Freezing midline and others
Entering: MRISripMidline(): inhibiting deformation at non-cortical midline structures...
  which=1, fix_mtl=0, using annot = 0
#FML0# MRISripMidline(): nripped=7256
removing 4 vertices from ripped group in thread:0
removing 3 vertices from ripped group in thread:0
removing 2 vertices from ripped group in thread:0
#FML# MRISripMidline(): nmarked=7310, nmarked2=16, nripped=7310
Ripping segs (eg, WMSA, BG, frozen)
Starting MRISripSegs() d = (-2 2 0.5) segnos: 247 247 247 247 247 
MRISripSegs(): -2 2 0.5 ripped 0
Computing target border values 
Entering MRIScomputeBorderValues_new(): 
  inside_hi   = 120.0000000;
  border_hi   = 109.2476960;
  border_low  =  75.0000000;
  outside_low =  66.2870640;
  outside_hi  = 109.2476960;
  sigma = 0.25;
  max_thickness = 10;
  step_size=0.5;
  STEP_SIZE=0.1;
  which = 1
  thresh = 0
  flags = 0
  CBVfindFirstPeakD1=0
  CBVfindFirstPeakD2=0
  nvertices=163374
  Gdiag_no=-1
  vno start=0, stop=163374
Replacing 255s with 0s
#SI# sigma=0.25 had to be increased for 124 vertices, nripped=7310
mean border=89.3, 92 (0) missing vertices, mean dist -0.1 [0.2 (%57.4)->0.2 (%42.6))]
%85 local maxima, %11 large gradients and % 0 min vals, 0 gradients ignored
nFirstPeakD1 0
MRIScomputeBorderValues_new() finished in 0.0039 min


Finding expansion regions
mean absolute distance = 0.23 +- 0.39
4361 vertices more than 2 sigmas from mean.
Averaging target values for 5 iterations...
Positioning Surface: tspring = 0.3, nspring = 0.3, spring = 0, niters = 100 l_repulse = 5, l_surf_repulse = 0, checktol = 0
Positioning pial surface
Entering MRISpositionSurface()
  max_mm = 0.3
  MAX_REDUCTIONS = 2, REDUCTION_PCT = 0.5
  parms->check_tol = 0, niterations = 100
tol=1.0e-04, sigma=0.2, host=dna08, nav=0, nbrs=2, l_repulse=5.000, l_tspring=0.300, l_nspring=0.300, l_intensity=0.200, l_curv=1.000
mom=0.00, dt=0.50
000: dt: 0.0000, sse=302126.5, rms=1.297
028: dt: 0.5000, sse=282689.7, rms=0.939 (27.554%)
rms = 1.0981/0.9393, sse=292817.5/282689.7, time step reduction 1 of 3 to 0.250  0 1 1
   RMS increased, rejecting step
029: dt: 0.2500, sse=268402.2, rms=0.719 (23.474%)
030: dt: 0.2500, sse=267163.8, rms=0.659 (8.361%)
rms = 0.6420/0.6587, sse=261600.2/267163.8, time step reduction 2 of 3 to 0.125  0 0 1
031: dt: 0.2500, sse=261600.2, rms=0.642 (2.543%)
rms = 0.6253/0.6420, sse=251425.0/261600.2, time step reduction 3 of 3 to 0.062  0 0 1
032: dt: 0.1250, sse=251425.0, rms=0.625 (2.592%)
  maximum number of reductions reached, breaking from loop
positioning took 0.5 minutes


Writing output to ../surf/rh.white.preaparc
#ET# mris_place_surface  3.43 minutes
#VMPC# mris_place_surfaces VmPeak  3353932
mris_place_surface done
#--------------------------------------------
#@# CortexLabel rh Thu Mar 12 12:29:17 CET 2026
cd /out/sourcedata/freesurfer/sub-v1s11x0050155_ses-1/mri
mri_label2label --label-cortex ../surf/rh.white.preaparc aseg.presurf.mgz 0 ../label/rh.cortex.label

 Generating cortex label... RemoveHipAmgy=0
 NucAccIsMedialWall=0
 mris->useRealRAS=0
5 non-cortical segments detected
only using segment with 9096 vertices
erasing segment 0 (vno[0] = 38159)
erasing segment 2 (vno[0] = 99818)
erasing segment 3 (vno[0] = 100700)
erasing segment 4 (vno[0] = 105560)
#--------------------------------------------
#@# CortexLabel+HipAmyg rh Thu Mar 12 12:29:28 CET 2026
cd /out/sourcedata/freesurfer/sub-v1s11x0050155_ses-1/mri
mri_label2label --label-cortex ../surf/rh.white.preaparc aseg.presurf.mgz 1 ../label/rh.cortex+hipamyg.label

 Generating cortex label... RemoveHipAmgy=1
 NucAccIsMedialWall=0
 mris->useRealRAS=0
7 non-cortical segments detected
only using segment with 6499 vertices
erasing segment 0 (vno[0] = 38159)
erasing segment 2 (vno[0] = 62275)
erasing segment 3 (vno[0] = 72861)
erasing segment 4 (vno[0] = 99818)
erasing segment 5 (vno[0] = 100700)
erasing segment 6 (vno[0] = 105560)
#--------------------------------------------
#@# Smooth2 rh Thu Mar 12 12:29:40 CET 2026
/out/sourcedata/freesurfer/sub-v1s11x0050155_ses-1/scripts

 mris_smooth -n 3 -nw -seed 1234 ../surf/rh.white.preaparc ../surf/rh.smoothwm 

smoothing for 3 iterations
setting seed for random number generator to 1234
smoothing surface tessellation for 3 iterations...
smoothing complete - recomputing first and second fundamental forms...
#--------------------------------------------
#@# Inflation2 rh Thu Mar 12 12:29:43 CET 2026
/out/sourcedata/freesurfer/sub-v1s11x0050155_ses-1/scripts

 mris_inflate ../surf/rh.smoothwm ../surf/rh.inflated 

Reading ../surf/rh.smoothwm
avg radius = 49.4 mm, total surface area = 101106 mm^2
step 000: RMS=0.162 (target=0.015)   step 005: RMS=0.111 (target=0.015)   step 010: RMS=0.082 (target=0.015)   step 015: RMS=0.069 (target=0.015)   step 020: RMS=0.058 (target=0.015)   step 025: RMS=0.048 (target=0.015)   step 030: RMS=0.040 (target=0.015)   step 035: RMS=0.033 (target=0.015)   step 040: RMS=0.028 (target=0.015)   step 045: RMS=0.025 (target=0.015)   step 050: RMS=0.022 (target=0.015)   step 055: RMS=0.021 (target=0.015)   step 060: RMS=0.019 (target=0.015)   writing inflated surface to ../surf/rh.inflated
writing sulcal depths to ../surf/rh.sulc

inflation complete.
inflation took 0.2 minutes
mris_inflate utimesec    60.703616
mris_inflate stimesec    2.422323
mris_inflate ru_maxrss   248656
mris_inflate ru_ixrss    0
mris_inflate ru_idrss    0
mris_inflate ru_isrss    0
mris_inflate ru_minflt   896267
mris_inflate ru_majflt   25
mris_inflate ru_nswap    0
mris_inflate ru_inblock  0
mris_inflate ru_oublock  12776
mris_inflate ru_msgsnd   0
mris_inflate ru_msgrcv   0
mris_inflate ru_nsignals 0
mris_inflate ru_nvcsw    6190
mris_inflate ru_nivcsw   838
#--------------------------------------------
#@# Curv .H and .K rh Thu Mar 12 12:29:56 CET 2026
/out/sourcedata/freesurfer/sub-v1s11x0050155_ses-1/surf

 mris_curvature -w -seed 1234 rh.white.preaparc 

setting seed for random number generator to 1234
total integrated curvature = 23.550*4pi (295.942) --> -23 handles
ICI = 159.5, FI = 1610.4, variation=25200.912
writing Gaussian curvature to ./rh.white.preaparc.K...done.
writing mean curvature to ./rh.white.preaparc.H...done.
rm -f rh.white.H
ln -s rh.white.preaparc.H rh.white.H
rm -f rh.white.K
ln -s rh.white.preaparc.K rh.white.K

 mris_curvature -seed 1234 -thresh .999 -n -a 5 -w -distances 10 10 rh.inflated 

setting seed for random number generator to 1234
normalizing curvature values.
averaging curvature patterns 5 times.
sampling 10 neighbors out to a distance of 10 mm
236 vertices thresholded to be in k1 ~ [-0.51 0.60], k2 ~ [-0.19 0.05]
total integrated curvature = 0.500*4pi (6.280) --> 1 handles
ICI = 1.7, FI = 13.7, variation=222.418
157 vertices thresholded to be in [-0.01 0.04]
writing Gaussian curvature to ./rh.inflated.K...thresholding curvature at 99.90% level
curvature mean = 0.000, std = 0.001
185 vertices thresholded to be in [-0.22 0.29]
done.
writing mean curvature to ./rh.inflated.H...curvature mean = -0.015, std = 0.027
done.
#--------------------------------------------
#@# Sphere rh Thu Mar 12 12:30:44 CET 2026
/out/sourcedata/freesurfer/sub-v1s11x0050155_ses-1/scripts

 mris_sphere -seed 1234 ../surf/rh.inflated ../surf/rh.sphere 

setting seed for random number genererator to 1234
version: 7.3.2
available threads: 16
reading original vertex positions...
projecting onto sphere...
surface projected - minimizing metric distortion...
scaling brain by 0.266...
MRISunfold() max_passes = 1 -------
tol=5.0e-01, sigma=0.0, host=dna08, nav=1024, nbrs=2, l_area=1.000, l_dist=1.000
using quadratic fit line minimization
complete_dist_mat 0
rms 0
smooth_averages 0
remove_neg 0
ico_order 0
which_surface 0
target_radius 0.000000
nfields 0
scale 1.000000
desired_rms_height -1.000000
momentum 0.900000
nbhd_size 7
max_nbrs 8
niterations 25
nsurfaces 0
SURFACES 3
flags 0 (0)
use curv 0
no sulc 0
no rigid align 0
mris->nsize 2
mris->hemisphere 1
randomSeed 1234

singular matrix in quadratic form
singular matrix in quadratic form
--------------------
  mrisRemoveNegativeArea()
pass 1: epoch 1 of 3 starting distance error %19.68
pass 1: epoch 2 of 3 starting distance error %19.64
unfolding complete - removing small folds...
starting distance error %19.57
removing remaining folds...
final distance error %19.60
MRISunfold() return, current seed 1234
-01: dt=0.0000,  17 negative triangles  VmPeak 1642496
165: dt=0.9900,  17 negative triangles
166: dt=0.9900,   3 negative triangles
167: dt=0.9900,   2 negative triangles
168: dt=0.9900,   6 negative triangles
169: dt=0.9900,   2 negative triangles
170: dt=0.9900,   1 negative triangles
writing spherical brain to ../surf/rh.sphere
spherical transformation took 0.0530 hours
FSRUNTIME@ mris_sphere  0.0530 hours 16 threads
#VMPC# mris_sphere VmPeak  1642496
mris_sphere done
#--------------------------------------------
#@# Surf Reg rh Thu Mar 12 12:33:55 CET 2026
/out/sourcedata/freesurfer/sub-v1s11x0050155_ses-1/scripts

 mris_register -curv ../surf/rh.sphere /opt/freesurfer/average/rh.folding.atlas.acfb40.noaparc.i12.2016-08-02.tif ../surf/rh.sphere.reg 

using smoothwm curvature for final alignment

cwd /out/sourcedata/freesurfer/sub-v1s11x0050155_ses-1/scripts
cmdline mris_register -curv ../surf/rh.sphere /opt/freesurfer/average/rh.folding.atlas.acfb40.noaparc.i12.2016-08-02.tif ../surf/rh.sphere.reg 

0 inflated.H
1 sulc
2 smoothwm (computed)
7.3.2
  7.3.2
reading surface from ../surf/rh.sphere...
reading template parameterization from /opt/freesurfer/average/rh.folding.atlas.acfb40.noaparc.i12.2016-08-02.tif...
MRISregister() -------
max_passes = 4 
min_degrees = 0.500000 
max_degrees = 64.000000 
nangles = 8 
tol=5.0e-01, sigma=0.0, host=dna08, nav=1024, nbrs=1, l_extern=10000.000, l_parea=0.200, l_nlarea=1.000, l_corr=1.000, l_dist=5.000
using quadratic fit line minimization
complete_dist_mat 0
rms 0
smooth_averages 0
remove_neg 0
ico_order 0
which_surface 0
target_radius 0.000000
nfields 0
scale 0.000000
desired_rms_height -1.000000
momentum 0.950000
nbhd_size -10
max_nbrs 10
niterations 25
nsurfaces 0
SURFACES 3
flags 16 (10)
use curv 16
no sulc 0
no rigid align 0
mris->nsize 1
mris->hemisphere 1
randomSeed 0

tol=5.0e-01, sigma=0.0, host=dna08, nav=1024, nbrs=1, l_extern=10000.000, l_parea=0.200, l_nlarea=1.000, l_corr=1.000, l_dist=5.000
using quadratic fit line minimization
--------------------
1 Reading rh.sulc
tol=1.0e+00, sigma=0.5, host=dna08, nav=1024, nbrs=1, l_extern=10000.000, l_parea=0.200, l_nlarea=1.000, l_corr=0.050, l_spring=0.500, l_dist=5.000
using quadratic fit line minimization
curvature mean = -0.000, std = 5.781
curvature mean = 0.034, std = 0.816
curvature mean = 0.011, std = 0.854
Starting MRISrigidBodyAlignGlobal()
Starting new MRISrigidBodyAlignGlobal_findMinSSE()
  new MRISrigidBodyAlignGlobal_findMinSSE min @ (10.50, -2.00, -7.50) sse = 386180.3, elapsed since starting=0.0756 min
MRISrigidBodyAlignGlobal() done   0.08 min
curvature mean = 0.002, std = 0.805
curvature mean = 0.003, std = 0.933
curvature mean = -0.004, std = 0.809
curvature mean = 0.001, std = 0.969
curvature mean = -0.007, std = 0.808
curvature mean = 0.000, std = 0.984
2 Reading smoothwm
curvature mean = -0.020, std = 0.257
curvature mean = 0.038, std = 0.237
curvature mean = 0.049, std = 0.361
curvature mean = 0.035, std = 0.296
curvature mean = 0.033, std = 0.552
curvature mean = 0.035, std = 0.322
curvature mean = 0.018, std = 0.697
curvature mean = 0.034, std = 0.334
curvature mean = 0.005, std = 0.806
MRISregister() return, current seed 0
-01: dt=0.0000,  10 negative triangles  VmPeak 1635784
160: dt=0.9900,  10 negative triangles
161: dt=0.9900,   2 negative triangles
162: dt=0.9900,   1 negative triangles
writing registered surface to ../surf/rh.sphere.reg...
registration took 0.09 hours
#VMPC# mris_register VmPeak  1635784
FSRUNTIME@ mris_register  0.0880 hours 16 threads

 ln -sf rh.sphere.reg rh.fsaverage.sphere.reg 

#--------------------------------------------
#@# Jacobian white rh Thu Mar 12 12:39:12 CET 2026
/out/sourcedata/freesurfer/sub-v1s11x0050155_ses-1/scripts

 mris_jacobian ../surf/rh.white.preaparc ../surf/rh.sphere.reg ../surf/rh.jacobian_white 

reading surface from ../surf/rh.white.preaparc...
writing curvature file ../surf/rh.jacobian_white
#--------------------------------------------
#@# AvgCurv rh Thu Mar 12 12:39:13 CET 2026
/out/sourcedata/freesurfer/sub-v1s11x0050155_ses-1/scripts

 mrisp_paint -a 5 /opt/freesurfer/average/rh.folding.atlas.acfb40.noaparc.i12.2016-08-02.tif#6 ../surf/rh.sphere.reg ../surf/rh.avg_curv 

averaging curvature patterns 5 times...
reading surface from ../surf/rh.sphere.reg...
reading template parameterization from /opt/freesurfer/average/rh.folding.atlas.acfb40.noaparc.i12.2016-08-02.tif...
writing curvature file to ../surf/rh.avg_curv...
#-----------------------------------------
#@# Cortical Parc rh Thu Mar 12 12:39:13 CET 2026
/out/sourcedata/freesurfer/sub-v1s11x0050155_ses-1/scripts

 mris_ca_label -l ../label/rh.cortex.label -aseg ../mri/aseg.presurf.mgz -seed 1234 sub-v1s11x0050155_ses-1 rh ../surf/rh.sphere.reg /opt/freesurfer/average/rh.DKaparc.atlas.acfb40.noaparc.i12.2016-08-02.gcs ../label/rh.aparc.annot 

setting seed for random number generator to 1234
using ../mri/aseg.presurf.mgz aseg volume to correct midline
7.3.2
  7.3.2
reading atlas from /opt/freesurfer/average/rh.DKaparc.atlas.acfb40.noaparc.i12.2016-08-02.gcs...
reading color table from GCSA file....
average std = 0.7   using min determinant for regularization = 0.004
0 singular and 309 ill-conditioned covariance matrices regularized
input 0: MEAN CURVATURE, flags 0, avgs 5, name mean_curvature
labeling surface...
1221 labels changed using aseg
relabeling using gibbs priors...
000:   3386 changed, 163374 examined...
001:    760 changed, 14262 examined...
002:    178 changed, 4401 examined...
003:     67 changed, 1084 examined...
004:     24 changed, 419 examined...
005:      2 changed, 151 examined...
006:      1 changed, 15 examined...
007:      1 changed, 7 examined...
008:      0 changed, 6 examined...
205 labels changed using aseg
000: 88 total segments, 49 labels (250 vertices) changed
001: 40 total segments, 1 labels (1 vertices) changed
002: 39 total segments, 0 labels (0 vertices) changed
10 filter iterations complete (10 requested, 10 changed)
rationalizing unknown annotations with cortex label
relabeling unknown label...
relabeling corpuscallosum label...
1742 vertices marked for relabeling...
1742 labels changed in reclassification.
writing output to ../label/rh.aparc.annot...
classification took 0 minutes and 10 seconds.
#--------------------------------------------
#@# WhiteSurfs rh Thu Mar 12 12:39:24 CET 2026
cd /out/sourcedata/freesurfer/sub-v1s11x0050155_ses-1/mri
mris_place_surface --adgws-in ../surf/autodet.gw.stats.rh.dat --seg aseg.presurf.mgz --threads 16 --wm wm.mgz --invol brain.finalsurfs.mgz --rh --i ../surf/rh.white.preaparc --o ../surf/rh.white --white --nsmooth 0 --rip-label ../label/rh.cortex.label --rip-bg --rip-surf ../surf/rh.white.preaparc --aparc ../label/rh.aparc.annot
7.3.2
7.3.2

cd /out/sourcedata/freesurfer/sub-v1s11x0050155_ses-1/mri
setenv SUBJECTS_DIR /out/sourcedata/freesurfer
mris_place_surface --adgws-in ../surf/autodet.gw.stats.rh.dat --seg aseg.presurf.mgz --threads 16 --wm wm.mgz --invol brain.finalsurfs.mgz --rh --i ../surf/rh.white.preaparc --o ../surf/rh.white --white --nsmooth 0 --rip-label ../label/rh.cortex.label --rip-bg --rip-surf ../surf/rh.white.preaparc --aparc ../label/rh.aparc.annot 

Reading in input surface ../surf/rh.white.preaparc
Not smoothing input surface
Area    326744  0.33593  0.10939 0.000343   2.3751
Corner  980232 60.00000 12.72606 0.382176 178.8708
Edge    490116  0.88969  0.18087 0.015797   3.9556
Hinge   490116  8.80544  9.99440 0.000010 179.8545
Reading in aparc ../label/rh.aparc.annot
Reading in input volume brain.finalsurfs.mgz
Reading in wm volume wm.mgz
MRIclipBrightWM(): nthresh=19913, wmmin=5, clip=110 
MRIfindBrightNonWM(): 0 bright non-wm voxels segmented.
Masking bright non-wm for white surface
MRImask(): AllowDiffGeom = 1
MRImask(): AllowDiffGeom = 1
Reading in seg volume aseg.presurf.mgz
Ripping frozen voxels
Ripping vertices not in label ../label/rh.cortex.label
MRISripNotLabel() ripped 9317/163374 vertices (154057 unripped)
Reading in ripping surface ../surf/rh.white.preaparc
Reading in aparc ../label/rh.aparc.annot for ripsurf
Ripping BG
MRISripBasalGanglia(): 1 -2 2 0.5 ripped 560
Ripping segs (eg, WMSA, BG, frozen)
Starting MRISripSegs() d = (-2 2 0.5) segnos: 247 
MRISripSegs(): -2 2 0.5 ripped 0
vertex 81687: xyz = (34.4391,-3.78451,-26.0997) oxyz = (34.4391,-3.78451,-26.0997) wxzy = (34.4391,-3.78451,-26.0997) pxyz = (0,0,0) 
CBVO Creating mask 163374
n_averages 4
Iteration 0 =========================================
n_averages=4, current_sigma=2
Computing target border values 
Entering MRIScomputeBorderValues_new(): 
  inside_hi   = 120.0000000;
  border_hi   = 109.2476960;
  border_low  =  75.0000000;
  outside_low =  66.2870640;
  outside_hi  = 109.2476960;
  sigma = 2;
  max_thickness = 10;
  step_size=0.5;
  STEP_SIZE=0.1;
  which = 1
  thresh = 0
  flags = 0
  CBVfindFirstPeakD1=0
  CBVfindFirstPeakD2=0
  nvertices=163374
  Gdiag_no=-1
  vno start=0, stop=163374
Replacing 255s with 0s
#SI# sigma=2 had to be increased for 148 vertices, nripped=9877
mean border=84.6, 163 (163) missing vertices, mean dist 0.3 [0.9 (%15.1)->0.6 (%84.9))]
%62 local maxima, %31 large gradients and % 0 min vals, 0 gradients ignored
nFirstPeakD1 0
MRIScomputeBorderValues_new() finished in 0.0119 min


Finding expansion regions
mean absolute distance = 0.60 +- 0.90
3608 vertices more than 2 sigmas from mean.
Averaging target values for 5 iterations...
Positioning Surface: tspring = 0.3, nspring = 0.3, spring = 0, niters = 100 l_repulse = 5, l_surf_repulse = 0, checktol = 0
Positioning pial surface
Entering MRISpositionSurface()
  max_mm = 0.3
  MAX_REDUCTIONS = 2, REDUCTION_PCT = 0.5
  parms->check_tol = 0, niterations = 100
tol=1.0e-04, sigma=2.0, host=dna08, nav=4, nbrs=2, l_repulse=5.000, l_tspring=0.300, l_nspring=0.300, l_intensity=0.200, l_curv=1.000
mom=0.00, dt=0.50
complete_dist_mat 0
rms 0
smooth_averages 0
remove_neg 0
ico_order 0
which_surface 0
target_radius 0.000000
nfields 0
scale 0.000000
desired_rms_height 0.000000
momentum 0.000000
nbhd_size 0
max_nbrs 0
niterations 100
nsurfaces 0
SURFACES 3
flags 0 (0)
use curv 0
no sulc 0
no rigid align 0
mris->nsize 2
mris->hemisphere 1
randomSeed 0

000: dt: 0.0000, sse=1428040.6, rms=6.249
001: dt: 0.5000, sse=651852.9, rms=3.711 (40.623%)
002: dt: 0.5000, sse=422209.4, rms=2.498 (32.681%)
003: dt: 0.5000, sse=371605.6, rms=2.052 (17.849%)
004: dt: 0.5000, sse=332235.3, rms=1.826 (11.004%)
rms = 1.8186/1.8263, sse=332183.9/332235.4, time step reduction 1 of 3 to 0.250  0 0 1
005: dt: 0.5000, sse=332183.9, rms=1.819 (0.421%)
006: dt: 0.2500, sse=268309.0, rms=1.080 (40.594%)
007: dt: 0.2500, sse=262510.9, rms=0.972 (10.033%)
rms = 0.9412/0.9720, sse=260605.6/262510.9, time step reduction 2 of 3 to 0.125  0 0 1
008: dt: 0.2500, sse=260605.6, rms=0.941 (3.162%)
rms = 0.9203/0.9412, sse=259543.9/260605.6, time step reduction 3 of 3 to 0.062  0 0 1
009: dt: 0.1250, sse=259543.9, rms=0.920 (2.230%)
  maximum number of reductions reached, breaking from loop
positioning took 1.0 minutes
Iteration 1 =========================================
n_averages=2, current_sigma=1
Computing target border values 
Entering MRIScomputeBorderValues_new(): 
  inside_hi   = 120.0000000;
  border_hi   = 109.2476960;
  border_low  =  75.0000000;
  outside_low =  66.2870640;
  outside_hi  = 109.2476960;
  sigma = 1;
  max_thickness = 10;
  step_size=0.5;
  STEP_SIZE=0.1;
  which = 1
  thresh = 0
  flags = 0
  CBVfindFirstPeakD1=0
  CBVfindFirstPeakD2=0
  nvertices=163374
  Gdiag_no=-1
  vno start=0, stop=163374
Replacing 255s with 0s
#SI# sigma=1 had to be increased for 152 vertices, nripped=9877
mean border=86.8, 87 (32) missing vertices, mean dist -0.2 [0.4 (%72.1)->0.3 (%27.9))]
%72 local maxima, %22 large gradients and % 0 min vals, 0 gradients ignored
nFirstPeakD1 0
MRIScomputeBorderValues_new() finished in 0.0096 min


Finding expansion regions
mean absolute distance = 0.36 +- 0.69
3277 vertices more than 2 sigmas from mean.
Averaging target values for 5 iterations...
Positioning Surface: tspring = 0.3, nspring = 0.3, spring = 0, niters = 100 l_repulse = 5, l_surf_repulse = 0, checktol = 0
Positioning pial surface
Entering MRISpositionSurface()
  max_mm = 0.3
  MAX_REDUCTIONS = 2, REDUCTION_PCT = 0.5
  parms->check_tol = 0, niterations = 100
tol=1.0e-04, sigma=1.0, host=dna08, nav=2, nbrs=2, l_repulse=5.000, l_tspring=0.300, l_nspring=0.300, l_intensity=0.200, l_curv=1.000
mom=0.00, dt=0.50
000: dt: 0.0000, sse=616451.7, rms=3.460
010: dt: 0.5000, sse=368553.8, rms=1.959 (43.387%)
011: dt: 0.5000, sse=331446.5, rms=1.621 (17.228%)
012: dt: 0.5000, sse=321739.5, rms=1.530 (5.616%)
rms = 1.6266/1.5303, sse=329657.0/321739.5, time step reduction 1 of 3 to 0.250  0 1 1
   RMS increased, rejecting step
013: dt: 0.2500, sse=285166.4, rms=1.084 (29.154%)
014: dt: 0.2500, sse=273683.5, rms=0.870 (19.712%)
rms = 0.8214/0.8704, sse=269854.2/273683.5, time step reduction 2 of 3 to 0.125  0 0 1
015: dt: 0.2500, sse=269854.2, rms=0.821 (5.629%)
rms = 0.8031/0.8214, sse=268764.0/269854.2, time step reduction 3 of 3 to 0.062  0 0 1
016: dt: 0.1250, sse=268764.0, rms=0.803 (2.232%)
  maximum number of reductions reached, breaking from loop
positioning took 0.8 minutes
Iteration 2 =========================================
n_averages=1, current_sigma=0.5
Computing target border values 
Entering MRIScomputeBorderValues_new(): 
  inside_hi   = 120.0000000;
  border_hi   = 109.2476960;
  border_low  =  75.0000000;
  outside_low =  66.2870640;
  outside_hi  = 109.2476960;
  sigma = 0.5;
  max_thickness = 10;
  step_size=0.5;
  STEP_SIZE=0.1;
  which = 1
  thresh = 0
  flags = 0
  CBVfindFirstPeakD1=0
  CBVfindFirstPeakD2=0
  nvertices=163374
  Gdiag_no=-1
  vno start=0, stop=163374
Replacing 255s with 0s
#SI# sigma=0.5 had to be increased for 120 vertices, nripped=9877
mean border=88.5, 104 (26) missing vertices, mean dist -0.1 [0.3 (%70.0)->0.2 (%30.0))]
%80 local maxima, %14 large gradients and % 0 min vals, 0 gradients ignored
nFirstPeakD1 0
MRIScomputeBorderValues_new() finished in 0.0057 min


Finding expansion regions
mean absolute distance = 0.28 +- 0.49
3946 vertices more than 2 sigmas from mean.
Averaging target values for 5 iterations...
Positioning Surface: tspring = 0.3, nspring = 0.3, spring = 0, niters = 100 l_repulse = 5, l_surf_repulse = 0, checktol = 0
Positioning pial surface
Entering MRISpositionSurface()
  max_mm = 0.3
  MAX_REDUCTIONS = 2, REDUCTION_PCT = 0.5
  parms->check_tol = 0, niterations = 100
tol=1.0e-04, sigma=0.5, host=dna08, nav=1, nbrs=2, l_repulse=5.000, l_tspring=0.300, l_nspring=0.300, l_intensity=0.200, l_curv=1.000
mom=0.00, dt=0.50
000: dt: 0.0000, sse=441445.2, rms=2.543
017: dt: 0.5000, sse=324796.4, rms=1.615 (36.496%)
018: dt: 0.5000, sse=311954.5, rms=1.482 (8.240%)
rms = 1.4862/1.4821, sse=314172.4/311954.5, time step reduction 1 of 3 to 0.250  0 1 1
   RMS increased, rejecting step
019: dt: 0.2500, sse=279436.6, rms=1.058 (28.604%)
020: dt: 0.2500, sse=266014.0, rms=0.813 (23.192%)
rms = 0.7646/0.8127, sse=262595.0/266014.0, time step reduction 2 of 3 to 0.125  0 0 1
021: dt: 0.2500, sse=262595.0, rms=0.765 (5.918%)
rms = 0.7445/0.7646, sse=261301.8/262595.0, time step reduction 3 of 3 to 0.062  0 0 1
022: dt: 0.1250, sse=261301.8, rms=0.744 (2.638%)
  maximum number of reductions reached, breaking from loop
positioning took 0.7 minutes
Iteration 3 =========================================
n_averages=0, current_sigma=0.25
Computing target border values 
Entering MRIScomputeBorderValues_new(): 
  inside_hi   = 120.0000000;
  border_hi   = 109.2476960;
  border_low  =  75.0000000;
  outside_low =  66.2870640;
  outside_hi  = 109.2476960;
  sigma = 0.25;
  max_thickness = 10;
  step_size=0.5;
  STEP_SIZE=0.1;
  which = 1
  thresh = 0
  flags = 0
  CBVfindFirstPeakD1=0
  CBVfindFirstPeakD2=0
  nvertices=163374
  Gdiag_no=-1
  vno start=0, stop=163374
Replacing 255s with 0s
#SI# sigma=0.25 had to be increased for 134 vertices, nripped=9877
mean border=89.2, 106 (26) missing vertices, mean dist -0.1 [0.3 (%57.5)->0.2 (%42.5))]
%84 local maxima, %10 large gradients and % 0 min vals, 0 gradients ignored
nFirstPeakD1 0
MRIScomputeBorderValues_new() finished in 0.0040 min


Finding expansion regions
mean absolute distance = 0.24 +- 0.39
4408 vertices more than 2 sigmas from mean.
Averaging target values for 5 iterations...
Positioning Surface: tspring = 0.3, nspring = 0.3, spring = 0, niters = 100 l_repulse = 5, l_surf_repulse = 0, checktol = 0
Positioning pial surface
Entering MRISpositionSurface()
  max_mm = 0.3
  MAX_REDUCTIONS = 2, REDUCTION_PCT = 0.5
  parms->check_tol = 0, niterations = 100
tol=1.0e-04, sigma=0.2, host=dna08, nav=0, nbrs=2, l_repulse=5.000, l_tspring=0.300, l_nspring=0.300, l_intensity=0.200, l_curv=1.000
mom=0.00, dt=0.50
000: dt: 0.0000, sse=290022.7, rms=1.279
023: dt: 0.5000, sse=271794.4, rms=0.918 (28.207%)
rms = 1.0584/0.9180, sse=277703.4/271794.4, time step reduction 1 of 3 to 0.250  0 1 1
   RMS increased, rejecting step
024: dt: 0.2500, sse=259668.8, rms=0.695 (24.322%)
025: dt: 0.2500, sse=256071.0, rms=0.629 (9.488%)
rms = 0.6065/0.6288, sse=254260.1/256071.1, time step reduction 2 of 3 to 0.125  0 0 1
026: dt: 0.2500, sse=254260.1, rms=0.607 (3.549%)
rms = 0.5986/0.6065, sse=253037.1/254260.1, time step reduction 3 of 3 to 0.062  0 0 1
027: dt: 0.1250, sse=253037.1, rms=0.599 (1.306%)
  maximum number of reductions reached, breaking from loop
positioning took 0.6 minutes


Writing output to ../surf/rh.white
#ET# mris_place_surface  3.12 minutes
#VMPC# mris_place_surfaces VmPeak  3247960
mris_place_surface done
#--------------------------------------------
#@# T1PialSurf rh Thu Mar 12 12:42:38 CET 2026
cd /out/sourcedata/freesurfer/sub-v1s11x0050155_ses-1/mri
mris_place_surface --adgws-in ../surf/autodet.gw.stats.rh.dat --seg aseg.presurf.mgz --threads 16 --wm wm.mgz --invol brain.finalsurfs.mgz --rh --i ../surf/rh.white --o ../surf/rh.pial.T1 --pial --nsmooth 0 --rip-label ../label/rh.cortex+hipamyg.label --pin-medial-wall ../label/rh.cortex.label --aparc ../label/rh.aparc.annot --repulse-surf ../surf/rh.white --white-surf ../surf/rh.white
7.3.2
7.3.2

cd /out/sourcedata/freesurfer/sub-v1s11x0050155_ses-1/mri
setenv SUBJECTS_DIR /out/sourcedata/freesurfer
mris_place_surface --adgws-in ../surf/autodet.gw.stats.rh.dat --seg aseg.presurf.mgz --threads 16 --wm wm.mgz --invol brain.finalsurfs.mgz --rh --i ../surf/rh.white --o ../surf/rh.pial.T1 --pial --nsmooth 0 --rip-label ../label/rh.cortex+hipamyg.label --pin-medial-wall ../label/rh.cortex.label --aparc ../label/rh.aparc.annot --repulse-surf ../surf/rh.white --white-surf ../surf/rh.white 

Reading in input surface ../surf/rh.white
Not smoothing input surface
Area    326744  0.33899  0.12291 0.000189   2.3751
Corner  980232 60.00000 14.17588 0.149352 178.8708
Edge    490116  0.89519  0.20010 0.014491   3.9556
Hinge   490116  8.89719 10.19961 0.000007 179.8577
Reading white surface coordinates from ../surf/rh.white
Reading repulsion surface coordinates from ../surf/rh.white
Reading in aparc ../label/rh.aparc.annot
Reading in input volume brain.finalsurfs.mgz
Reading in wm volume wm.mgz
MRIclipBrightWM(): nthresh=19913, wmmin=5, clip=110 
MRIfindBrightNonWM(): 0 bright non-wm voxels segmented.
Masking bright non-wm for pial surface mid_gray = 71.8067
MRImask(): AllowDiffGeom = 1
MRImask(): AllowDiffGeom = 1
MRImask(): AllowDiffGeom = 1
Reading in seg volume aseg.presurf.mgz
Ripping frozen voxels
Ripping vertices not in label ../label/rh.cortex+hipamyg.label
MRISripNotLabel() ripped 7007/163374 vertices (156367 unripped)
INFO: rip surface needed but not specified, so using input surface
Ripping segs (eg, WMSA, BG, frozen)
Starting MRISripSegs() d = (-2 2 0.5) segnos: 247 
MRISripSegs(): -2 2 0.5 ripped 0
vertex 81687: xyz = (34.4418,-3.76106,-26.0909) oxyz = (34.4418,-3.76106,-26.0909) wxzy = (34.4418,-3.76106,-26.0909) pxyz = (34.4418,-3.76106,-26.0909) 
CBVO Creating mask 163374
n_averages 16
Iteration 0 =========================================
n_averages=16, current_sigma=2
Computing target border values 
Entering MRIScomputeBorderValues_new(): 
  inside_hi   =  94.7523040;
  border_hi   =  66.2870640;
  border_low  =  48.8611910;
  outside_low =  10.0000000;
  outside_hi  =  61.9305950;
  sigma = 2;
  max_thickness = 10;
  step_size=0.5;
  STEP_SIZE=0.1;
  which = 2
  thresh = 0
  flags = 0
  CBVfindFirstPeakD1=0
  CBVfindFirstPeakD2=0
  nvertices=163374
  Gdiag_no=-1
  vno start=0, stop=163374
Replacing 255s with 0s
#SI# sigma=2 had to be increased for 182 vertices, nripped=7007
mean border=64.5, 237 (237) missing vertices, mean dist 1.8 [0.2 (%0.0)->2.8 (%100.0))]
%15 local maxima, %45 large gradients and %36 min vals, 0 gradients ignored
nFirstPeakD1 0
MRIScomputeBorderValues_new() finished in 0.0147 min


Averaging target values for 5 iterations...
Positioning Surface: tspring = 0.3, nspring = 0.3, spring = 0, niters = 100 l_repulse = 0, l_surf_repulse = 5, checktol = 0
Positioning pial surface
Entering MRISpositionSurface()
  max_mm = 0.3
  MAX_REDUCTIONS = 2, REDUCTION_PCT = 0.5
  parms->check_tol = 0, niterations = 100
tol=1.0e-04, sigma=2.0, host=dna08, nav=16, nbrs=2, l_surf_repulse=5.000, l_tspring=0.300, l_nspring=0.300, l_intensity=0.200, l_curv=1.000
mom=0.00, dt=0.50
complete_dist_mat 0
rms 0
smooth_averages 0
remove_neg 0
ico_order 0
which_surface 0
target_radius 0.000000
nfields 0
scale 0.000000
desired_rms_height 0.000000
momentum 0.000000
nbhd_size 0
max_nbrs 0
niterations 100
nsurfaces 0
SURFACES 3
flags 0 (0)
use curv 0
no sulc 0
no rigid align 0
mris->nsize 2
mris->hemisphere 1
randomSeed 0

000: dt: 0.0000, sse=20403378.0, rms=25.415
001: dt: 0.5000, sse=14490564.0, rms=21.367 (15.927%)
002: dt: 0.5000, sse=10202474.0, rms=17.866 (16.386%)
003: dt: 0.5000, sse=7335344.5, rms=15.076 (15.614%)
004: dt: 0.5000, sse=5482103.0, rms=12.956 (14.066%)
005: dt: 0.5000, sse=4242153.5, rms=11.315 (12.661%)
006: dt: 0.5000, sse=3324571.0, rms=9.926 (12.275%)
007: dt: 0.5000, sse=2626603.5, rms=8.721 (12.144%)
008: dt: 0.5000, sse=2077968.4, rms=7.639 (12.408%)
009: dt: 0.5000, sse=1670763.0, rms=6.722 (12.008%)
010: dt: 0.5000, sse=1360847.6, rms=5.927 (11.823%)
011: dt: 0.5000, sse=1142527.8, rms=5.293 (10.688%)
012: dt: 0.5000, sse=974813.8, rms=4.748 (10.300%)
013: dt: 0.5000, sse=855402.5, rms=4.317 (9.089%)
014: dt: 0.5000, sse=763059.2, rms=3.950 (8.499%)
015: dt: 0.5000, sse=704386.4, rms=3.696 (6.427%)
016: dt: 0.5000, sse=655201.8, rms=3.469 (6.150%)
017: dt: 0.5000, sse=624708.3, rms=3.318 (4.331%)
018: dt: 0.5000, sse=594564.1, rms=3.163 (4.675%)
019: dt: 0.5000, sse=580261.4, rms=3.086 (2.455%)
020: dt: 0.5000, sse=561190.1, rms=2.980 (3.416%)
rms = 2.9477/2.9802, sse=555808.4/561190.1, time step reduction 1 of 3 to 0.250  0 0 1
021: dt: 0.5000, sse=555808.4, rms=2.948 (1.090%)
022: dt: 0.2500, sse=479256.4, rms=2.476 (15.993%)
023: dt: 0.2500, sse=466336.3, rms=2.388 (3.561%)
rms = 2.3414/2.3881, sse=459723.7/466336.3, time step reduction 2 of 3 to 0.125  0 0 1
024: dt: 0.2500, sse=459723.7, rms=2.341 (1.957%)
025: dt: 0.1250, sse=451728.9, rms=2.283 (2.501%)
rms = 2.2615/2.2828, sse=448866.2/451728.9, time step reduction 3 of 3 to 0.062  0 0 1
026: dt: 0.1250, sse=448866.2, rms=2.261 (0.935%)
  maximum number of reductions reached, breaking from loop
positioning took 2.1 minutes
Iteration 1 =========================================
n_averages=8, current_sigma=1
Computing target border values 
Entering MRIScomputeBorderValues_new(): 
  inside_hi   =  94.7523040;
  border_hi   =  66.2870640;
  border_low  =  48.8611910;
  outside_low =  10.0000000;
  outside_hi  =  61.9305950;
  sigma = 1;
  max_thickness = 10;
  step_size=0.5;
  STEP_SIZE=0.1;
  which = 2
  thresh = 0
  flags = 0
  CBVfindFirstPeakD1=0
  CBVfindFirstPeakD2=0
  nvertices=163374
  Gdiag_no=-1
  vno start=0, stop=163374
Replacing 255s with 0s
#SI# sigma=1 had to be increased for 12087 vertices, nripped=7007
mean border=63.4, 1698 (24) missing vertices, mean dist 0.2 [0.2 (%47.0)->0.6 (%53.0))]
%26 local maxima, %37 large gradients and %32 min vals, 0 gradients ignored
nFirstPeakD1 0
MRIScomputeBorderValues_new() finished in 0.0070 min


Averaging target values for 5 iterations...
Positioning Surface: tspring = 0.3, nspring = 0.3, spring = 0, niters = 100 l_repulse = 0, l_surf_repulse = 5, checktol = 0
Positioning pial surface
Entering MRISpositionSurface()
  max_mm = 0.3
  MAX_REDUCTIONS = 2, REDUCTION_PCT = 0.5
  parms->check_tol = 0, niterations = 100
tol=1.0e-04, sigma=1.0, host=dna08, nav=8, nbrs=2, l_surf_repulse=5.000, l_tspring=0.300, l_nspring=0.300, l_intensity=0.200, l_curv=1.000
mom=0.00, dt=0.50
000: dt: 0.0000, sse=669129.2, rms=3.180
027: dt: 0.5000, sse=603343.3, rms=2.822 (11.232%)
028: dt: 0.5000, sse=583992.6, rms=2.718 (3.697%)
rms = 2.7550/2.7181, sse=590506.1/583992.6, time step reduction 1 of 3 to 0.250  0 1 1
   RMS increased, rejecting step
029: dt: 0.2500, sse=535742.0, rms=2.407 (11.442%)
030: dt: 0.2500, sse=517457.5, rms=2.276 (5.463%)
rms = 2.2489/2.2756, sse=513988.7/517457.5, time step reduction 2 of 3 to 0.125  0 0 1
031: dt: 0.2500, sse=513988.8, rms=2.249 (1.170%)
032: dt: 0.1250, sse=503057.9, rms=2.166 (3.671%)
rms = 2.1448/2.1664, sse=500271.6/503057.9, time step reduction 3 of 3 to 0.062  0 0 1
033: dt: 0.1250, sse=500271.6, rms=2.145 (0.996%)
  maximum number of reductions reached, breaking from loop
positioning took 0.7 minutes
Iteration 2 =========================================
n_averages=4, current_sigma=0.5
Computing target border values 
Entering MRIScomputeBorderValues_new(): 
  inside_hi   =  94.7523040;
  border_hi   =  66.2870640;
  border_low  =  48.8611910;
  outside_low =  10.0000000;
  outside_hi  =  61.9305950;
  sigma = 0.5;
  max_thickness = 10;
  step_size=0.5;
  STEP_SIZE=0.1;
  which = 2
  thresh = 0
  flags = 0
  CBVfindFirstPeakD1=0
  CBVfindFirstPeakD2=0
  nvertices=163374
  Gdiag_no=-1
  vno start=0, stop=163374
Replacing 255s with 0s
#SI# sigma=0.5 had to be increased for 13881 vertices, nripped=7007
mean border=62.7, 2074 (17) missing vertices, mean dist 0.1 [0.2 (%42.4)->0.5 (%57.6))]
%38 local maxima, %25 large gradients and %32 min vals, 0 gradients ignored
nFirstPeakD1 0
MRIScomputeBorderValues_new() finished in 0.0042 min


Averaging target values for 5 iterations...
Positioning Surface: tspring = 0.3, nspring = 0.3, spring = 0, niters = 100 l_repulse = 0, l_surf_repulse = 5, checktol = 0
Positioning pial surface
Entering MRISpositionSurface()
  max_mm = 0.3
  MAX_REDUCTIONS = 2, REDUCTION_PCT = 0.5
  parms->check_tol = 0, niterations = 100
tol=1.0e-04, sigma=0.5, host=dna08, nav=4, nbrs=2, l_surf_repulse=5.000, l_tspring=0.300, l_nspring=0.300, l_intensity=0.200, l_curv=1.000
mom=0.00, dt=0.50
000: dt: 0.0000, sse=560551.3, rms=2.513
rms = 2.4653/2.5134, sse=553516.1/560551.3, time step reduction 1 of 3 to 0.250  0 0 1
034: dt: 0.5000, sse=553516.1, rms=2.465 (1.917%)
035: dt: 0.2500, sse=512054.7, rms=2.178 (11.652%)
036: dt: 0.2500, sse=503941.6, rms=2.118 (2.758%)
rms = 2.1178/2.1179, sse=503856.4/503941.6, time step reduction 2 of 3 to 0.125  0 0 1
037: dt: 0.2500, sse=503856.4, rms=2.118 (0.008%)
038: dt: 0.1250, sse=493587.6, rms=2.036 (3.849%)
rms = 2.0105/2.0363, sse=490296.3/493587.6, time step reduction 3 of 3 to 0.062  0 0 1
039: dt: 0.1250, sse=490296.3, rms=2.011 (1.265%)
  maximum number of reductions reached, breaking from loop
positioning took 0.5 minutes
Iteration 3 =========================================
n_averages=2, current_sigma=0.25
Computing target border values 
Entering MRIScomputeBorderValues_new(): 
  inside_hi   =  94.7523040;
  border_hi   =  66.2870640;
  border_low  =  48.8611910;
  outside_low =  10.0000000;
  outside_hi  =  61.9305950;
  sigma = 0.25;
  max_thickness = 10;
  step_size=0.5;
  STEP_SIZE=0.1;
  which = 2
  thresh = 0
  flags = 0
  CBVfindFirstPeakD1=0
  CBVfindFirstPeakD2=0
  nvertices=163374
  Gdiag_no=-1
  vno start=0, stop=163374
Replacing 255s with 0s
#SI# sigma=0.25 had to be increased for 12072 vertices, nripped=7007
mean border=62.2, 4986 (15) missing vertices, mean dist 0.1 [0.2 (%43.4)->0.4 (%56.6))]
%44 local maxima, %18 large gradients and %31 min vals, 0 gradients ignored
nFirstPeakD1 0
MRIScomputeBorderValues_new() finished in 0.0029 min


Averaging target values for 5 iterations...
Positioning Surface: tspring = 0.3, nspring = 0.3, spring = 0, niters = 100 l_repulse = 0, l_surf_repulse = 5, checktol = 0
Positioning pial surface
Entering MRISpositionSurface()
  max_mm = 0.3
  MAX_REDUCTIONS = 2, REDUCTION_PCT = 0.5
  parms->check_tol = 0, niterations = 100
tol=1.0e-04, sigma=0.2, host=dna08, nav=2, nbrs=2, l_surf_repulse=5.000, l_tspring=0.300, l_nspring=0.300, l_intensity=0.200, l_curv=1.000
mom=0.00, dt=0.50
000: dt: 0.0000, sse=508117.8, rms=2.137
rms = 2.2005/2.1372, sse=516164.3/508117.8, time step reduction 1 of 3 to 0.250  0 1 1
   RMS increased, rejecting step
040: dt: 0.2500, sse=494728.8, rms=2.032 (4.911%)
rms = 1.9867/2.0323, sse=488849.8/494728.8, time step reduction 2 of 3 to 0.125  0 0 1
041: dt: 0.2500, sse=488849.8, rms=1.987 (2.243%)
rms = 1.9445/1.9867, sse=483906.0/488849.8, time step reduction 3 of 3 to 0.062  0 0 1
042: dt: 0.1250, sse=483905.9, rms=1.944 (2.124%)
  maximum number of reductions reached, breaking from loop
positioning took 0.3 minutes
Pinning medial wall to white surface
removing intersecting faces
000: 25 intersecting
001: 14 intersecting
terminating search with 0 intersecting


Writing output to ../surf/rh.pial.T1
#ET# mris_place_surface  3.78 minutes
#VMPC# mris_place_surfaces VmPeak  2546520
mris_place_surface done
#@# white curv rh Thu Mar 12 12:46:31 CET 2026
cd /out/sourcedata/freesurfer/sub-v1s11x0050155_ses-1/mri
mris_place_surface --curv-map ../surf/rh.white 2 10 ../surf/rh.curv
insurf  ../surf/rh.white, nbrs 2, curvature_avgs 10
writing curvature file ../surf/rh.curv
#@# white area rh Thu Mar 12 12:46:32 CET 2026
cd /out/sourcedata/freesurfer/sub-v1s11x0050155_ses-1/mri
mris_place_surface --area-map ../surf/rh.white ../surf/rh.area
writing curvature file ../surf/rh.area
#@# pial curv rh Thu Mar 12 12:46:33 CET 2026
cd /out/sourcedata/freesurfer/sub-v1s11x0050155_ses-1/mri
mris_place_surface --curv-map ../surf/rh.pial 2 10 ../surf/rh.curv.pial
insurf  ../surf/rh.pial, nbrs 2, curvature_avgs 10
writing curvature file ../surf/rh.curv.pial
#@# pial area rh Thu Mar 12 12:46:34 CET 2026
cd /out/sourcedata/freesurfer/sub-v1s11x0050155_ses-1/mri
mris_place_surface --area-map ../surf/rh.pial ../surf/rh.area.pial
writing curvature file ../surf/rh.area.pial
#@# thickness rh Thu Mar 12 12:46:35 CET 2026
cd /out/sourcedata/freesurfer/sub-v1s11x0050155_ses-1/mri
mris_place_surface --thickness ../surf/rh.white ../surf/rh.pial 20 5 ../surf/rh.thickness
0 of 163374 vertices processed
25000 of 163374 vertices processed
50000 of 163374 vertices processed
75000 of 163374 vertices processed
100000 of 163374 vertices processed
125000 of 163374 vertices processed
150000 of 163374 vertices processed
0 of 163374 vertices processed
25000 of 163374 vertices processed
50000 of 163374 vertices processed
75000 of 163374 vertices processed
100000 of 163374 vertices processed
125000 of 163374 vertices processed
150000 of 163374 vertices processed
thickness calculation complete, 1110:4000 truncations.
80075 vertices at 0 distance
128547 vertices at 1 distance
70933 vertices at 2 distance
27850 vertices at 3 distance
10994 vertices at 4 distance
4410 vertices at 5 distance
1952 vertices at 6 distance
894 vertices at 7 distance
458 vertices at 8 distance
245 vertices at 9 distance
141 vertices at 10 distance
85 vertices at 11 distance
60 vertices at 12 distance
28 vertices at 13 distance
12 vertices at 14 distance
8 vertices at 15 distance
12 vertices at 16 distance
15 vertices at 17 distance
8 vertices at 18 distance
9 vertices at 19 distance
12 vertices at 20 distance
writing curvature file ../surf/rh.thickness
#@# area and vertex vol rh Thu Mar 12 12:47:03 CET 2026
cd /out/sourcedata/freesurfer/sub-v1s11x0050155_ses-1/mri
mris_place_surface --thickness ../surf/rh.white ../surf/rh.pial 20 5 ../surf/rh.thickness
/out/sourcedata/freesurfer/sub-v1s11x0050155_ses-1/surf
mris_calc -o rh.area.mid rh.area add rh.area.pial
Saving result to 'rh.area.mid' (type = MRI_CURV_FILE)                       [ ok ]
mris_calc -o rh.area.mid rh.area.mid div 2
Saving result to 'rh.area.mid' (type = MRI_CURV_FILE)                       [ ok ]
mris_convert --volume sub-v1s11x0050155_ses-1 rh /out/sourcedata/freesurfer/sub-v1s11x0050155_ses-1/surf/rh.volume
masking with /out/sourcedata/freesurfer/sub-v1s11x0050155_ses-1/label/rh.cortex.label
Total face volume 320949
Total vertex volume 320706 (mask=0)
#@# sub-v1s11x0050155_ses-1 rh 320706
 
vertexvol Done

#-----------------------------------------
#@# Curvature Stats rh Thu Mar 12 12:47:05 CET 2026
/out/sourcedata/freesurfer/sub-v1s11x0050155_ses-1/surf

 mris_curvature_stats -m --writeCurvatureFiles -G -o ../stats/rh.curv.stats -F smoothwm sub-v1s11x0050155_ses-1 rh curv sulc 

             Toggling save flag on curvature files                       [ ok ]
                 Outputting results using filestem   [ ../stats/rh.curv.stats ]
             Toggling save flag on curvature files                       [ ok ]
                                   Setting surface [ sub-v1s11x0050155_ses-1/rh.smoothwm ]
                                Reading surface...                       [ ok ]
                                   Setting texture                     [ curv ]
                                Reading texture...                       [ ok ]
                                   Setting texture                     [ sulc ]
                                Reading texture...Gb_filter = 0
                       [ ok ]
      Calculating Discrete Principal Curvatures...
      Determining geometric order for vno faces... [####################] [ ok ]
                      Determining KH curvatures... [####################] [ ok ]
                    Determining k1k2 curvatures... [####################] [ ok ]
                                   deltaViolations                      [ 281 ]
Gb_filter = 0

WARN:    S lookup   min:                          -0.069366
WARN:    S explicit min:                          0.000000	vertex = 431
#-----------------------------------------
#@# Cortical Parc 2 rh Thu Mar 12 12:47:07 CET 2026
/out/sourcedata/freesurfer/sub-v1s11x0050155_ses-1/scripts

 mris_ca_label -l ../label/rh.cortex.label -aseg ../mri/aseg.presurf.mgz -seed 1234 sub-v1s11x0050155_ses-1 rh ../surf/rh.sphere.reg /opt/freesurfer/average/rh.CDaparc.atlas.acfb40.noaparc.i12.2016-08-02.gcs ../label/rh.aparc.a2009s.annot 

setting seed for random number generator to 1234
using ../mri/aseg.presurf.mgz aseg volume to correct midline
7.3.2
  7.3.2
reading atlas from /opt/freesurfer/average/rh.CDaparc.atlas.acfb40.noaparc.i12.2016-08-02.gcs...
reading color table from GCSA file....
average std = 1.4   using min determinant for regularization = 0.021
0 singular and 0 ill-conditioned covariance matrices regularized
input 0: MEAN CURVATURE, flags 0, avgs 5, name mean_curvature
labeling surface...
39 labels changed using aseg
relabeling using gibbs priors...
000:  10677 changed, 163374 examined...
001:   2434 changed, 41134 examined...
002:    725 changed, 12901 examined...
003:    279 changed, 4203 examined...
004:    159 changed, 1656 examined...
005:     70 changed, 914 examined...
006:     39 changed, 410 examined...
007:     21 changed, 217 examined...
008:     14 changed, 125 examined...
009:      5 changed, 75 examined...
010:      0 changed, 29 examined...
10 labels changed using aseg
000: 287 total segments, 204 labels (3246 vertices) changed
001: 104 total segments, 23 labels (155 vertices) changed
002: 84 total segments, 3 labels (11 vertices) changed
003: 81 total segments, 0 labels (0 vertices) changed
10 filter iterations complete (10 requested, 38 changed)
rationalizing unknown annotations with cortex label
relabeling Medial_wall label...
1165 vertices marked for relabeling...
1165 labels changed in reclassification.
writing output to ../label/rh.aparc.a2009s.annot...
classification took 0 minutes and 15 seconds.
#-----------------------------------------
#@# Cortical Parc 3 rh Thu Mar 12 12:47:21 CET 2026
/out/sourcedata/freesurfer/sub-v1s11x0050155_ses-1/scripts

 mris_ca_label -l ../label/rh.cortex.label -aseg ../mri/aseg.presurf.mgz -seed 1234 sub-v1s11x0050155_ses-1 rh ../surf/rh.sphere.reg /opt/freesurfer/average/rh.DKTaparc.atlas.acfb40.noaparc.i12.2016-08-02.gcs ../label/rh.aparc.DKTatlas.annot 

setting seed for random number generator to 1234
using ../mri/aseg.presurf.mgz aseg volume to correct midline
7.3.2
  7.3.2
reading atlas from /opt/freesurfer/average/rh.DKTaparc.atlas.acfb40.noaparc.i12.2016-08-02.gcs...
reading color table from GCSA file....
average std = 0.9   using min determinant for regularization = 0.009
0 singular and 325 ill-conditioned covariance matrices regularized
input 0: MEAN CURVATURE, flags 0, avgs 5, name mean_curvature
labeling surface...
1656 labels changed using aseg
relabeling using gibbs priors...
000:   2288 changed, 163374 examined...
001:    528 changed, 10732 examined...
002:    164 changed, 2983 examined...
003:     66 changed, 988 examined...
004:     16 changed, 395 examined...
005:      9 changed, 103 examined...
006:      4 changed, 51 examined...
007:      2 changed, 29 examined...
008:      3 changed, 13 examined...
009:      3 changed, 17 examined...
010:      6 changed, 21 examined...
011:      6 changed, 29 examined...
012:      4 changed, 25 examined...
013:      5 changed, 21 examined...
014:      6 changed, 19 examined...
015:      7 changed, 23 examined...
016:      3 changed, 29 examined...
017:      2 changed, 18 examined...
018:      2 changed, 15 examined...
019:      2 changed, 12 examined...
020:      1 changed, 10 examined...
021:      2 changed, 7 examined...
022:      2 changed, 13 examined...
023:      3 changed, 13 examined...
024:      1 changed, 18 examined...
025:      1 changed, 7 examined...
026:      0 changed, 7 examined...
250 labels changed using aseg
000: 45 total segments, 12 labels (72 vertices) changed
001: 33 total segments, 0 labels (0 vertices) changed
10 filter iterations complete (10 requested, 2 changed)
rationalizing unknown annotations with cortex label
relabeling unknown label...
relabeling corpuscallosum label...
962 vertices marked for relabeling...
962 labels changed in reclassification.
writing output to ../label/rh.aparc.DKTatlas.annot...
classification took 0 minutes and 10 seconds.
#-----------------------------------------
#@# WM/GM Contrast rh Thu Mar 12 12:47:31 CET 2026
/out/sourcedata/freesurfer/sub-v1s11x0050155_ses-1/scripts

 pctsurfcon --s sub-v1s11x0050155_ses-1 --rh-only 

Log file is /out/sourcedata/freesurfer/sub-v1s11x0050155_ses-1/scripts/pctsurfcon.log
Thu Mar 12 12:47:31 CET 2026
setenv SUBJECTS_DIR /out/sourcedata/freesurfer
cd /out/sourcedata/freesurfer/sub-v1s11x0050155_ses-1/scripts
/opt/freesurfer/bin/pctsurfcon
pctsurfcon 7.3.2
Linux dna085 5.14.0-427.37.1.el9_4.x86_64 #1 SMP PREEMPT_DYNAMIC Fri Sep 13 12:41:50 EDT 2024 x86_64 x86_64 x86_64 GNU/Linux
FREESURFER_HOME /opt/freesurfer
mri_vol2surf --mov /out/sourcedata/freesurfer/sub-v1s11x0050155_ses-1/mri/rawavg.mgz --hemi rh --noreshape --interp trilinear --projdist -1 --o /out/sourcedata/freesurfer/sub-v1s11x0050155_ses-1/surf/tmp.pctsurfcon.423725/rh.wm.mgh --regheader sub-v1s11x0050155_ses-1 --cortex
srcvol = /out/sourcedata/freesurfer/sub-v1s11x0050155_ses-1/mri/rawavg.mgz
srcreg unspecified
srcregold = 0
srcwarp unspecified
surf = white
hemi = rh
ProjDist = -1
reshape = 0
interp = trilinear
float2int = round
GetProjMax = 0
INFO: float2int code = 0
Done loading volume
Computing registration from header.
  Using /out/sourcedata/freesurfer/sub-v1s11x0050155_ses-1/mri/orig.mgz as target reference.
-------- original matrix -----------
-0.99756   0.00000   0.06976   0.00000;
 0.06976   0.00000   0.99756   0.00002;
 0.00000  -1.00000   0.00000   0.00002;
 0.00000   0.00000   0.00000   1.00000;
-------- original matrix -----------
Loading label /out/sourcedata/freesurfer/sub-v1s11x0050155_ses-1/label/rh.cortex.label
Reading surface /out/sourcedata/freesurfer/sub-v1s11x0050155_ses-1/surf/rh.white
Done reading source surface
Mapping Source Volume onto Source Subject Surface
Projecting -1 -1 1
 1 -1 -1 -1
using old
Done mapping volume to surface
Number of source voxels hit = 91708
Masking with /out/sourcedata/freesurfer/sub-v1s11x0050155_ses-1/label/rh.cortex.label
Writing to /out/sourcedata/freesurfer/sub-v1s11x0050155_ses-1/surf/tmp.pctsurfcon.423725/rh.wm.mgh
Dim: 163374 1 1
mri_vol2surf --mov /out/sourcedata/freesurfer/sub-v1s11x0050155_ses-1/mri/rawavg.mgz --hemi rh --noreshape --interp trilinear --o /out/sourcedata/freesurfer/sub-v1s11x0050155_ses-1/surf/tmp.pctsurfcon.423725/rh.gm.mgh --projfrac 0.3 --regheader sub-v1s11x0050155_ses-1 --cortex
srcvol = /out/sourcedata/freesurfer/sub-v1s11x0050155_ses-1/mri/rawavg.mgz
srcreg unspecified
srcregold = 0
srcwarp unspecified
surf = white
hemi = rh
ProjFrac = 0.3
thickness = thickness
reshape = 0
interp = trilinear
float2int = round
GetProjMax = 0
INFO: float2int code = 0
Done loading volume
Computing registration from header.
  Using /out/sourcedata/freesurfer/sub-v1s11x0050155_ses-1/mri/orig.mgz as target reference.
-------- original matrix -----------
-0.99756   0.00000   0.06976   0.00000;
 0.06976   0.00000   0.99756   0.00002;
 0.00000  -1.00000   0.00000   0.00002;
 0.00000   0.00000   0.00000   1.00000;
-------- original matrix -----------
Loading label /out/sourcedata/freesurfer/sub-v1s11x0050155_ses-1/label/rh.cortex.label
Reading surface /out/sourcedata/freesurfer/sub-v1s11x0050155_ses-1/surf/rh.white
Done reading source surface
Reading thickness /out/sourcedata/freesurfer/sub-v1s11x0050155_ses-1/surf/rh.thickness
Done
Mapping Source Volume onto Source Subject Surface
Projecting 0.3 0.3 1
 1 0.3 0.3 0.3
using old
Done mapping volume to surface
Number of source voxels hit = 106610
Masking with /out/sourcedata/freesurfer/sub-v1s11x0050155_ses-1/label/rh.cortex.label
Writing to /out/sourcedata/freesurfer/sub-v1s11x0050155_ses-1/surf/tmp.pctsurfcon.423725/rh.gm.mgh
Dim: 163374 1 1
mri_concat /out/sourcedata/freesurfer/sub-v1s11x0050155_ses-1/surf/tmp.pctsurfcon.423725/rh.wm.mgh /out/sourcedata/freesurfer/sub-v1s11x0050155_ses-1/surf/tmp.pctsurfcon.423725/rh.gm.mgh --paired-diff-norm --mul 100 --o /out/sourcedata/freesurfer/sub-v1s11x0050155_ses-1/surf/rh.w-g.pct.mgh
ninputs = 2
Checking inputs
nframestot = 2
Allocing output
Done allocing
Combining pairs
nframes = 1
Multiplying by 100.000000
Writing to /out/sourcedata/freesurfer/sub-v1s11x0050155_ses-1/surf/rh.w-g.pct.mgh
mri_segstats --in /out/sourcedata/freesurfer/sub-v1s11x0050155_ses-1/surf/rh.w-g.pct.mgh --annot sub-v1s11x0050155_ses-1 rh aparc --sum /out/sourcedata/freesurfer/sub-v1s11x0050155_ses-1/stats/rh.w-g.pct.stats --snr

7.3.2
cwd 
cmdline mri_segstats --in /out/sourcedata/freesurfer/sub-v1s11x0050155_ses-1/surf/rh.w-g.pct.mgh --annot sub-v1s11x0050155_ses-1 rh aparc --sum /out/sourcedata/freesurfer/sub-v1s11x0050155_ses-1/stats/rh.w-g.pct.stats --snr 
sysname  Linux
hostname dna085
machine  x86_64
user     oesteban
whitesurfname  white
UseRobust  0
Constructing seg from annotation

Reading annotation /out/sourcedata/freesurfer/sub-v1s11x0050155_ses-1/label/rh.aparc.annot
Seg base 2000
Loading /out/sourcedata/freesurfer/sub-v1s11x0050155_ses-1/surf/rh.w-g.pct.mgh
Vertex Area is 0.677973 mm^3
Generating list of segmentation ids
Found  36 segmentations
Computing statistics for each segmentation

Reporting on  35 segmentations
Using PrintSegStat
mri_segstats done
Cleaning up

Started at Thu Mar 12 12:22:34 CET 2026 
Ended   at Thu Mar 12 12:47:34 CET 2026
#@#%# recon-all-run-time-hours 0.417
recon-all -s sub-v1s11x0050155_ses-1 finished without error at Thu Mar 12 12:47:34 CET 2026



#New# invocation of recon-all 




Thu Mar 12 12:56:31 CET 2026
cd /out/sourcedata/freesurfer/sub-v1s11x0050155_ses-1
setenv SUBJECTS_DIR /out/sourcedata/freesurfer
/opt/freesurfer/bin/recon-all -autorecon-hemi rh -nohyporelabel -rh-only -openmp 16 -subjid sub-v1s11x0050155_ses-1 -sd /out/sourcedata/freesurfer -notessellate -nosmooth1 -noinflate1 -noqsphere -nofix -nowhite -nosmooth2 -noinflate2 -nocurvHK -nocurvstats -nosphere -nosurfreg -nojacobian_white -noavgcurv -nocortparc -nopial -nocortparc2 -nocortparc3 -nopctsurfcon

subjid sub-v1s11x0050155_ses-1
setenv SUBJECTS_DIR /out/sourcedata/freesurfer
FREESURFER_HOME /opt/freesurfer
Actual FREESURFER_HOME /opt/freesurfer
build-stamp.txt: freesurfer-linux-ubuntu22_x86_64-7.3.2-20220804-6354275
Linux dna085 5.14.0-427.37.1.el9_4.x86_64 #1 SMP PREEMPT_DYNAMIC Fri Sep 13 12:41:50 EDT 2024 x86_64 x86_64 x86_64 GNU/Linux
cputime      unlimited
filesize     unlimited
datasize     unlimited
stacksize    8192 kbytes
coredumpsize 0 kbytes
memoryuse    67108864 kbytes
vmemoryuse   unlimited
descriptors  1024 
memorylocked unlimited
maxproc      2061970 
maxlocks     unlimited
maxsignal    2062024 
maxmessage   819200 
maxnice      0 
maxrtprio    0 
maxrttime    unlimited

               total        used        free      shared  buff/cache   available
Mem:           503Gi       326Gi       151Gi       9.7Gi        25Gi       164Gi
Swap:             0B          0B          0B

########################################
program versions used
7.3.2 (freesurfer-linux-ubuntu22_x86_64-7.3.2-20220804-6354275)
7.3.2

ProgramName: lta_convert  ProgramArguments: lta_convert -all-info  ProgramVersion: 7.3.2  TimeStamp: 2026/03/12-11:56:31-GMT  BuildTime: Aug  4 2022 06:17:15  BuildStamp: freesurfer-linux-ubuntu22_x86_64-7.3.2-20220804-6354275  User: oesteban  Machine: dna085  Platform: Linux  PlatformVersion: 5.14.0-427.37.1.el9_4.x86_64  CompilerName: GCC  CompilerVersion: 8.4.0
ProgramName: mri_and  ProgramArguments: mri_and -all-info  ProgramVersion: 7.3.2  TimeStamp: 2026/03/12-11:56:31-GMT  BuildTime: Aug  4 2022 06:17:15  BuildStamp: freesurfer-linux-ubuntu22_x86_64-7.3.2-20220804-6354275  User: oesteban  Machine: dna085  Platform: Linux  PlatformVersion: 5.14.0-427.37.1.el9_4.x86_64  CompilerName: GCC  CompilerVersion: 8.4.0
ProgramName: mri_annotation2label  ProgramArguments: mri_annotation2label -all-info  ProgramVersion: 7.3.2  TimeStamp: 2026/03/12-11:56:31-GMT  BuildTime: Aug  4 2022 06:17:15  BuildStamp: freesurfer-linux-ubuntu22_x86_64-7.3.2-20220804-6354275  User: oesteban  Machine: dna085  Platform: Linux  PlatformVersion: 5.14.0-427.37.1.el9_4.x86_64  CompilerName: GCC  CompilerVersion: 8.4.0
ProgramName: mri_aparc2aseg  ProgramArguments: mri_aparc2aseg -all-info  ProgramVersion: 7.3.2  TimeStamp: 2026/03/12-11:56:31-GMT  BuildTime: Aug  4 2022 06:17:15  BuildStamp: freesurfer-linux-ubuntu22_x86_64-7.3.2-20220804-6354275  User: oesteban  Machine: dna085  Platform: Linux  PlatformVersion: 5.14.0-427.37.1.el9_4.x86_64  CompilerName: GCC  CompilerVersion: 8.4.0
ProgramName: mri_surf2volseg  ProgramArguments: mri_surf2volseg -all-info  ProgramVersion: 7.3.2  TimeStamp: 2026/03/12-11:56:31-GMT  BuildTime: Aug  4 2022 06:17:15  BuildStamp: freesurfer-linux-ubuntu22_x86_64-7.3.2-20220804-6354275  User: oesteban  Machine: dna085  Platform: Linux  PlatformVersion: 5.14.0-427.37.1.el9_4.x86_64  CompilerName: GCC  CompilerVersion: 8.4.0
ProgramName: mri_binarize  ProgramArguments: mri_binarize -all-info  ProgramVersion: 7.3.2  TimeStamp: 2026/03/12-11:56:31-GMT  BuildTime: Aug  4 2022 06:17:15  BuildStamp: freesurfer-linux-ubuntu22_x86_64-7.3.2-20220804-6354275  User: oesteban  Machine: dna085  Platform: Linux  PlatformVersion: 5.14.0-427.37.1.el9_4.x86_64  CompilerName: GCC  CompilerVersion: 8.4.0
ProgramName: mri_ca_label  ProgramArguments: mri_ca_label -all-info  ProgramVersion: 7.3.2  TimeStamp: 2026/03/12-11:56:31-GMT  BuildTime: Aug  4 2022 06:17:15  BuildStamp: freesurfer-linux-ubuntu22_x86_64-7.3.2-20220804-6354275  User: oesteban  Machine: dna085  Platform: Linux  PlatformVersion: 5.14.0-427.37.1.el9_4.x86_64  CompilerName: GCC  CompilerVersion: 8.4.0
ProgramName: mri_ca_normalize  ProgramArguments: mri_ca_normalize -all-info  ProgramVersion: 7.3.2  TimeStamp: 2026/03/12-11:56:31-GMT  BuildTime: Aug  4 2022 06:17:15  BuildStamp: freesurfer-linux-ubuntu22_x86_64-7.3.2-20220804-6354275  User: oesteban  Machine: dna085  Platform: Linux  PlatformVersion: 5.14.0-427.37.1.el9_4.x86_64  CompilerName: GCC  CompilerVersion: 8.4.0
ProgramName: mri_ca_register  ProgramArguments: mri_ca_register -all-info  ProgramVersion: 7.3.2  TimeStamp: 2026/03/12-11:56:31-GMT  BuildTime: Aug  4 2022 06:17:15  BuildStamp: freesurfer-linux-ubuntu22_x86_64-7.3.2-20220804-6354275  User: oesteban  Machine: dna085  Platform: Linux  PlatformVersion: 5.14.0-427.37.1.el9_4.x86_64  CompilerName: GCC  CompilerVersion: 8.4.0
ProgramName: mri_cc  ProgramArguments: mri_cc -all-info  ProgramVersion: 7.3.2  TimeStamp: 2026/03/12-11:56:31-GMT  BuildTime: Aug  4 2022 06:17:15  BuildStamp: freesurfer-linux-ubuntu22_x86_64-7.3.2-20220804-6354275  User: oesteban  Machine: dna085  Platform: Linux  PlatformVersion: 5.14.0-427.37.1.el9_4.x86_64  CompilerName: GCC  CompilerVersion: 8.4.0
ProgramName: mri_compute_overlap  ProgramArguments: mri_compute_overlap -all-info  ProgramVersion: 7.3.2  TimeStamp: 2026/03/12-11:56:31-GMT  BuildTime: Aug  4 2022 06:17:15  BuildStamp: freesurfer-linux-ubuntu22_x86_64-7.3.2-20220804-6354275  User: oesteban  Machine: dna085  Platform: Linux  PlatformVersion: 5.14.0-427.37.1.el9_4.x86_64  CompilerName: GCC  CompilerVersion: 8.4.0
ProgramName: mri_compute_seg_overlap  ProgramArguments: mri_compute_seg_overlap -all-info  ProgramVersion: 7.3.2  TimeStamp: 2026/03/12-11:56:31-GMT  BuildTime: Aug  4 2022 06:17:15  BuildStamp: freesurfer-linux-ubuntu22_x86_64-7.3.2-20220804-6354275  User: oesteban  Machine: dna085  Platform: Linux  PlatformVersion: 5.14.0-427.37.1.el9_4.x86_64  CompilerName: GCC  CompilerVersion: 8.4.0
ProgramName: mri_concat  ProgramArguments: mri_concat -all-info  ProgramVersion: 7.3.2  TimeStamp: 2026/03/12-11:56:31-GMT  BuildTime: Aug  4 2022 06:17:15  BuildStamp: freesurfer-linux-ubuntu22_x86_64-7.3.2-20220804-6354275  User: oesteban  Machine: dna085  Platform: Linux  PlatformVersion: 5.14.0-427.37.1.el9_4.x86_64  CompilerName: GCC  CompilerVersion: 8.4.0
ProgramName: mri_concatenate_lta  ProgramArguments: mri_concatenate_lta -all-info  ProgramVersion: 7.3.2  TimeStamp: 2026/03/12-11:56:31-GMT  BuildTime: Aug  4 2022 06:17:15  BuildStamp: freesurfer-linux-ubuntu22_x86_64-7.3.2-20220804-6354275  User: oesteban  Machine: dna085  Platform: Linux  PlatformVersion: 5.14.0-427.37.1.el9_4.x86_64  CompilerName: GCC  CompilerVersion: 8.4.0
mri_convert -all-info 
ProgramName: mri_convert  ProgramArguments: mri_convert -all-info  ProgramVersion: 7.3.2  TimeStamp: 2026/03/12-11:56:31-GMT  BuildTime: Aug  4 2022 06:17:15  BuildStamp: freesurfer-linux-ubuntu22_x86_64-7.3.2-20220804-6354275  User: oesteban  Machine: dna085  Platform: Linux  PlatformVersion: 5.14.0-427.37.1.el9_4.x86_64  CompilerName: GCC  CompilerVersion: 8.4.0
ProgramName: mri_diff  ProgramArguments: mri_diff -all-info  ProgramVersion: 7.3.2  TimeStamp: 2026/03/12-11:56:31-GMT  BuildTime: Aug  4 2022 06:17:15  BuildStamp: freesurfer-linux-ubuntu22_x86_64-7.3.2-20220804-6354275  User: oesteban  Machine: dna085  Platform: Linux  PlatformVersion: 5.14.0-427.37.1.el9_4.x86_64  CompilerName: GCC  CompilerVersion: 8.4.0
ProgramName: mri_edit_wm_with_aseg  ProgramArguments: mri_edit_wm_with_aseg -all-info  ProgramVersion: 7.3.2  TimeStamp: 2026/03/12-11:56:31-GMT  BuildTime: Aug  4 2022 06:17:15  BuildStamp: freesurfer-linux-ubuntu22_x86_64-7.3.2-20220804-6354275  User: oesteban  Machine: dna085  Platform: Linux  PlatformVersion: 5.14.0-427.37.1.el9_4.x86_64  CompilerName: GCC  CompilerVersion: 8.4.0
ProgramName: mri_em_register  ProgramArguments: mri_em_register -all-info  ProgramVersion: 7.3.2  TimeStamp: 2026/03/12-11:56:31-GMT  BuildTime: Aug  4 2022 06:17:15  BuildStamp: freesurfer-linux-ubuntu22_x86_64-7.3.2-20220804-6354275  User: oesteban  Machine: dna085  Platform: Linux  PlatformVersion: 5.14.0-427.37.1.el9_4.x86_64  CompilerName: GCC  CompilerVersion: 8.4.0
ProgramName: mri_fill  ProgramArguments: mri_fill -all-info  ProgramVersion: 7.3.2  TimeStamp: 2026/03/12-11:56:31-GMT  BuildTime: Aug  4 2022 06:17:15  BuildStamp: freesurfer-linux-ubuntu22_x86_64-7.3.2-20220804-6354275  User: oesteban  Machine: dna085  Platform: Linux  PlatformVersion: 5.14.0-427.37.1.el9_4.x86_64  CompilerName: GCC  CompilerVersion: 8.4.0
ProgramName: mri_fuse_segmentations  ProgramArguments: mri_fuse_segmentations -all-info  ProgramVersion: 7.3.2  TimeStamp: 2026/03/12-11:56:31-GMT  BuildTime: Aug  4 2022 06:17:15  BuildStamp: freesurfer-linux-ubuntu22_x86_64-7.3.2-20220804-6354275  User: oesteban  Machine: dna085  Platform: Linux  PlatformVersion: 5.14.0-427.37.1.el9_4.x86_64  CompilerName: GCC  CompilerVersion: 8.4.0
ProgramName: mri_fwhm  ProgramArguments: mri_fwhm -all-info  ProgramVersion: 7.3.2  TimeStamp: 2026/03/12-11:56:31-GMT  BuildTime: Aug  4 2022 06:17:15  BuildStamp: freesurfer-linux-ubuntu22_x86_64-7.3.2-20220804-6354275  User: oesteban  Machine: dna085  Platform: Linux  PlatformVersion: 5.14.0-427.37.1.el9_4.x86_64  CompilerName: GCC  CompilerVersion: 8.4.0
ProgramName: mri_gcut  ProgramArguments: mri_gcut -all-info  ProgramVersion: 7.3.2  TimeStamp: 2026/03/12-11:56:31-GMT  BuildTime: Aug  4 2022 06:17:15  BuildStamp: freesurfer-linux-ubuntu22_x86_64-7.3.2-20220804-6354275  User: oesteban  Machine: dna085  Platform: Linux  PlatformVersion: 5.14.0-427.37.1.el9_4.x86_64  CompilerName: GCC  CompilerVersion: 8.4.0
ProgramName: mri_info  ProgramArguments: mri_info -all-info  ProgramVersion: 7.3.2  TimeStamp: 2026/03/12-11:56:31-GMT  BuildTime: Aug  4 2022 06:17:15  BuildStamp: freesurfer-linux-ubuntu22_x86_64-7.3.2-20220804-6354275  User: oesteban  Machine: dna085  Platform: Linux  PlatformVersion: 5.14.0-427.37.1.el9_4.x86_64  CompilerName: GCC  CompilerVersion: 8.4.0
ProgramName: mri_label2label  ProgramArguments: mri_label2label -all-info  ProgramVersion: 7.3.2  TimeStamp: 2026/03/12-11:56:31-GMT  BuildTime: Aug  4 2022 06:17:15  BuildStamp: freesurfer-linux-ubuntu22_x86_64-7.3.2-20220804-6354275  User: oesteban  Machine: dna085  Platform: Linux  PlatformVersion: 5.14.0-427.37.1.el9_4.x86_64  CompilerName: GCC  CompilerVersion: 8.4.0
ProgramName: mri_label2vol  ProgramArguments: mri_label2vol -all-info  ProgramVersion: 7.3.2  TimeStamp: 2026/03/12-11:56:31-GMT  BuildTime: Aug  4 2022 06:17:15  BuildStamp: freesurfer-linux-ubuntu22_x86_64-7.3.2-20220804-6354275  User: oesteban  Machine: dna085  Platform: Linux  PlatformVersion: 5.14.0-427.37.1.el9_4.x86_64  CompilerName: GCC  CompilerVersion: 8.4.0
ProgramName: mri_log_likelihood  ProgramArguments: mri_log_likelihood -all-info  ProgramVersion: 7.3.2  TimeStamp: 2026/03/12-11:56:31-GMT  BuildTime: Aug  4 2022 06:17:15  BuildStamp: freesurfer-linux-ubuntu22_x86_64-7.3.2-20220804-6354275  User: oesteban  Machine: dna085  Platform: Linux  PlatformVersion: 5.14.0-427.37.1.el9_4.x86_64  CompilerName: GCC  CompilerVersion: 8.4.0
ProgramName: mri_mask  ProgramArguments: mri_mask -all-info  ProgramVersion: 7.3.2  TimeStamp: 2026/03/12-11:56:31-GMT  BuildTime: Aug  4 2022 06:17:15  BuildStamp: freesurfer-linux-ubuntu22_x86_64-7.3.2-20220804-6354275  User: oesteban  Machine: dna085  Platform: Linux  PlatformVersion: 5.14.0-427.37.1.el9_4.x86_64  CompilerName: GCC  CompilerVersion: 8.4.0
ProgramName: mri_matrix_multiply  ProgramArguments: mri_matrix_multiply -all-info  ProgramVersion: 7.3.2  TimeStamp: 2026/03/12-11:56:31-GMT  BuildTime: Aug  4 2022 06:17:15  BuildStamp: freesurfer-linux-ubuntu22_x86_64-7.3.2-20220804-6354275  User: oesteban  Machine: dna085  Platform: Linux  PlatformVersion: 5.14.0-427.37.1.el9_4.x86_64  CompilerName: GCC  CompilerVersion: 8.4.0
ProgramName: mri_normalize  ProgramArguments: mri_normalize -all-info  ProgramVersion: 7.3.2  TimeStamp: 2026/03/12-11:56:31-GMT  BuildTime: Aug  4 2022 06:17:15  BuildStamp: freesurfer-linux-ubuntu22_x86_64-7.3.2-20220804-6354275  User: oesteban  Machine: dna085  Platform: Linux  PlatformVersion: 5.14.0-427.37.1.el9_4.x86_64  CompilerName: GCC  CompilerVersion: 8.4.0
ProgramName: mri_normalize_tp2  ProgramArguments: mri_normalize_tp2 -all-info  ProgramVersion: 7.3.2  TimeStamp: 2026/03/12-11:56:31-GMT  BuildTime: Aug  4 2022 06:17:15  BuildStamp: freesurfer-linux-ubuntu22_x86_64-7.3.2-20220804-6354275  User: oesteban  Machine: dna085  Platform: Linux  PlatformVersion: 5.14.0-427.37.1.el9_4.x86_64  CompilerName: GCC  CompilerVersion: 8.4.0
ProgramName: mri_or  ProgramArguments: mri_or -all-info  ProgramVersion: 7.3.2  TimeStamp: 2026/03/12-11:56:31-GMT  BuildTime: Aug  4 2022 06:17:15  BuildStamp: freesurfer-linux-ubuntu22_x86_64-7.3.2-20220804-6354275  User: oesteban  Machine: dna085  Platform: Linux  PlatformVersion: 5.14.0-427.37.1.el9_4.x86_64  CompilerName: GCC  CompilerVersion: 8.4.0
ProgramName: mri_relabel_hypointensities  ProgramArguments: mri_relabel_hypointensities -all-info  ProgramVersion: 7.3.2  TimeStamp: 2026/03/12-11:56:31-GMT  BuildTime: Aug  4 2022 06:17:15  BuildStamp: freesurfer-linux-ubuntu22_x86_64-7.3.2-20220804-6354275  User: oesteban  Machine: dna085  Platform: Linux  PlatformVersion: 5.14.0-427.37.1.el9_4.x86_64  CompilerName: GCC  CompilerVersion: 8.4.0
ProgramName: mri_relabel_nonwm_hypos  ProgramArguments: mri_relabel_nonwm_hypos -all-info  ProgramVersion: 7.3.2  TimeStamp: 2026/03/12-11:56:31-GMT  BuildTime: Aug  4 2022 06:17:15  BuildStamp: freesurfer-linux-ubuntu22_x86_64-7.3.2-20220804-6354275  User: oesteban  Machine: dna085  Platform: Linux  PlatformVersion: 5.14.0-427.37.1.el9_4.x86_64  CompilerName: GCC  CompilerVersion: 8.4.0
ProgramName: mri_remove_neck  ProgramArguments: mri_remove_neck -all-info  ProgramVersion: 7.3.2  TimeStamp: 2026/03/12-11:56:31-GMT  BuildTime: Aug  4 2022 06:17:15  BuildStamp: freesurfer-linux-ubuntu22_x86_64-7.3.2-20220804-6354275  User: oesteban  Machine: dna085  Platform: Linux  PlatformVersion: 5.14.0-427.37.1.el9_4.x86_64  CompilerName: GCC  CompilerVersion: 8.4.0
7.3.2

ProgramName: mri_robust_register  ProgramArguments: mri_robust_register -all-info  ProgramVersion: 7.3.2  TimeStamp: 2026/03/12-11:56:31-GMT  BuildTime: Aug  4 2022 06:17:15  BuildStamp: freesurfer-linux-ubuntu22_x86_64-7.3.2-20220804-6354275  User: oesteban  Machine: dna085  Platform: Linux  PlatformVersion: 5.14.0-427.37.1.el9_4.x86_64  CompilerName: GCC  CompilerVersion: 8.4.0
7.3.2

ProgramName: mri_robust_template  ProgramArguments: mri_robust_template -all-info  ProgramVersion: 7.3.2  TimeStamp: 2026/03/12-11:56:31-GMT  BuildTime: Aug  4 2022 06:17:15  BuildStamp: freesurfer-linux-ubuntu22_x86_64-7.3.2-20220804-6354275  User: oesteban  Machine: dna085  Platform: Linux  PlatformVersion: 5.14.0-427.37.1.el9_4.x86_64  CompilerName: GCC  CompilerVersion: 8.4.0
ProgramName: mris_anatomical_stats  ProgramArguments: mris_anatomical_stats -all-info  ProgramVersion: 7.3.2  TimeStamp: 2026/03/12-11:56:31-GMT  BuildTime: Aug  4 2022 06:17:15  BuildStamp: freesurfer-linux-ubuntu22_x86_64-7.3.2-20220804-6354275  User: oesteban  Machine: dna085  Platform: Linux  PlatformVersion: 5.14.0-427.37.1.el9_4.x86_64  CompilerName: GCC  CompilerVersion: 8.4.0
ProgramName: mris_ca_label  ProgramArguments: mris_ca_label -all-info  ProgramVersion: 7.3.2  TimeStamp: 2026/03/12-11:56:31-GMT  BuildTime: Aug  4 2022 06:17:15  BuildStamp: freesurfer-linux-ubuntu22_x86_64-7.3.2-20220804-6354275  User: oesteban  Machine: dna085  Platform: Linux  PlatformVersion: 5.14.0-427.37.1.el9_4.x86_64  CompilerName: GCC  CompilerVersion: 8.4.0
ProgramName: mris_calc  ProgramArguments: mris_calc -all-info  ProgramVersion: 7.3.2  TimeStamp: 2026/03/12-11:56:31-GMT  BuildTime: Aug  4 2022 06:17:15  BuildStamp: freesurfer-linux-ubuntu22_x86_64-7.3.2-20220804-6354275  User: oesteban  Machine: dna085  Platform: Linux  PlatformVersion: 5.14.0-427.37.1.el9_4.x86_64  CompilerName: GCC  CompilerVersion: 8.4.0
ProgramName: mris_convert  ProgramArguments: mris_convert -all-info  ProgramVersion: 7.3.2  TimeStamp: 2026/03/12-11:56:31-GMT  BuildTime: Aug  4 2022 06:17:15  BuildStamp: freesurfer-linux-ubuntu22_x86_64-7.3.2-20220804-6354275  User: oesteban  Machine: dna085  Platform: Linux  PlatformVersion: 5.14.0-427.37.1.el9_4.x86_64  CompilerName: GCC  CompilerVersion: 8.4.0
ProgramName: mris_curvature  ProgramArguments: mris_curvature -all-info  ProgramVersion: 7.3.2  TimeStamp: 2026/03/12-11:56:31-GMT  BuildTime: Aug  4 2022 06:17:15  BuildStamp: freesurfer-linux-ubuntu22_x86_64-7.3.2-20220804-6354275  User: oesteban  Machine: dna085  Platform: Linux  PlatformVersion: 5.14.0-427.37.1.el9_4.x86_64  CompilerName: GCC  CompilerVersion: 8.4.0
ProgramName: mris_curvature_stats  ProgramArguments: mris_curvature_stats -all-info  ProgramVersion: 7.3.2  TimeStamp: 2026/03/12-11:56:31-GMT  BuildTime: Aug  4 2022 06:17:15  BuildStamp: freesurfer-linux-ubuntu22_x86_64-7.3.2-20220804-6354275  User: oesteban  Machine: dna085  Platform: Linux  PlatformVersion: 5.14.0-427.37.1.el9_4.x86_64  CompilerName: GCC  CompilerVersion: 8.4.0
ProgramName: mris_diff  ProgramArguments: mris_diff -all-info  ProgramVersion: 7.3.2  TimeStamp: 2026/03/12-11:56:31-GMT  BuildTime: Aug  4 2022 06:17:15  BuildStamp: freesurfer-linux-ubuntu22_x86_64-7.3.2-20220804-6354275  User: oesteban  Machine: dna085  Platform: Linux  PlatformVersion: 5.14.0-427.37.1.el9_4.x86_64  CompilerName: GCC  CompilerVersion: 8.4.0
ProgramName: mris_divide_parcellation  ProgramArguments: mris_divide_parcellation -all-info  ProgramVersion: 7.3.2  TimeStamp: 2026/03/12-11:56:31-GMT  BuildTime: Aug  4 2022 06:17:15  BuildStamp: freesurfer-linux-ubuntu22_x86_64-7.3.2-20220804-6354275  User: oesteban  Machine: dna085  Platform: Linux  PlatformVersion: 5.14.0-427.37.1.el9_4.x86_64  CompilerName: GCC  CompilerVersion: 8.4.0
ProgramName: mri_segment  ProgramArguments: mri_segment -all-info  ProgramVersion: 7.3.2  TimeStamp: 2026/03/12-11:56:31-GMT  BuildTime: Aug  4 2022 06:17:15  BuildStamp: freesurfer-linux-ubuntu22_x86_64-7.3.2-20220804-6354275  User: oesteban  Machine: dna085  Platform: Linux  PlatformVersion: 5.14.0-427.37.1.el9_4.x86_64  CompilerName: GCC  CompilerVersion: 8.4.0
ProgramName: mri_segstats  ProgramArguments: mri_segstats -all-info  ProgramVersion: 7.3.2  TimeStamp: 2026/03/12-11:56:31-GMT  BuildTime: Aug  4 2022 06:17:15  BuildStamp: freesurfer-linux-ubuntu22_x86_64-7.3.2-20220804-6354275  User: oesteban  Machine: dna085  Platform: Linux  PlatformVersion: 5.14.0-427.37.1.el9_4.x86_64  CompilerName: GCC  CompilerVersion: 8.4.0
ProgramName: mris_euler_number  ProgramArguments: mris_euler_number -all-info  ProgramVersion: 7.3.2  TimeStamp: 2026/03/12-11:56:31-GMT  BuildTime: Aug  4 2022 06:17:15  BuildStamp: freesurfer-linux-ubuntu22_x86_64-7.3.2-20220804-6354275  User: oesteban  Machine: dna085  Platform: Linux  PlatformVersion: 5.14.0-427.37.1.el9_4.x86_64  CompilerName: GCC  CompilerVersion: 8.4.0
ProgramName: mris_fix_topology  ProgramArguments: mris_fix_topology -all-info  ProgramVersion: 7.3.2  TimeStamp: 2026/03/12-11:56:31-GMT  BuildTime: Aug  4 2022 06:17:15  BuildStamp: freesurfer-linux-ubuntu22_x86_64-7.3.2-20220804-6354275  User: oesteban  Machine: dna085  Platform: Linux  PlatformVersion: 5.14.0-427.37.1.el9_4.x86_64  CompilerName: GCC  CompilerVersion: 8.4.0
ProgramName: mris_topo_fixer  ProgramArguments: mris_topo_fixer -all-info  ProgramVersion: 7.3.2  TimeStamp: 2026/03/12-11:56:31-GMT  BuildTime: Aug  4 2022 06:17:15  BuildStamp: freesurfer-linux-ubuntu22_x86_64-7.3.2-20220804-6354275  User: oesteban  Machine: dna085  Platform: Linux  PlatformVersion: 5.14.0-427.37.1.el9_4.x86_64  CompilerName: GCC  CompilerVersion: 8.4.0
ProgramName: mris_jacobian  ProgramArguments: mris_jacobian -all-info  ProgramVersion: 7.3.2  TimeStamp: 2026/03/12-11:56:31-GMT  BuildTime: Aug  4 2022 06:17:15  BuildStamp: freesurfer-linux-ubuntu22_x86_64-7.3.2-20220804-6354275  User: oesteban  Machine: dna085  Platform: Linux  PlatformVersion: 5.14.0-427.37.1.el9_4.x86_64  CompilerName: GCC  CompilerVersion: 8.4.0
ProgramName: mris_label2annot  ProgramArguments: mris_label2annot -all-info  ProgramVersion: 7.3.2  TimeStamp: 2026/03/12-11:56:31-GMT  BuildTime: Aug  4 2022 06:17:15  BuildStamp: freesurfer-linux-ubuntu22_x86_64-7.3.2-20220804-6354275  User: oesteban  Machine: dna085  Platform: Linux  PlatformVersion: 5.14.0-427.37.1.el9_4.x86_64  CompilerName: GCC  CompilerVersion: 8.4.0
ProgramName: mris_left_right_register  ProgramArguments: mris_left_right_register -all-info  ProgramVersion: 7.3.2  TimeStamp: 2026/03/12-11:56:31-GMT  BuildTime: Aug  4 2022 06:17:15  BuildStamp: freesurfer-linux-ubuntu22_x86_64-7.3.2-20220804-6354275  User: oesteban  Machine: dna085  Platform: Linux  PlatformVersion: 5.14.0-427.37.1.el9_4.x86_64  CompilerName: GCC  CompilerVersion: 8.4.0
ProgramName: mris_place_surface  ProgramArguments: mris_place_surface -all-info  ProgramVersion: 7.3.2  TimeStamp: 2026/03/12-11:56:31-GMT  BuildTime: Aug  4 2022 06:17:15  BuildStamp: freesurfer-linux-ubuntu22_x86_64-7.3.2-20220804-6354275  User: oesteban  Machine: dna085  Platform: Linux  PlatformVersion: 5.14.0-427.37.1.el9_4.x86_64  CompilerName: GCC  CompilerVersion: 8.4.0
ProgramName: mrisp_paint  ProgramArguments: mrisp_paint -all-info  ProgramVersion: 7.3.2  TimeStamp: 2026/03/12-11:56:31-GMT  BuildTime: Aug  4 2022 06:17:15  BuildStamp: freesurfer-linux-ubuntu22_x86_64-7.3.2-20220804-6354275  User: oesteban  Machine: dna085  Platform: Linux  PlatformVersion: 5.14.0-427.37.1.el9_4.x86_64  CompilerName: GCC  CompilerVersion: 8.4.0
ProgramName: mris_register  ProgramArguments: mris_register -all-info  ProgramVersion: 7.3.2  TimeStamp: 2026/03/12-11:56:31-GMT  BuildTime: Aug  4 2022 06:17:15  BuildStamp: freesurfer-linux-ubuntu22_x86_64-7.3.2-20220804-6354275  User: oesteban  Machine: dna085  Platform: Linux  PlatformVersion: 5.14.0-427.37.1.el9_4.x86_64  CompilerName: GCC  CompilerVersion: 8.4.0
ProgramName: mris_smooth  ProgramArguments: mris_smooth -all-info  ProgramVersion: 7.3.2  TimeStamp: 2026/03/12-11:56:31-GMT  BuildTime: Aug  4 2022 06:17:15  BuildStamp: freesurfer-linux-ubuntu22_x86_64-7.3.2-20220804-6354275  User: oesteban  Machine: dna085  Platform: Linux  PlatformVersion: 5.14.0-427.37.1.el9_4.x86_64  CompilerName: GCC  CompilerVersion: 8.4.0
ProgramName: mris_sphere  ProgramArguments: mris_sphere -all-info  ProgramVersion: 7.3.2  TimeStamp: 2026/03/12-11:56:31-GMT  BuildTime: Aug  4 2022 06:17:15  BuildStamp: freesurfer-linux-ubuntu22_x86_64-7.3.2-20220804-6354275  User: oesteban  Machine: dna085  Platform: Linux  PlatformVersion: 5.14.0-427.37.1.el9_4.x86_64  CompilerName: GCC  CompilerVersion: 8.4.0
ProgramName: mris_surface_stats  ProgramArguments: mris_surface_stats -all-info  ProgramVersion: 7.3.2  TimeStamp: 2026/03/12-11:56:31-GMT  BuildTime: Aug  4 2022 06:17:15  BuildStamp: freesurfer-linux-ubuntu22_x86_64-7.3.2-20220804-6354275  User: oesteban  Machine: dna085  Platform: Linux  PlatformVersion: 5.14.0-427.37.1.el9_4.x86_64  CompilerName: GCC  CompilerVersion: 8.4.0
ProgramName: mri_stats2seg  ProgramArguments: mri_stats2seg -all-info  ProgramVersion: 7.3.2  TimeStamp: 2026/03/12-11:56:31-GMT  BuildTime: Aug  4 2022 06:17:15  BuildStamp: freesurfer-linux-ubuntu22_x86_64-7.3.2-20220804-6354275  User: oesteban  Machine: dna085  Platform: Linux  PlatformVersion: 5.14.0-427.37.1.el9_4.x86_64  CompilerName: GCC  CompilerVersion: 8.4.0
ProgramName: mris_thickness  ProgramArguments: mris_thickness -all-info  ProgramVersion: 7.3.2  TimeStamp: 2026/03/12-11:56:31-GMT  BuildTime: Aug  4 2022 06:17:15  BuildStamp: freesurfer-linux-ubuntu22_x86_64-7.3.2-20220804-6354275  User: oesteban  Machine: dna085  Platform: Linux  PlatformVersion: 5.14.0-427.37.1.el9_4.x86_64  CompilerName: GCC  CompilerVersion: 8.4.0
ProgramName: mris_thickness_diff  ProgramArguments: mris_thickness_diff -all-info  ProgramVersion: 7.3.2  TimeStamp: 2026/03/12-11:56:31-GMT  BuildTime: Aug  4 2022 06:17:15  BuildStamp: freesurfer-linux-ubuntu22_x86_64-7.3.2-20220804-6354275  User: oesteban  Machine: dna085  Platform: Linux  PlatformVersion: 5.14.0-427.37.1.el9_4.x86_64  CompilerName: GCC  CompilerVersion: 8.4.0
ProgramName: mris_topo_fixer  ProgramArguments: mris_topo_fixer -all-info  ProgramVersion: 7.3.2  TimeStamp: 2026/03/12-11:56:31-GMT  BuildTime: Aug  4 2022 06:17:15  BuildStamp: freesurfer-linux-ubuntu22_x86_64-7.3.2-20220804-6354275  User: oesteban  Machine: dna085  Platform: Linux  PlatformVersion: 5.14.0-427.37.1.el9_4.x86_64  CompilerName: GCC  CompilerVersion: 8.4.0
ProgramName: mri_surf2surf  ProgramArguments: mri_surf2surf -all-info  ProgramVersion: 7.3.2  TimeStamp: 2026/03/12-11:56:31-GMT  BuildTime: Aug  4 2022 06:17:15  BuildStamp: freesurfer-linux-ubuntu22_x86_64-7.3.2-20220804-6354275  User: oesteban  Machine: dna085  Platform: Linux  PlatformVersion: 5.14.0-427.37.1.el9_4.x86_64  CompilerName: GCC  CompilerVersion: 8.4.0
ProgramName: mri_surf2vol  ProgramArguments: mri_surf2vol -all-info  ProgramVersion: 7.3.2  TimeStamp: 2026/03/12-11:56:31-GMT  BuildTime: Aug  4 2022 06:17:15  BuildStamp: freesurfer-linux-ubuntu22_x86_64-7.3.2-20220804-6354275  User: oesteban  Machine: dna085  Platform: Linux  PlatformVersion: 5.14.0-427.37.1.el9_4.x86_64  CompilerName: GCC  CompilerVersion: 8.4.0
ProgramName: mri_surfcluster  ProgramArguments: mri_surfcluster -all-info  ProgramVersion: 7.3.2  TimeStamp: 2026/03/12-11:56:31-GMT  BuildTime: Aug  4 2022 06:17:15  BuildStamp: freesurfer-linux-ubuntu22_x86_64-7.3.2-20220804-6354275  User: oesteban  Machine: dna085  Platform: Linux  PlatformVersion: 5.14.0-427.37.1.el9_4.x86_64  CompilerName: GCC  CompilerVersion: 8.4.0
ProgramName: mris_volmask  ProgramArguments: mris_volmask -all-info  ProgramVersion: 7.3.2  TimeStamp: 2026/03/12-11:56:31-GMT  BuildTime: Aug  4 2022 06:17:15  BuildStamp: freesurfer-linux-ubuntu22_x86_64-7.3.2-20220804-6354275  User: oesteban  Machine: dna085  Platform: Linux  PlatformVersion: 5.14.0-427.37.1.el9_4.x86_64  CompilerName: GCC  CompilerVersion: 8.4.0
ProgramName: mri_tessellate  ProgramArguments: mri_tessellate -all-info  ProgramVersion: 7.3.2  TimeStamp: 2026/03/12-11:56:31-GMT  BuildTime: Aug  4 2022 06:17:15  BuildStamp: freesurfer-linux-ubuntu22_x86_64-7.3.2-20220804-6354275  User: oesteban  Machine: dna085  Platform: Linux  PlatformVersion: 5.14.0-427.37.1.el9_4.x86_64  CompilerName: GCC  CompilerVersion: 8.4.0
ProgramName: mri_vol2surf  ProgramArguments: mri_vol2surf -all-info  ProgramVersion: 7.3.2  TimeStamp: 2026/03/12-11:56:31-GMT  BuildTime: Aug  4 2022 06:17:15  BuildStamp: freesurfer-linux-ubuntu22_x86_64-7.3.2-20220804-6354275  User: oesteban  Machine: dna085  Platform: Linux  PlatformVersion: 5.14.0-427.37.1.el9_4.x86_64  CompilerName: GCC  CompilerVersion: 8.4.0
ProgramName: mri_vol2vol  ProgramArguments: mri_vol2vol -all-info  ProgramVersion: 7.3.2  TimeStamp: 2026/03/12-11:56:31-GMT  BuildTime: Aug  4 2022 06:17:15  BuildStamp: freesurfer-linux-ubuntu22_x86_64-7.3.2-20220804-6354275  User: oesteban  Machine: dna085  Platform: Linux  PlatformVersion: 5.14.0-427.37.1.el9_4.x86_64  CompilerName: GCC  CompilerVersion: 8.4.0
ProgramName: mri_voldiff  ProgramArguments: mri_voldiff -all-info  ProgramVersion: 7.3.2  TimeStamp: 2026/03/12-11:56:31-GMT  BuildTime: Aug  4 2022 06:17:15  BuildStamp: freesurfer-linux-ubuntu22_x86_64-7.3.2-20220804-6354275  User: oesteban  Machine: dna085  Platform: Linux  PlatformVersion: 5.14.0-427.37.1.el9_4.x86_64  CompilerName: GCC  CompilerVersion: 8.4.0
ProgramName: mri_watershed  ProgramArguments: mri_watershed -all-info  ProgramVersion: 7.3.2  TimeStamp: 2026/03/12-11:56:31-GMT  BuildTime: Aug  4 2022 06:17:15  BuildStamp: freesurfer-linux-ubuntu22_x86_64-7.3.2-20220804-6354275  User: oesteban  Machine: dna085  Platform: Linux  PlatformVersion: 5.14.0-427.37.1.el9_4.x86_64  CompilerName: GCC  CompilerVersion: 8.4.0
ProgramName: tkregister2  ProgramArguments: tkregister2_cmdl -all-info  ProgramVersion: 7.3.2  TimeStamp: 2026/03/12-11:56:31-GMT  BuildTime: Aug  4 2022 06:17:15  BuildStamp: freesurfer-linux-ubuntu22_x86_64-7.3.2-20220804-6354275  User: oesteban  Machine: dna085  Platform: Linux  PlatformVersion: 5.14.0-427.37.1.el9_4.x86_64  CompilerName: GCC  CompilerVersion: 8.4.0
mri_motion_correct.fsl 7.3.2
mri_convert -all-info 
ProgramName: mri_convert  ProgramArguments: mri_convert -all-info  ProgramVersion: 7.3.2  TimeStamp: 2026/03/12-11:56:31-GMT  BuildTime: Aug  4 2022 06:17:15  BuildStamp: freesurfer-linux-ubuntu22_x86_64-7.3.2-20220804-6354275  User: oesteban  Machine: dna085  Platform: Linux  PlatformVersion: 5.14.0-427.37.1.el9_4.x86_64  CompilerName: GCC  CompilerVersion: 8.4.0
Program nu_correct, built from:
Package MNI N3, version 1.12.0, compiled by nicks@terrier (x86_64-unknown-linux-gnu) on 2015-06-19 at 01:25:34
#######################################
GCADIR /opt/freesurfer/average
GCA RB_all_2020-01-02.gca
GCASkull RB_all_withskull_2020_01_02.gca
AvgCurvTif folding.atlas.acfb40.noaparc.i12.2016-08-02.tif
GCSDIR /opt/freesurfer/average
GCS DKaparc.atlas.acfb40.noaparc.i12.2016-08-02.gcs
#######################################
#--------------------------------------------
#@# AutoDetGWStats rh Thu Mar 12 12:56:31 CET 2026
cd /out/sourcedata/freesurfer/sub-v1s11x0050155_ses-1/mri
mris_autodet_gwstats --o ../surf/autodet.gw.stats.rh.dat --i brain.finalsurfs.mgz --wm wm.mgz --surf ../surf/rh.orig.premesh
  Update not needed
#--------------------------------------------
#@# WhitePreAparc rh Thu Mar 12 12:56:31 CET 2026
cd /out/sourcedata/freesurfer/sub-v1s11x0050155_ses-1/mri
mris_place_surface --adgws-in ../surf/autodet.gw.stats.rh.dat --wm wm.mgz --threads 16 --invol brain.finalsurfs.mgz --rh --i ../surf/rh.orig --o ../surf/rh.white.preaparc --white --seg aseg.presurf.mgz --nsmooth 5
   Update not needed
#--------------------------------------------
#@# CortexLabel rh Thu Mar 12 12:56:31 CET 2026
cd /out/sourcedata/freesurfer/sub-v1s11x0050155_ses-1/mri
mri_label2label --label-cortex ../surf/rh.white.preaparc aseg.presurf.mgz 0 ../label/rh.cortex.label
   Update not needed
#--------------------------------------------
#@# CortexLabel+HipAmyg rh Thu Mar 12 12:56:31 CET 2026
cd /out/sourcedata/freesurfer/sub-v1s11x0050155_ses-1/mri
mri_label2label --label-cortex ../surf/rh.white.preaparc aseg.presurf.mgz 1 ../label/rh.cortex+hipamyg.label
   Update not needed
#@# white curv rh Thu Mar 12 12:56:31 CET 2026
cd /out/sourcedata/freesurfer/sub-v1s11x0050155_ses-1/mri
mris_place_surface --curv-map ../surf/rh.white 2 10 ../surf/rh.curv
   Update not needed
#@# white area rh Thu Mar 12 12:56:31 CET 2026
cd /out/sourcedata/freesurfer/sub-v1s11x0050155_ses-1/mri
mris_place_surface --area-map ../surf/rh.white ../surf/rh.area
   Update not needed
#@# pial curv rh Thu Mar 12 12:56:31 CET 2026
cd /out/sourcedata/freesurfer/sub-v1s11x0050155_ses-1/mri
mris_place_surface --curv-map ../surf/rh.pial 2 10 ../surf/rh.curv.pial
   Update not needed
#@# pial area rh Thu Mar 12 12:56:31 CET 2026
cd /out/sourcedata/freesurfer/sub-v1s11x0050155_ses-1/mri
mris_place_surface --area-map ../surf/rh.pial ../surf/rh.area.pial
   Update not needed
#@# thickness rh Thu Mar 12 12:56:31 CET 2026
cd /out/sourcedata/freesurfer/sub-v1s11x0050155_ses-1/mri
mris_place_surface --thickness ../surf/rh.white ../surf/rh.pial 20 5 ../surf/rh.thickness
   Update not needed
#@# area and vertex vol rh Thu Mar 12 12:56:31 CET 2026
cd /out/sourcedata/freesurfer/sub-v1s11x0050155_ses-1/mri
mris_place_surface --thickness ../surf/rh.white ../surf/rh.pial 20 5 ../surf/rh.thickness
   Update not needed
#-----------------------------------------
#@# Parcellation Stats rh Thu Mar 12 12:56:31 CET 2026
/out/sourcedata/freesurfer/sub-v1s11x0050155_ses-1/scripts

 mris_anatomical_stats -th3 -mgz -noglobal -cortex ../label/rh.cortex.label -f ../stats/rh.aparc.stats -b -a ../label/rh.aparc.annot -c ../label/aparc.annot.ctab sub-v1s11x0050155_ses-1 rh white 

computing statistics for each annotation in ../label/rh.aparc.annot.
reading volume /out/sourcedata/freesurfer/sub-v1s11x0050155_ses-1/mri/wm.mgz...
reading input surface /out/sourcedata/freesurfer/sub-v1s11x0050155_ses-1/surf/rh.white...
reading input pial surface /out/sourcedata/freesurfer/sub-v1s11x0050155_ses-1/surf/rh.pial...
reading input white surface /out/sourcedata/freesurfer/sub-v1s11x0050155_ses-1/surf/rh.white...
INFO: using TH3 volume calc
INFO: assuming MGZ format for volumes.
INFO: not computing global stats
INFO: using ../label/rh.cortex.label as mask to calc cortex NumVert, SurfArea and MeanThickness.
Using TH3 vertex volume calc
Total face volume 320949
Total vertex volume 320706 (mask=0)
Saving annotation colortable ../label/aparc.annot.ctab

table columns are:
    number of vertices
    total surface area (mm^2)
    total gray matter volume (mm^3)
    average cortical thickness +- standard deviation (mm)
    integrated rectified mean curvature
    integrated rectified Gaussian curvature
    folding index
    intrinsic curvature index
    structure name

 1421    982   2805  2.998 0.510     0.099     0.016       11     1.0  bankssts
 1376    955   3443  2.592 1.061     0.118     0.015       16     1.0  caudalanteriorcingulate
 5891   3873  12277  2.810 0.606     0.099     0.020       43     5.0  caudalmiddlefrontal
 3074   1988   4207  1.893 0.626     0.125     0.026       32     3.6  cuneus
  807    519   2843  3.244 0.951     0.103     0.024        6     0.7  entorhinal
 6127   4077  13615  2.966 0.693     0.119     0.030       76     8.0  fusiform
 7961   5645  17342  2.601 0.688     0.107     0.020       80     6.6  inferiorparietal
 6208   4235  15306  3.061 0.743     0.113     0.024       67     6.2  inferiortemporal
 1421    942   3034  2.819 0.881     0.096     0.020       11     1.1  isthmuscingulate
 9350   6266  15546  2.327 0.644     0.125     0.025       92    10.5  lateraloccipital
 4513   3120   9228  2.773 0.756     0.116     0.025       46     4.5  lateralorbitofrontal
 6178   4233  10272  2.266 0.761     0.128     0.026       64     7.0  lingual
 3701   2533   7477  2.482 0.857     0.106     0.023       42     3.7  medialorbitofrontal
 6316   4448  17720  3.175 0.798     0.112     0.022       72     5.8  middletemporal
 1165    692   2149  2.687 0.673     0.072     0.011        6     0.4  parahippocampal
 3309   2180   5505  2.244 0.648     0.111     0.021       30     2.9  paracentral
 2818   2030   6606  2.897 0.622     0.107     0.021       27     2.4  parsopercularis
 1373    987   3988  2.897 0.836     0.125     0.027       18     1.5  parsorbitalis
 2393   1731   5001  2.528 0.648     0.115     0.019       24     2.0  parstriangularis
 3178   2085   2909  1.539 0.388     0.104     0.018       24     2.4  pericalcarine
 5917   4016  12178  2.598 0.721     0.113     0.023       61     5.6  postcentral
 2060   1483   4541  2.791 0.896     0.129     0.032       25     3.1  posteriorcingulate
10475   6652  15141  2.138 0.721     0.095     0.016       71     6.9  precentral
 6118   4168  11468  2.481 0.671     0.108     0.020       57     5.1  precuneus
  957    726   2788  3.030 0.825     0.130     0.027       13     1.1  rostralanteriorcingulate
10285   7388  21136  2.301 0.789     0.119     0.026      128    10.6  rostralmiddlefrontal
15155  10373  35712  2.899 0.796     0.110     0.023      136    14.3  superiorfrontal
 6640   4463  11818  2.280 0.664     0.115     0.023       64     6.1  superiorparietal
 6966   4659  17184  3.151 0.730     0.089     0.015       56     4.7  superiortemporal
 4620   3177   9780  2.799 0.670     0.115     0.021       44     4.5  supramarginal
  664    462   1942  2.755 0.825     0.148     0.043       15     1.0  frontalpole
  735    502   3833  4.407 0.574     0.106     0.027        7     0.8  temporalpole
  728    478   1468  2.608 0.575     0.135     0.025        9     0.7  transversetemporal
 4157   2899  10443  3.489 0.860     0.109     0.027       35     4.2  insula

 mris_anatomical_stats -th3 -mgz -noglobal -cortex ../label/rh.cortex.label -f ../stats/rh.aparc.pial.stats -b -a ../label/rh.aparc.annot -c ../label/aparc.annot.ctab sub-v1s11x0050155_ses-1 rh pial 

computing statistics for each annotation in ../label/rh.aparc.annot.
reading volume /out/sourcedata/freesurfer/sub-v1s11x0050155_ses-1/mri/wm.mgz...
reading input surface /out/sourcedata/freesurfer/sub-v1s11x0050155_ses-1/surf/rh.pial...
reading input pial surface /out/sourcedata/freesurfer/sub-v1s11x0050155_ses-1/surf/rh.pial...
reading input white surface /out/sourcedata/freesurfer/sub-v1s11x0050155_ses-1/surf/rh.white...
INFO: using TH3 volume calc
INFO: assuming MGZ format for volumes.
INFO: not computing global stats
INFO: using ../label/rh.cortex.label as mask to calc cortex NumVert, SurfArea and MeanThickness.
Using TH3 vertex volume calc
Total face volume 320949
Total vertex volume 320706 (mask=0)
Saving annotation colortable ../label/aparc.annot.ctab

table columns are:
    number of vertices
    total surface area (mm^2)
    total gray matter volume (mm^3)
    average cortical thickness +- standard deviation (mm)
    integrated rectified mean curvature
    integrated rectified Gaussian curvature
    folding index
    intrinsic curvature index
    structure name

 1421    874   2805  2.998 0.510     0.124     0.036       30     1.9  bankssts
 1376   1416   3443  2.592 1.061     0.182     0.046       82     2.8  caudalanteriorcingulate
 5891   4655  12277  2.810 0.606     0.113     0.020      123     5.0  caudalmiddlefrontal
 3074   2546   4207  1.893 0.626     0.122     0.034       82     3.4  cuneus
  807   1076   2843  3.244 0.951     0.218     0.047       11     1.9  entorhinal
 6127   5069  13615  2.966 0.693     0.134     0.033      145     8.4  fusiform
 7961   7313  17342  2.601 0.688     0.137     0.025       89     8.8  inferiorparietal
 6208   5619  15306  3.061 0.743     0.128     0.028      185     7.0  inferiortemporal
 1421   1230   3034  2.819 0.881     0.156     0.043       82     2.4  isthmuscingulate
 9350   7191  15546  2.327 0.644     0.119     0.027      194    10.6  lateraloccipital
 4513   3598   9228  2.773 0.756     0.139     0.043      107     6.6  lateralorbitofrontal
 6178   5017  10272  2.266 0.761     0.128     0.032      124     7.9  lingual
 3701   3481   7477  2.482 0.857     0.146     0.032       86     5.0  medialorbitofrontal
 6316   6280  17720  3.175 0.798     0.141     0.028       92     8.1  middletemporal
 1165    903   2149  2.687 0.673     0.123     0.031       11     1.5  parahippocampal
 3309   2641   5505  2.244 0.648     0.129     0.022       32     3.0  paracentral
 2818   2477   6606  2.897 0.622     0.132     0.028       32     3.2  parsopercularis
 1373   1669   3988  2.897 0.836     0.185     0.035       16     2.1  parsorbitalis
 2393   2182   5001  2.528 0.648     0.147     0.028       24     3.0  parstriangularis
 3178   1866   2909  1.539 0.388     0.095     0.020       51     2.4  pericalcarine
 5917   5218  12178  2.598 0.721     0.124     0.024       97     6.1  postcentral
 2060   1786   4541  2.791 0.896     0.155     0.041       45     3.5  posteriorcingulate
10475   7367  15141  2.138 0.721     0.100     0.018      145     7.6  precentral
 6118   4857  11468  2.481 0.671     0.122     0.026       85     6.3  precuneus
  957   1046   2788  3.030 0.825     0.191     0.044       19     1.8  rostralanteriorcingulate
10285  10220  21136  2.301 0.789     0.163     0.031      124    14.9  rostralmiddlefrontal
15155  13266  35712  2.899 0.796     0.133     0.028      203    17.6  superiorfrontal
 6640   5489  11818  2.280 0.664     0.132     0.023       79     6.6  superiorparietal
 6966   6013  17184  3.151 0.730     0.120     0.024      220     6.6  superiortemporal
 4620   3633   9780  2.799 0.670     0.128     0.028      116     5.3  supramarginal
  664    916   1942  2.755 0.825     0.214     0.039        8     1.1  frontalpole
  735   1076   3833  4.407 0.574     0.201     0.038       15     1.4  temporalpole
  728    652   1468  2.608 0.575     0.125     0.031        5     0.9  transversetemporal
 4157   2779  10443  3.489 0.860     0.139     0.044      288     6.2  insula
#-----------------------------------------
#@# Parcellation Stats 2 rh Thu Mar 12 12:56:52 CET 2026
/out/sourcedata/freesurfer/sub-v1s11x0050155_ses-1/scripts

 mris_anatomical_stats -th3 -mgz -noglobal -cortex ../label/rh.cortex.label -f ../stats/rh.aparc.a2009s.stats -b -a ../label/rh.aparc.a2009s.annot -c ../label/aparc.annot.a2009s.ctab sub-v1s11x0050155_ses-1 rh white 

computing statistics for each annotation in ../label/rh.aparc.a2009s.annot.
reading volume /out/sourcedata/freesurfer/sub-v1s11x0050155_ses-1/mri/wm.mgz...
reading input surface /out/sourcedata/freesurfer/sub-v1s11x0050155_ses-1/surf/rh.white...
reading input pial surface /out/sourcedata/freesurfer/sub-v1s11x0050155_ses-1/surf/rh.pial...
reading input white surface /out/sourcedata/freesurfer/sub-v1s11x0050155_ses-1/surf/rh.white...
INFO: using TH3 volume calc
INFO: assuming MGZ format for volumes.
INFO: not computing global stats
INFO: using ../label/rh.cortex.label as mask to calc cortex NumVert, SurfArea and MeanThickness.
Using TH3 vertex volume calc
Total face volume 320949
Total vertex volume 320706 (mask=0)
Saving annotation colortable ../label/aparc.annot.a2009s.ctab

table columns are:
    number of vertices
    total surface area (mm^2)
    total gray matter volume (mm^3)
    average cortical thickness +- standard deviation (mm)
    integrated rectified mean curvature
    integrated rectified Gaussian curvature
    folding index
    intrinsic curvature index
    structure name

 1082    749   1553  1.822 0.629     0.109     0.021       12     1.0  G_and_S_frontomargin
 1898   1307   3770  2.613 0.613     0.118     0.023       17     1.9  G_and_S_occipital_inf
 2061   1407   3688  2.186 0.622     0.124     0.022       23     1.9  G_and_S_paracentral
 2223   1549   5444  3.053 0.601     0.120     0.023       23     2.1  G_and_S_subcentral
 1545   1116   3478  2.298 0.753     0.138     0.036       37     2.1  G_and_S_transv_frontopol
 3656   2535   8763  2.940 0.857     0.108     0.019       32     3.1  G_and_S_cingul-Ant
 1710   1204   4103  3.084 0.605     0.112     0.022       14     1.4  G_and_S_cingul-Mid-Ant
 2200   1512   4420  2.747 0.702     0.110     0.024       17     2.1  G_and_S_cingul-Mid-Post
  529    361   1563  3.354 0.510     0.120     0.025        6     0.6  G_cingul-Post-dorsal
  339    223   1064  3.056 0.748     0.110     0.029        4     0.3  G_cingul-Post-ventral
 2798   1822   3601  1.793 0.605     0.130     0.027       32     3.3  G_cuneus
 1868   1384   5436  2.898 0.654     0.121     0.025       25     2.0  G_front_inf-Opercular
  498    395   1744  3.039 0.469     0.147     0.030        8     0.7  G_front_inf-Orbital
  926    704   2558  2.699 0.622     0.126     0.023       13     0.9  G_front_inf-Triangul
 5717   4219  16937  2.848 0.755     0.132     0.033       90     7.4  G_front_middle
 9568   6646  26385  2.964 0.876     0.123     0.028      114    11.1  G_front_sup
  660    467   1937  3.605 0.987     0.108     0.030        8     0.7  G_Ins_lg_and_S_cent_ins
  992    708   3640  3.843 0.812     0.127     0.033       13     1.4  G_insular_short
 2516   1809   6298  2.722 0.571     0.137     0.028       40     3.0  G_occipital_middle
 2076   1314   3493  2.186 0.659     0.115     0.025       19     2.1  G_occipital_sup
 2521   1668   6716  3.084 0.599     0.116     0.023       32     2.4  G_oc-temp_lat-fusifor
 3900   2634   7116  2.257 0.821     0.133     0.028       46     4.6  G_oc-temp_med-Lingual
 1406    854   4140  3.060 0.900     0.087     0.020        8     1.0  G_oc-temp_med-Parahip
 3239   2300   9038  2.857 0.823     0.125     0.032       48     3.9  G_orbital
 2779   2028   7184  2.701 0.772     0.121     0.025       36     2.9  G_pariet_inf-Angular
 2157   1508   6122  3.148 0.694     0.127     0.028       28     2.7  G_pariet_inf-Supramar
 1803   1254   4643  2.585 0.811     0.127     0.030       25     2.0  G_parietal_sup
 1599   1059   4067  2.776 0.787     0.121     0.031       23     1.8  G_postcentral
 4115   2452   5776  2.004 0.683     0.091     0.015       31     2.7  G_precentral
 2498   1734   5256  2.450 0.644     0.101     0.017       26     1.8  G_precuneus
 1010    720   2603  2.638 0.740     0.116     0.030       15     1.4  G_rectus
  653    434   1184  2.677 0.914     0.100     0.041        6     0.8  G_subcallosal
  541    342   1232  2.690 0.605     0.126     0.027        7     0.5  G_temp_sup-G_T_transv
 2438   1658   8221  3.485 0.748     0.115     0.024       35     2.5  G_temp_sup-Lateral
  988    664   2689  3.481 0.879     0.073     0.012        4     0.5  G_temp_sup-Plan_polar
  916    600   2003  2.794 0.615     0.070     0.012        4     0.4  G_temp_sup-Plan_tempo
 3388   2315  10390  3.240 0.760     0.127     0.033       50     4.7  G_temporal_inf
 3429   2499  12174  3.393 0.776     0.126     0.029       55     4.1  G_temporal_middle
  492    325    605  2.359 0.637     0.095     0.009        3     0.2  Lat_Fis-ant-Horizont
  131     96    232  2.680 0.382     0.088     0.009        1     0.0  Lat_Fis-ant-Vertical
 1523   1063   2255  2.647 0.475     0.109     0.020       10     1.4  Lat_Fis-post
 4578   2996   5925  1.878 0.523     0.127     0.026       48     5.5  Pole_occipital
 2213   1497   7357  3.235 1.077     0.134     0.040       37     3.8  Pole_temporal
 3639   2453   4393  1.995 0.836     0.107     0.019       26     3.0  S_calcarine
 3521   2286   4352  2.129 0.516     0.095     0.015       19     2.4  S_central
 1747   1154   3156  2.593 0.671     0.098     0.019       12     1.5  S_cingul-Marginalis
  807    549   1456  3.231 0.665     0.100     0.018        4     0.5  S_circular_insula_ant
 1495    957   2592  3.414 0.808     0.068     0.011        5     0.6  S_circular_insula_inf
 2045   1377   3267  3.023 0.608     0.099     0.015       11     1.4  S_circular_insula_sup
 1553   1021   2937  2.959 0.696     0.110     0.030       16     2.0  S_collat_transv_ant
  573    390    875  2.496 0.501     0.115     0.019        4     0.5  S_collat_transv_post
 2592   1746   3790  2.451 0.540     0.096     0.017       14     1.8  S_front_inf
 2860   1984   3782  1.925 0.591     0.106     0.017       19     2.1  S_front_middle
 4635   3054   7279  2.540 0.625     0.090     0.015       22     3.0  S_front_sup
  607    396    756  2.518 0.334     0.095     0.011        3     0.4  S_interm_prim-Jensen
 2555   1734   3411  2.139 0.472     0.106     0.017       18     1.9  S_intrapariet_and_P_trans
 1174    803   1568  2.482 0.516     0.117     0.020        8     1.1  S_oc_middle_and_Lunatus
 1284    913   1820  2.103 0.561     0.113     0.021       10     1.1  S_oc_sup_and_transversal
  921    660   1908  2.793 0.573     0.122     0.025       10     0.9  S_occipital_ant
 1642   1121   3294  3.207 0.612     0.098     0.015        8     1.1  S_oc-temp_lat
 2579   1716   4100  2.718 0.486     0.088     0.013       12     1.4  S_oc-temp_med_and_Lingual
  540    375    714  1.963 0.618     0.107     0.020        3     0.4  S_orbital_lateral
  897    598   1083  2.232 0.732     0.096     0.011        5     0.5  S_orbital_med-olfact
 1613   1104   3069  2.733 0.827     0.112     0.022       11     1.6  S_orbital-H_Shaped
 2903   1943   4111  2.229 0.539     0.118     0.023       25     3.0  S_parieto_occipital
 1677   1146   1782  1.824 0.683     0.114     0.020       21     1.8  S_pericallosal
 1649   1099   2059  1.989 0.405     0.099     0.014       11     1.0  S_postcentral
 2968   2014   5555  2.668 0.582     0.094     0.015       18     1.9  S_precentral-inf-part
 2037   1255   2274  1.926 0.728     0.086     0.014       10     1.3  S_precentral-sup-part
  335    219    390  2.029 0.602     0.099     0.009        2     0.2  S_suborbital
  728    488   1712  2.915 0.753     0.080     0.012        3     0.4  S_subparietal
 1659   1135   2289  2.426 0.442     0.099     0.013        9     1.1  S_temporal_inf
 7234   4857  13513  2.855 0.635     0.085     0.013       39     4.2  S_temporal_sup
  409    291    621  2.849 0.339     0.113     0.012        3     0.2  S_temporal_transverse
#-----------------------------------------
#@# Parcellation Stats 3 rh Thu Mar 12 12:57:03 CET 2026
/out/sourcedata/freesurfer/sub-v1s11x0050155_ses-1/scripts

 mris_anatomical_stats -th3 -mgz -noglobal -cortex ../label/rh.cortex.label -f ../stats/rh.aparc.DKTatlas.stats -b -a ../label/rh.aparc.DKTatlas.annot -c ../label/aparc.annot.DKTatlas.ctab sub-v1s11x0050155_ses-1 rh white 

computing statistics for each annotation in ../label/rh.aparc.DKTatlas.annot.
reading volume /out/sourcedata/freesurfer/sub-v1s11x0050155_ses-1/mri/wm.mgz...
reading input surface /out/sourcedata/freesurfer/sub-v1s11x0050155_ses-1/surf/rh.white...
reading input pial surface /out/sourcedata/freesurfer/sub-v1s11x0050155_ses-1/surf/rh.pial...
reading input white surface /out/sourcedata/freesurfer/sub-v1s11x0050155_ses-1/surf/rh.white...
INFO: using TH3 volume calc
INFO: assuming MGZ format for volumes.
INFO: not computing global stats
INFO: using ../label/rh.cortex.label as mask to calc cortex NumVert, SurfArea and MeanThickness.
Using TH3 vertex volume calc
Total face volume 320949
Total vertex volume 320706 (mask=0)
Saving annotation colortable ../label/aparc.annot.DKTatlas.ctab

table columns are:
    number of vertices
    total surface area (mm^2)
    total gray matter volume (mm^3)
    average cortical thickness +- standard deviation (mm)
    integrated rectified mean curvature
    integrated rectified Gaussian curvature
    folding index
    intrinsic curvature index
    structure name

 1525   1061   3744  2.578 1.057     0.120     0.017       18     1.2  caudalanteriorcingulate
 6117   4021  12633  2.794 0.611     0.099     0.020       44     5.1  caudalmiddlefrontal
 3784   2447   5015  1.898 0.595     0.122     0.026       38     4.4  cuneus
  743    480   2595  3.228 0.959     0.104     0.024        5     0.7  entorhinal
 5595   3725  12426  2.996 0.629     0.109     0.023       56     5.3  fusiform
 7806   5531  16849  2.587 0.686     0.108     0.020       79     6.7  inferiorparietal
 6824   4643  16814  3.030 0.788     0.120     0.031       85     8.9  inferiortemporal
 1375    902   2894  2.847 0.892     0.092     0.019       10     1.0  isthmuscingulate
 9339   6242  15488  2.307 0.640     0.125     0.026       93    10.4  lateraloccipital
 5163   3573  10823  2.691 0.797     0.119     0.027       60     5.8  lateralorbitofrontal
 6106   4194  10159  2.265 0.762     0.128     0.025       63     6.9  lingual
 2651   1829   5577  2.506 0.842     0.106     0.026       32     2.7  medialorbitofrontal
 7416   5191  19772  3.135 0.764     0.111     0.021       79     6.6  middletemporal
 1246    745   2286  2.674 0.681     0.074     0.012        7     0.5  parahippocampal
 3402   2236   5701  2.258 0.640     0.110     0.020       30     2.8  paracentral
 3120   2256   7187  2.874 0.599     0.109     0.021       30     2.7  parsopercularis
 1232    905   3202  2.821 0.716     0.123     0.024       14     1.2  parsorbitalis
 2219   1568   4474  2.492 0.659     0.112     0.019       21     1.7  parstriangularis
 3091   2016   2858  1.550 0.399     0.105     0.018       24     2.3  pericalcarine
 6374   4298  12939  2.568 0.747     0.114     0.023       66     6.2  postcentral
 2140   1539   4654  2.808 0.853     0.129     0.032       25     3.3  posteriorcingulate
10414   6638  15454  2.187 0.732     0.095     0.016       71     7.0  precentral
 6368   4333  12053  2.470 0.675     0.107     0.019       59     5.1  precuneus
 1372    993   3378  2.845 0.901     0.116     0.024       16     1.5  rostralanteriorcingulate
 7261   5263  15477  2.360 0.799     0.122     0.026       87     7.6  rostralmiddlefrontal
18674  12887  43303  2.770 0.854     0.112     0.024      191    18.2  superiorfrontal
 5154   3516   9440  2.307 0.670     0.117     0.023       53     4.8  superiorparietal
 8715   5850  23313  3.264 0.784     0.093     0.017       75     6.2  superiortemporal
 4402   3043   9305  2.810 0.648     0.113     0.021       41     4.1  supramarginal
  743    489   1498  2.613 0.602     0.134     0.025        9     0.7  transversetemporal
 3686   2552   9393  3.571 0.826     0.102     0.022       28     3.2  insula
/out/sourcedata/freesurfer/sub-v1s11x0050155_ses-1/label
#--------------------------------------------
#@# BA_exvivo Labels rh Thu Mar 12 12:57:13 CET 2026

 mri_label2label --srcsubject fsaverage --srclabel /out/sourcedata/freesurfer/fsaverage/label/rh.BA1_exvivo.label --trgsubject sub-v1s11x0050155_ses-1 --trglabel ./rh.BA1_exvivo.label --hemi rh --regmethod surface 


srclabel = /out/sourcedata/freesurfer/fsaverage/label/rh.BA1_exvivo.label
srcsubject = fsaverage
trgsubject = sub-v1s11x0050155_ses-1
trglabel = ./rh.BA1_exvivo.label
regmethod = surface

srchemi = rh
trghemi = rh
trgsurface = white
srcsurfreg = sphere.reg
trgsurfreg = sphere.reg
usehash = 1
Use ProjAbs  = 0, 0
Use ProjFrac = 0, 0
DoPaint 0

SUBJECTS_DIR    /out/sourcedata/freesurfer
FREESURFER_HOME /opt/freesurfer
Loading source label.
Found 3962 points in source label.
Starting surface-based mapping
Reading source registration 
 /out/sourcedata/freesurfer/fsaverage/surf/rh.sphere.reg
Rescaling ...  original radius = 100
Reading target surface 
 /out/sourcedata/freesurfer/sub-v1s11x0050155_ses-1/surf/rh.white
Reading target registration 
 /out/sourcedata/freesurfer/sub-v1s11x0050155_ses-1/surf/rh.sphere.reg
Rescaling ...  original radius = 100
Building target registration hash (res=16).
Building source registration hash (res=16).
INFO: found  3962 nlabel points
Performing mapping from target back to the source label 163374
Number of reverse mapping hits = 167
Checking for and removing duplicates
Writing label file ./rh.BA1_exvivo.label 4129
mri_label2label: Done


 mri_label2label --srcsubject fsaverage --srclabel /out/sourcedata/freesurfer/fsaverage/label/rh.BA2_exvivo.label --trgsubject sub-v1s11x0050155_ses-1 --trglabel ./rh.BA2_exvivo.label --hemi rh --regmethod surface 


srclabel = /out/sourcedata/freesurfer/fsaverage/label/rh.BA2_exvivo.label
srcsubject = fsaverage
trgsubject = sub-v1s11x0050155_ses-1
trglabel = ./rh.BA2_exvivo.label
regmethod = surface

srchemi = rh
trghemi = rh
trgsurface = white
srcsurfreg = sphere.reg
trgsurfreg = sphere.reg
usehash = 1
Use ProjAbs  = 0, 0
Use ProjFrac = 0, 0
DoPaint 0

SUBJECTS_DIR    /out/sourcedata/freesurfer
FREESURFER_HOME /opt/freesurfer
Loading source label.
Found 6687 points in source label.
Starting surface-based mapping
Reading source registration 
 /out/sourcedata/freesurfer/fsaverage/surf/rh.sphere.reg
Rescaling ...  original radius = 100
Reading target surface 
 /out/sourcedata/freesurfer/sub-v1s11x0050155_ses-1/surf/rh.white
Reading target registration 
 /out/sourcedata/freesurfer/sub-v1s11x0050155_ses-1/surf/rh.sphere.reg
Rescaling ...  original radius = 100
Building target registration hash (res=16).
Building source registration hash (res=16).
INFO: found  6687 nlabel points
Performing mapping from target back to the source label 163374
Number of reverse mapping hits = 126
Checking for and removing duplicates
Writing label file ./rh.BA2_exvivo.label 6813
mri_label2label: Done


 mri_label2label --srcsubject fsaverage --srclabel /out/sourcedata/freesurfer/fsaverage/label/rh.BA3a_exvivo.label --trgsubject sub-v1s11x0050155_ses-1 --trglabel ./rh.BA3a_exvivo.label --hemi rh --regmethod surface 


srclabel = /out/sourcedata/freesurfer/fsaverage/label/rh.BA3a_exvivo.label
srcsubject = fsaverage
trgsubject = sub-v1s11x0050155_ses-1
trglabel = ./rh.BA3a_exvivo.label
regmethod = surface

srchemi = rh
trghemi = rh
trgsurface = white
srcsurfreg = sphere.reg
trgsurfreg = sphere.reg
usehash = 1
Use ProjAbs  = 0, 0
Use ProjFrac = 0, 0
DoPaint 0

SUBJECTS_DIR    /out/sourcedata/freesurfer
FREESURFER_HOME /opt/freesurfer
Loading source label.
Found 3980 points in source label.
Starting surface-based mapping
Reading source registration 
 /out/sourcedata/freesurfer/fsaverage/surf/rh.sphere.reg
Rescaling ...  original radius = 100
Reading target surface 
 /out/sourcedata/freesurfer/sub-v1s11x0050155_ses-1/surf/rh.white
Reading target registration 
 /out/sourcedata/freesurfer/sub-v1s11x0050155_ses-1/surf/rh.sphere.reg
Rescaling ...  original radius = 100
Building target registration hash (res=16).
Building source registration hash (res=16).
INFO: found  3980 nlabel points
Performing mapping from target back to the source label 163374
Number of reverse mapping hits = 229
Checking for and removing duplicates
Writing label file ./rh.BA3a_exvivo.label 4209
mri_label2label: Done


 mri_label2label --srcsubject fsaverage --srclabel /out/sourcedata/freesurfer/fsaverage/label/rh.BA3b_exvivo.label --trgsubject sub-v1s11x0050155_ses-1 --trglabel ./rh.BA3b_exvivo.label --hemi rh --regmethod surface 


srclabel = /out/sourcedata/freesurfer/fsaverage/label/rh.BA3b_exvivo.label
srcsubject = fsaverage
trgsubject = sub-v1s11x0050155_ses-1
trglabel = ./rh.BA3b_exvivo.label
regmethod = surface

srchemi = rh
trghemi = rh
trgsurface = white
srcsurfreg = sphere.reg
trgsurfreg = sphere.reg
usehash = 1
Use ProjAbs  = 0, 0
Use ProjFrac = 0, 0
DoPaint 0

SUBJECTS_DIR    /out/sourcedata/freesurfer
FREESURFER_HOME /opt/freesurfer
Loading source label.
Found 4522 points in source label.
Starting surface-based mapping
Reading source registration 
 /out/sourcedata/freesurfer/fsaverage/surf/rh.sphere.reg
Rescaling ...  original radius = 100
Reading target surface 
 /out/sourcedata/freesurfer/sub-v1s11x0050155_ses-1/surf/rh.white
Reading target registration 
 /out/sourcedata/freesurfer/sub-v1s11x0050155_ses-1/surf/rh.sphere.reg
Rescaling ...  original radius = 100
Building target registration hash (res=16).
Building source registration hash (res=16).
INFO: found  4522 nlabel points
Performing mapping from target back to the source label 163374
Number of reverse mapping hits = 328
Checking for and removing duplicates
Writing label file ./rh.BA3b_exvivo.label 4850
mri_label2label: Done


 mri_label2label --srcsubject fsaverage --srclabel /out/sourcedata/freesurfer/fsaverage/label/rh.BA4a_exvivo.label --trgsubject sub-v1s11x0050155_ses-1 --trglabel ./rh.BA4a_exvivo.label --hemi rh --regmethod surface 


srclabel = /out/sourcedata/freesurfer/fsaverage/label/rh.BA4a_exvivo.label
srcsubject = fsaverage
trgsubject = sub-v1s11x0050155_ses-1
trglabel = ./rh.BA4a_exvivo.label
regmethod = surface

srchemi = rh
trghemi = rh
trgsurface = white
srcsurfreg = sphere.reg
trgsurfreg = sphere.reg
usehash = 1
Use ProjAbs  = 0, 0
Use ProjFrac = 0, 0
DoPaint 0

SUBJECTS_DIR    /out/sourcedata/freesurfer
FREESURFER_HOME /opt/freesurfer
Loading source label.
Found 5747 points in source label.
Starting surface-based mapping
Reading source registration 
 /out/sourcedata/freesurfer/fsaverage/surf/rh.sphere.reg
Rescaling ...  original radius = 100
Reading target surface 
 /out/sourcedata/freesurfer/sub-v1s11x0050155_ses-1/surf/rh.white
Reading target registration 
 /out/sourcedata/freesurfer/sub-v1s11x0050155_ses-1/surf/rh.sphere.reg
Rescaling ...  original radius = 100
Building target registration hash (res=16).
Building source registration hash (res=16).
INFO: found  5747 nlabel points
Performing mapping from target back to the source label 163374
Number of reverse mapping hits = 771
Checking for and removing duplicates
Writing label file ./rh.BA4a_exvivo.label 6518
mri_label2label: Done


 mri_label2label --srcsubject fsaverage --srclabel /out/sourcedata/freesurfer/fsaverage/label/rh.BA4p_exvivo.label --trgsubject sub-v1s11x0050155_ses-1 --trglabel ./rh.BA4p_exvivo.label --hemi rh --regmethod surface 


srclabel = /out/sourcedata/freesurfer/fsaverage/label/rh.BA4p_exvivo.label
srcsubject = fsaverage
trgsubject = sub-v1s11x0050155_ses-1
trglabel = ./rh.BA4p_exvivo.label
regmethod = surface

srchemi = rh
trghemi = rh
trgsurface = white
srcsurfreg = sphere.reg
trgsurfreg = sphere.reg
usehash = 1
Use ProjAbs  = 0, 0
Use ProjFrac = 0, 0
DoPaint 0

SUBJECTS_DIR    /out/sourcedata/freesurfer
FREESURFER_HOME /opt/freesurfer
Loading source label.
Found 4473 points in source label.
Starting surface-based mapping
Reading source registration 
 /out/sourcedata/freesurfer/fsaverage/surf/rh.sphere.reg
Rescaling ...  original radius = 100
Reading target surface 
 /out/sourcedata/freesurfer/sub-v1s11x0050155_ses-1/surf/rh.white
Reading target registration 
 /out/sourcedata/freesurfer/sub-v1s11x0050155_ses-1/surf/rh.sphere.reg
Rescaling ...  original radius = 100
Building target registration hash (res=16).
Building source registration hash (res=16).
INFO: found  4473 nlabel points
Performing mapping from target back to the source label 163374
Number of reverse mapping hits = 330
Checking for and removing duplicates
Writing label file ./rh.BA4p_exvivo.label 4803
mri_label2label: Done


 mri_label2label --srcsubject fsaverage --srclabel /out/sourcedata/freesurfer/fsaverage/label/rh.BA6_exvivo.label --trgsubject sub-v1s11x0050155_ses-1 --trglabel ./rh.BA6_exvivo.label --hemi rh --regmethod surface 


srclabel = /out/sourcedata/freesurfer/fsaverage/label/rh.BA6_exvivo.label
srcsubject = fsaverage
trgsubject = sub-v1s11x0050155_ses-1
trglabel = ./rh.BA6_exvivo.label
regmethod = surface

srchemi = rh
trghemi = rh
trgsurface = white
srcsurfreg = sphere.reg
trgsurfreg = sphere.reg
usehash = 1
Use ProjAbs  = 0, 0
Use ProjFrac = 0, 0
DoPaint 0

SUBJECTS_DIR    /out/sourcedata/freesurfer
FREESURFER_HOME /opt/freesurfer
Loading source label.
Found 12256 points in source label.
Starting surface-based mapping
Reading source registration 
 /out/sourcedata/freesurfer/fsaverage/surf/rh.sphere.reg
Rescaling ...  original radius = 100
Reading target surface 
 /out/sourcedata/freesurfer/sub-v1s11x0050155_ses-1/surf/rh.white
Reading target registration 
 /out/sourcedata/freesurfer/sub-v1s11x0050155_ses-1/surf/rh.sphere.reg
Rescaling ...  original radius = 100
Building target registration hash (res=16).
Building source registration hash (res=16).
INFO: found  12256 nlabel points
Performing mapping from target back to the source label 163374
Number of reverse mapping hits = 3307
Checking for and removing duplicates
Writing label file ./rh.BA6_exvivo.label 15563
mri_label2label: Done


 mri_label2label --srcsubject fsaverage --srclabel /out/sourcedata/freesurfer/fsaverage/label/rh.BA44_exvivo.label --trgsubject sub-v1s11x0050155_ses-1 --trglabel ./rh.BA44_exvivo.label --hemi rh --regmethod surface 


srclabel = /out/sourcedata/freesurfer/fsaverage/label/rh.BA44_exvivo.label
srcsubject = fsaverage
trgsubject = sub-v1s11x0050155_ses-1
trglabel = ./rh.BA44_exvivo.label
regmethod = surface

srchemi = rh
trghemi = rh
trgsurface = white
srcsurfreg = sphere.reg
trgsurfreg = sphere.reg
usehash = 1
Use ProjAbs  = 0, 0
Use ProjFrac = 0, 0
DoPaint 0

SUBJECTS_DIR    /out/sourcedata/freesurfer
FREESURFER_HOME /opt/freesurfer
Loading source label.
Found 6912 points in source label.
Starting surface-based mapping
Reading source registration 
 /out/sourcedata/freesurfer/fsaverage/surf/rh.sphere.reg
Rescaling ...  original radius = 100
Reading target surface 
 /out/sourcedata/freesurfer/sub-v1s11x0050155_ses-1/surf/rh.white
Reading target registration 
 /out/sourcedata/freesurfer/sub-v1s11x0050155_ses-1/surf/rh.sphere.reg
Rescaling ...  original radius = 100
Building target registration hash (res=16).
Building source registration hash (res=16).
INFO: found  6912 nlabel points
Performing mapping from target back to the source label 163374
Number of reverse mapping hits = 1886
Checking for and removing duplicates
Writing label file ./rh.BA44_exvivo.label 8798
mri_label2label: Done


 mri_label2label --srcsubject fsaverage --srclabel /out/sourcedata/freesurfer/fsaverage/label/rh.BA45_exvivo.label --trgsubject sub-v1s11x0050155_ses-1 --trglabel ./rh.BA45_exvivo.label --hemi rh --regmethod surface 


srclabel = /out/sourcedata/freesurfer/fsaverage/label/rh.BA45_exvivo.label
srcsubject = fsaverage
trgsubject = sub-v1s11x0050155_ses-1
trglabel = ./rh.BA45_exvivo.label
regmethod = surface

srchemi = rh
trghemi = rh
trgsurface = white
srcsurfreg = sphere.reg
trgsurfreg = sphere.reg
usehash = 1
Use ProjAbs  = 0, 0
Use ProjFrac = 0, 0
DoPaint 0

SUBJECTS_DIR    /out/sourcedata/freesurfer
FREESURFER_HOME /opt/freesurfer
Loading source label.
Found 5355 points in source label.
Starting surface-based mapping
Reading source registration 
 /out/sourcedata/freesurfer/fsaverage/surf/rh.sphere.reg
Rescaling ...  original radius = 100
Reading target surface 
 /out/sourcedata/freesurfer/sub-v1s11x0050155_ses-1/surf/rh.white
Reading target registration 
 /out/sourcedata/freesurfer/sub-v1s11x0050155_ses-1/surf/rh.sphere.reg
Rescaling ...  original radius = 100
Building target registration hash (res=16).
Building source registration hash (res=16).
INFO: found  5355 nlabel points
Performing mapping from target back to the source label 163374
Number of reverse mapping hits = 857
Checking for and removing duplicates
Writing label file ./rh.BA45_exvivo.label 6212
mri_label2label: Done


 mri_label2label --srcsubject fsaverage --srclabel /out/sourcedata/freesurfer/fsaverage/label/rh.V1_exvivo.label --trgsubject sub-v1s11x0050155_ses-1 --trglabel ./rh.V1_exvivo.label --hemi rh --regmethod surface 


srclabel = /out/sourcedata/freesurfer/fsaverage/label/rh.V1_exvivo.label
srcsubject = fsaverage
trgsubject = sub-v1s11x0050155_ses-1
trglabel = ./rh.V1_exvivo.label
regmethod = surface

srchemi = rh
trghemi = rh
trgsurface = white
srcsurfreg = sphere.reg
trgsurfreg = sphere.reg
usehash = 1
Use ProjAbs  = 0, 0
Use ProjFrac = 0, 0
DoPaint 0

SUBJECTS_DIR    /out/sourcedata/freesurfer
FREESURFER_HOME /opt/freesurfer
Loading source label.
Found 4727 points in source label.
Starting surface-based mapping
Reading source registration 
 /out/sourcedata/freesurfer/fsaverage/surf/rh.sphere.reg
Rescaling ...  original radius = 100
Reading target surface 
 /out/sourcedata/freesurfer/sub-v1s11x0050155_ses-1/surf/rh.white
Reading target registration 
 /out/sourcedata/freesurfer/sub-v1s11x0050155_ses-1/surf/rh.sphere.reg
Rescaling ...  original radius = 100
Building target registration hash (res=16).
Building source registration hash (res=16).
INFO: found  4727 nlabel points
Performing mapping from target back to the source label 163374
Number of reverse mapping hits = 2916
Checking for and removing duplicates
Writing label file ./rh.V1_exvivo.label 7643
mri_label2label: Done


 mri_label2label --srcsubject fsaverage --srclabel /out/sourcedata/freesurfer/fsaverage/label/rh.V2_exvivo.label --trgsubject sub-v1s11x0050155_ses-1 --trglabel ./rh.V2_exvivo.label --hemi rh --regmethod surface 


srclabel = /out/sourcedata/freesurfer/fsaverage/label/rh.V2_exvivo.label
srcsubject = fsaverage
trgsubject = sub-v1s11x0050155_ses-1
trglabel = ./rh.V2_exvivo.label
regmethod = surface

srchemi = rh
trghemi = rh
trgsurface = white
srcsurfreg = sphere.reg
trgsurfreg = sphere.reg
usehash = 1
Use ProjAbs  = 0, 0
Use ProjFrac = 0, 0
DoPaint 0

SUBJECTS_DIR    /out/sourcedata/freesurfer
FREESURFER_HOME /opt/freesurfer
Loading source label.
Found 8016 points in source label.
Starting surface-based mapping
Reading source registration 
 /out/sourcedata/freesurfer/fsaverage/surf/rh.sphere.reg
Rescaling ...  original radius = 100
Reading target surface 
 /out/sourcedata/freesurfer/sub-v1s11x0050155_ses-1/surf/rh.white
Reading target registration 
 /out/sourcedata/freesurfer/sub-v1s11x0050155_ses-1/surf/rh.sphere.reg
Rescaling ...  original radius = 100
Building target registration hash (res=16).
Building source registration hash (res=16).
INFO: found  8016 nlabel points
Performing mapping from target back to the source label 163374
Number of reverse mapping hits = 4343
Checking for and removing duplicates
Writing label file ./rh.V2_exvivo.label 12359
mri_label2label: Done


 mri_label2label --srcsubject fsaverage --srclabel /out/sourcedata/freesurfer/fsaverage/label/rh.MT_exvivo.label --trgsubject sub-v1s11x0050155_ses-1 --trglabel ./rh.MT_exvivo.label --hemi rh --regmethod surface 


srclabel = /out/sourcedata/freesurfer/fsaverage/label/rh.MT_exvivo.label
srcsubject = fsaverage
trgsubject = sub-v1s11x0050155_ses-1
trglabel = ./rh.MT_exvivo.label
regmethod = surface

srchemi = rh
trghemi = rh
trgsurface = white
srcsurfreg = sphere.reg
trgsurfreg = sphere.reg
usehash = 1
Use ProjAbs  = 0, 0
Use ProjFrac = 0, 0
DoPaint 0

SUBJECTS_DIR    /out/sourcedata/freesurfer
FREESURFER_HOME /opt/freesurfer
Loading source label.
Found 1932 points in source label.
Starting surface-based mapping
Reading source registration 
 /out/sourcedata/freesurfer/fsaverage/surf/rh.sphere.reg
Rescaling ...  original radius = 100
Reading target surface 
 /out/sourcedata/freesurfer/sub-v1s11x0050155_ses-1/surf/rh.white
Reading target registration 
 /out/sourcedata/freesurfer/sub-v1s11x0050155_ses-1/surf/rh.sphere.reg
Rescaling ...  original radius = 100
Building target registration hash (res=16).
Building source registration hash (res=16).
INFO: found  1932 nlabel points
Performing mapping from target back to the source label 163374
Number of reverse mapping hits = 864
Checking for and removing duplicates
Writing label file ./rh.MT_exvivo.label 2796
mri_label2label: Done


 mri_label2label --srcsubject fsaverage --srclabel /out/sourcedata/freesurfer/fsaverage/label/rh.entorhinal_exvivo.label --trgsubject sub-v1s11x0050155_ses-1 --trglabel ./rh.entorhinal_exvivo.label --hemi rh --regmethod surface 


srclabel = /out/sourcedata/freesurfer/fsaverage/label/rh.entorhinal_exvivo.label
srcsubject = fsaverage
trgsubject = sub-v1s11x0050155_ses-1
trglabel = ./rh.entorhinal_exvivo.label
regmethod = surface

srchemi = rh
trghemi = rh
trgsurface = white
srcsurfreg = sphere.reg
trgsurfreg = sphere.reg
usehash = 1
Use ProjAbs  = 0, 0
Use ProjFrac = 0, 0
DoPaint 0

SUBJECTS_DIR    /out/sourcedata/freesurfer
FREESURFER_HOME /opt/freesurfer
Loading source label.
Found 1038 points in source label.
Starting surface-based mapping
Reading source registration 
 /out/sourcedata/freesurfer/fsaverage/surf/rh.sphere.reg
Rescaling ...  original radius = 100
Reading target surface 
 /out/sourcedata/freesurfer/sub-v1s11x0050155_ses-1/surf/rh.white
Reading target registration 
 /out/sourcedata/freesurfer/sub-v1s11x0050155_ses-1/surf/rh.sphere.reg
Rescaling ...  original radius = 100
Building target registration hash (res=16).
Building source registration hash (res=16).
INFO: found  1038 nlabel points
Performing mapping from target back to the source label 163374
Number of reverse mapping hits = 154
Checking for and removing duplicates
Writing label file ./rh.entorhinal_exvivo.label 1192
mri_label2label: Done


 mri_label2label --srcsubject fsaverage --srclabel /out/sourcedata/freesurfer/fsaverage/label/rh.perirhinal_exvivo.label --trgsubject sub-v1s11x0050155_ses-1 --trglabel ./rh.perirhinal_exvivo.label --hemi rh --regmethod surface 


srclabel = /out/sourcedata/freesurfer/fsaverage/label/rh.perirhinal_exvivo.label
srcsubject = fsaverage
trgsubject = sub-v1s11x0050155_ses-1
trglabel = ./rh.perirhinal_exvivo.label
regmethod = surface

srchemi = rh
trghemi = rh
trgsurface = white
srcsurfreg = sphere.reg
trgsurfreg = sphere.reg
usehash = 1
Use ProjAbs  = 0, 0
Use ProjFrac = 0, 0
DoPaint 0

SUBJECTS_DIR    /out/sourcedata/freesurfer
FREESURFER_HOME /opt/freesurfer
Loading source label.
Found 752 points in source label.
Starting surface-based mapping
Reading source registration 
 /out/sourcedata/freesurfer/fsaverage/surf/rh.sphere.reg
Rescaling ...  original radius = 100
Reading target surface 
 /out/sourcedata/freesurfer/sub-v1s11x0050155_ses-1/surf/rh.white
Reading target registration 
 /out/sourcedata/freesurfer/sub-v1s11x0050155_ses-1/surf/rh.sphere.reg
Rescaling ...  original radius = 100
Building target registration hash (res=16).
Building source registration hash (res=16).
INFO: found  752 nlabel points
Performing mapping from target back to the source label 163374
Number of reverse mapping hits = 104
Checking for and removing duplicates
Writing label file ./rh.perirhinal_exvivo.label 856
mri_label2label: Done


 mri_label2label --srcsubject fsaverage --srclabel /out/sourcedata/freesurfer/fsaverage/label/rh.FG1.mpm.vpnl.label --trgsubject sub-v1s11x0050155_ses-1 --trglabel ./rh.FG1.mpm.vpnl.label --hemi rh --regmethod surface 


srclabel = /out/sourcedata/freesurfer/fsaverage/label/rh.FG1.mpm.vpnl.label
srcsubject = fsaverage
trgsubject = sub-v1s11x0050155_ses-1
trglabel = ./rh.FG1.mpm.vpnl.label
regmethod = surface

srchemi = rh
trghemi = rh
trgsurface = white
srcsurfreg = sphere.reg
trgsurfreg = sphere.reg
usehash = 1
Use ProjAbs  = 0, 0
Use ProjFrac = 0, 0
DoPaint 0

SUBJECTS_DIR    /out/sourcedata/freesurfer
FREESURFER_HOME /opt/freesurfer
Loading source label.
Found 541 points in source label.
Starting surface-based mapping
Reading source registration 
 /out/sourcedata/freesurfer/fsaverage/surf/rh.sphere.reg
Rescaling ...  original radius = 100
Reading target surface 
 /out/sourcedata/freesurfer/sub-v1s11x0050155_ses-1/surf/rh.white
Reading target registration 
 /out/sourcedata/freesurfer/sub-v1s11x0050155_ses-1/surf/rh.sphere.reg
Rescaling ...  original radius = 100
Building target registration hash (res=16).
Building source registration hash (res=16).
INFO: found  541 nlabel points
Performing mapping from target back to the source label 163374
Number of reverse mapping hits = 363
Checking for and removing duplicates
Writing label file ./rh.FG1.mpm.vpnl.label 904
mri_label2label: Done


 mri_label2label --srcsubject fsaverage --srclabel /out/sourcedata/freesurfer/fsaverage/label/rh.FG2.mpm.vpnl.label --trgsubject sub-v1s11x0050155_ses-1 --trglabel ./rh.FG2.mpm.vpnl.label --hemi rh --regmethod surface 


srclabel = /out/sourcedata/freesurfer/fsaverage/label/rh.FG2.mpm.vpnl.label
srcsubject = fsaverage
trgsubject = sub-v1s11x0050155_ses-1
trglabel = ./rh.FG2.mpm.vpnl.label
regmethod = surface

srchemi = rh
trghemi = rh
trgsurface = white
srcsurfreg = sphere.reg
trgsurfreg = sphere.reg
usehash = 1
Use ProjAbs  = 0, 0
Use ProjFrac = 0, 0
DoPaint 0

SUBJECTS_DIR    /out/sourcedata/freesurfer
FREESURFER_HOME /opt/freesurfer
Loading source label.
Found 721 points in source label.
Starting surface-based mapping
Reading source registration 
 /out/sourcedata/freesurfer/fsaverage/surf/rh.sphere.reg
Rescaling ...  original radius = 100
Reading target surface 
 /out/sourcedata/freesurfer/sub-v1s11x0050155_ses-1/surf/rh.white
Reading target registration 
 /out/sourcedata/freesurfer/sub-v1s11x0050155_ses-1/surf/rh.sphere.reg
Rescaling ...  original radius = 100
Building target registration hash (res=16).
Building source registration hash (res=16).
INFO: found  721 nlabel points
Performing mapping from target back to the source label 163374
Number of reverse mapping hits = 562
Checking for and removing duplicates
Writing label file ./rh.FG2.mpm.vpnl.label 1283
mri_label2label: Done


 mri_label2label --srcsubject fsaverage --srclabel /out/sourcedata/freesurfer/fsaverage/label/rh.FG3.mpm.vpnl.label --trgsubject sub-v1s11x0050155_ses-1 --trglabel ./rh.FG3.mpm.vpnl.label --hemi rh --regmethod surface 


srclabel = /out/sourcedata/freesurfer/fsaverage/label/rh.FG3.mpm.vpnl.label
srcsubject = fsaverage
trgsubject = sub-v1s11x0050155_ses-1
trglabel = ./rh.FG3.mpm.vpnl.label
regmethod = surface

srchemi = rh
trghemi = rh
trgsurface = white
srcsurfreg = sphere.reg
trgsurfreg = sphere.reg
usehash = 1
Use ProjAbs  = 0, 0
Use ProjFrac = 0, 0
DoPaint 0

SUBJECTS_DIR    /out/sourcedata/freesurfer
FREESURFER_HOME /opt/freesurfer
Loading source label.
Found 1523 points in source label.
Starting surface-based mapping
Reading source registration 
 /out/sourcedata/freesurfer/fsaverage/surf/rh.sphere.reg
Rescaling ...  original radius = 100
Reading target surface 
 /out/sourcedata/freesurfer/sub-v1s11x0050155_ses-1/surf/rh.white
Reading target registration 
 /out/sourcedata/freesurfer/sub-v1s11x0050155_ses-1/surf/rh.sphere.reg
Rescaling ...  original radius = 100
Building target registration hash (res=16).
Building source registration hash (res=16).
INFO: found  1523 nlabel points
Performing mapping from target back to the source label 163374
Number of reverse mapping hits = 519
Checking for and removing duplicates
Writing label file ./rh.FG3.mpm.vpnl.label 2042
mri_label2label: Done


 mri_label2label --srcsubject fsaverage --srclabel /out/sourcedata/freesurfer/fsaverage/label/rh.FG4.mpm.vpnl.label --trgsubject sub-v1s11x0050155_ses-1 --trglabel ./rh.FG4.mpm.vpnl.label --hemi rh --regmethod surface 


srclabel = /out/sourcedata/freesurfer/fsaverage/label/rh.FG4.mpm.vpnl.label
srcsubject = fsaverage
trgsubject = sub-v1s11x0050155_ses-1
trglabel = ./rh.FG4.mpm.vpnl.label
regmethod = surface

srchemi = rh
trghemi = rh
trgsurface = white
srcsurfreg = sphere.reg
trgsurfreg = sphere.reg
usehash = 1
Use ProjAbs  = 0, 0
Use ProjFrac = 0, 0
DoPaint 0

SUBJECTS_DIR    /out/sourcedata/freesurfer
FREESURFER_HOME /opt/freesurfer
Loading source label.
Found 1586 points in source label.
Starting surface-based mapping
Reading source registration 
 /out/sourcedata/freesurfer/fsaverage/surf/rh.sphere.reg
Rescaling ...  original radius = 100
Reading target surface 
 /out/sourcedata/freesurfer/sub-v1s11x0050155_ses-1/surf/rh.white
Reading target registration 
 /out/sourcedata/freesurfer/sub-v1s11x0050155_ses-1/surf/rh.sphere.reg
Rescaling ...  original radius = 100
Building target registration hash (res=16).
Building source registration hash (res=16).
INFO: found  1586 nlabel points
Performing mapping from target back to the source label 163374
Number of reverse mapping hits = 793
Checking for and removing duplicates
Writing label file ./rh.FG4.mpm.vpnl.label 2379
mri_label2label: Done


 mri_label2label --srcsubject fsaverage --srclabel /out/sourcedata/freesurfer/fsaverage/label/rh.hOc1.mpm.vpnl.label --trgsubject sub-v1s11x0050155_ses-1 --trglabel ./rh.hOc1.mpm.vpnl.label --hemi rh --regmethod surface 


srclabel = /out/sourcedata/freesurfer/fsaverage/label/rh.hOc1.mpm.vpnl.label
srcsubject = fsaverage
trgsubject = sub-v1s11x0050155_ses-1
trglabel = ./rh.hOc1.mpm.vpnl.label
regmethod = surface

srchemi = rh
trghemi = rh
trgsurface = white
srcsurfreg = sphere.reg
trgsurfreg = sphere.reg
usehash = 1
Use ProjAbs  = 0, 0
Use ProjFrac = 0, 0
DoPaint 0

SUBJECTS_DIR    /out/sourcedata/freesurfer
FREESURFER_HOME /opt/freesurfer
Loading source label.
Found 3667 points in source label.
Starting surface-based mapping
Reading source registration 
 /out/sourcedata/freesurfer/fsaverage/surf/rh.sphere.reg
Rescaling ...  original radius = 100
Reading target surface 
 /out/sourcedata/freesurfer/sub-v1s11x0050155_ses-1/surf/rh.white
Reading target registration 
 /out/sourcedata/freesurfer/sub-v1s11x0050155_ses-1/surf/rh.sphere.reg
Rescaling ...  original radius = 100
Building target registration hash (res=16).
Building source registration hash (res=16).
INFO: found  3667 nlabel points
Performing mapping from target back to the source label 163374
Number of reverse mapping hits = 2267
Checking for and removing duplicates
Writing label file ./rh.hOc1.mpm.vpnl.label 5934
mri_label2label: Done


 mri_label2label --srcsubject fsaverage --srclabel /out/sourcedata/freesurfer/fsaverage/label/rh.hOc2.mpm.vpnl.label --trgsubject sub-v1s11x0050155_ses-1 --trglabel ./rh.hOc2.mpm.vpnl.label --hemi rh --regmethod surface 


srclabel = /out/sourcedata/freesurfer/fsaverage/label/rh.hOc2.mpm.vpnl.label
srcsubject = fsaverage
trgsubject = sub-v1s11x0050155_ses-1
trglabel = ./rh.hOc2.mpm.vpnl.label
regmethod = surface

srchemi = rh
trghemi = rh
trgsurface = white
srcsurfreg = sphere.reg
trgsurfreg = sphere.reg
usehash = 1
Use ProjAbs  = 0, 0
Use ProjFrac = 0, 0
DoPaint 0

SUBJECTS_DIR    /out/sourcedata/freesurfer
FREESURFER_HOME /opt/freesurfer
Loading source label.
Found 2719 points in source label.
Starting surface-based mapping
Reading source registration 
 /out/sourcedata/freesurfer/fsaverage/surf/rh.sphere.reg
Rescaling ...  original radius = 100
Reading target surface 
 /out/sourcedata/freesurfer/sub-v1s11x0050155_ses-1/surf/rh.white
Reading target registration 
 /out/sourcedata/freesurfer/sub-v1s11x0050155_ses-1/surf/rh.sphere.reg
Rescaling ...  original radius = 100
Building target registration hash (res=16).
Building source registration hash (res=16).
INFO: found  2719 nlabel points
Performing mapping from target back to the source label 163374
Number of reverse mapping hits = 1584
Checking for and removing duplicates
Writing label file ./rh.hOc2.mpm.vpnl.label 4303
mri_label2label: Done


 mri_label2label --srcsubject fsaverage --srclabel /out/sourcedata/freesurfer/fsaverage/label/rh.hOc3v.mpm.vpnl.label --trgsubject sub-v1s11x0050155_ses-1 --trglabel ./rh.hOc3v.mpm.vpnl.label --hemi rh --regmethod surface 


srclabel = /out/sourcedata/freesurfer/fsaverage/label/rh.hOc3v.mpm.vpnl.label
srcsubject = fsaverage
trgsubject = sub-v1s11x0050155_ses-1
trglabel = ./rh.hOc3v.mpm.vpnl.label
regmethod = surface

srchemi = rh
trghemi = rh
trgsurface = white
srcsurfreg = sphere.reg
trgsurfreg = sphere.reg
usehash = 1
Use ProjAbs  = 0, 0
Use ProjFrac = 0, 0
DoPaint 0

SUBJECTS_DIR    /out/sourcedata/freesurfer
FREESURFER_HOME /opt/freesurfer
Loading source label.
Found 1228 points in source label.
Starting surface-based mapping
Reading source registration 
 /out/sourcedata/freesurfer/fsaverage/surf/rh.sphere.reg
Rescaling ...  original radius = 100
Reading target surface 
 /out/sourcedata/freesurfer/sub-v1s11x0050155_ses-1/surf/rh.white
Reading target registration 
 /out/sourcedata/freesurfer/sub-v1s11x0050155_ses-1/surf/rh.sphere.reg
Rescaling ...  original radius = 100
Building target registration hash (res=16).
Building source registration hash (res=16).
INFO: found  1228 nlabel points
Performing mapping from target back to the source label 163374
Number of reverse mapping hits = 786
Checking for and removing duplicates
Writing label file ./rh.hOc3v.mpm.vpnl.label 2014
mri_label2label: Done


 mri_label2label --srcsubject fsaverage --srclabel /out/sourcedata/freesurfer/fsaverage/label/rh.hOc4v.mpm.vpnl.label --trgsubject sub-v1s11x0050155_ses-1 --trglabel ./rh.hOc4v.mpm.vpnl.label --hemi rh --regmethod surface 


srclabel = /out/sourcedata/freesurfer/fsaverage/label/rh.hOc4v.mpm.vpnl.label
srcsubject = fsaverage
trgsubject = sub-v1s11x0050155_ses-1
trglabel = ./rh.hOc4v.mpm.vpnl.label
regmethod = surface

srchemi = rh
trghemi = rh
trgsurface = white
srcsurfreg = sphere.reg
trgsurfreg = sphere.reg
usehash = 1
Use ProjAbs  = 0, 0
Use ProjFrac = 0, 0
DoPaint 0

SUBJECTS_DIR    /out/sourcedata/freesurfer
FREESURFER_HOME /opt/freesurfer
Loading source label.
Found 1025 points in source label.
Starting surface-based mapping
Reading source registration 
 /out/sourcedata/freesurfer/fsaverage/surf/rh.sphere.reg
Rescaling ...  original radius = 100
Reading target surface 
 /out/sourcedata/freesurfer/sub-v1s11x0050155_ses-1/surf/rh.white
Reading target registration 
 /out/sourcedata/freesurfer/sub-v1s11x0050155_ses-1/surf/rh.sphere.reg
Rescaling ...  original radius = 100
Building target registration hash (res=16).
Building source registration hash (res=16).
INFO: found  1025 nlabel points
Performing mapping from target back to the source label 163374
Number of reverse mapping hits = 715
Checking for and removing duplicates
Writing label file ./rh.hOc4v.mpm.vpnl.label 1740
mri_label2label: Done


 mris_label2annot --s sub-v1s11x0050155_ses-1 --ctab /opt/freesurfer/average/colortable_vpnl.txt --hemi rh --a mpm.vpnl --maxstatwinner --noverbose --l rh.FG1.mpm.vpnl.label --l rh.FG2.mpm.vpnl.label --l rh.FG3.mpm.vpnl.label --l rh.FG4.mpm.vpnl.label --l rh.hOc1.mpm.vpnl.label --l rh.hOc2.mpm.vpnl.label --l rh.hOc3v.mpm.vpnl.label --l rh.hOc4v.mpm.vpnl.label 

Reading ctab /opt/freesurfer/average/colortable_vpnl.txt
Number of ctab entries 9

7.3.2
cwd /out/sourcedata/freesurfer/sub-v1s11x0050155_ses-1/label
cmdline mris_label2annot --s sub-v1s11x0050155_ses-1 --ctab /opt/freesurfer/average/colortable_vpnl.txt --hemi rh --a mpm.vpnl --maxstatwinner --noverbose --l rh.FG1.mpm.vpnl.label --l rh.FG2.mpm.vpnl.label --l rh.FG3.mpm.vpnl.label --l rh.FG4.mpm.vpnl.label --l rh.hOc1.mpm.vpnl.label --l rh.hOc2.mpm.vpnl.label --l rh.hOc3v.mpm.vpnl.label --l rh.hOc4v.mpm.vpnl.label 
sysname  Linux
hostname dna085
machine  x86_64
user     oesteban

subject sub-v1s11x0050155_ses-1
hemi    rh
SUBJECTS_DIR /out/sourcedata/freesurfer
ColorTable /opt/freesurfer/average/colortable_vpnl.txt
AnnotName  mpm.vpnl
nlables 8
LabelThresh 0 0.000000
Loading /out/sourcedata/freesurfer/sub-v1s11x0050155_ses-1/surf/rh.orig
 1 1376057 FG1
 2 16711935 FG2
 3 16711680 FG3
 4 1705837 FG4
 5 25600 hOc1
 6 255 hOc2
 7 16776960 hOc3v
 8 65535 hOc4v
Mapping unhit to unknown
Found 143002 unhit vertices
Writing annot to /out/sourcedata/freesurfer/sub-v1s11x0050155_ses-1/label/rh.mpm.vpnl.annot

 mri_label2label --srcsubject fsaverage --srclabel /out/sourcedata/freesurfer/fsaverage/label/rh.BA1_exvivo.thresh.label --trgsubject sub-v1s11x0050155_ses-1 --trglabel ./rh.BA1_exvivo.thresh.label --hemi rh --regmethod surface 


srclabel = /out/sourcedata/freesurfer/fsaverage/label/rh.BA1_exvivo.thresh.label
srcsubject = fsaverage
trgsubject = sub-v1s11x0050155_ses-1
trglabel = ./rh.BA1_exvivo.thresh.label
regmethod = surface

srchemi = rh
trghemi = rh
trgsurface = white
srcsurfreg = sphere.reg
trgsurfreg = sphere.reg
usehash = 1
Use ProjAbs  = 0, 0
Use ProjFrac = 0, 0
DoPaint 0

SUBJECTS_DIR    /out/sourcedata/freesurfer
FREESURFER_HOME /opt/freesurfer
Loading source label.
Found 876 points in source label.
Starting surface-based mapping
Reading source registration 
 /out/sourcedata/freesurfer/fsaverage/surf/rh.sphere.reg
Rescaling ...  original radius = 100
Reading target surface 
 /out/sourcedata/freesurfer/sub-v1s11x0050155_ses-1/surf/rh.white
Reading target registration 
 /out/sourcedata/freesurfer/sub-v1s11x0050155_ses-1/surf/rh.sphere.reg
Rescaling ...  original radius = 100
Building target registration hash (res=16).
Building source registration hash (res=16).
INFO: found  876 nlabel points
Performing mapping from target back to the source label 163374
Number of reverse mapping hits = 4
Checking for and removing duplicates
Writing label file ./rh.BA1_exvivo.thresh.label 880
mri_label2label: Done


 mri_label2label --srcsubject fsaverage --srclabel /out/sourcedata/freesurfer/fsaverage/label/rh.BA2_exvivo.thresh.label --trgsubject sub-v1s11x0050155_ses-1 --trglabel ./rh.BA2_exvivo.thresh.label --hemi rh --regmethod surface 


srclabel = /out/sourcedata/freesurfer/fsaverage/label/rh.BA2_exvivo.thresh.label
srcsubject = fsaverage
trgsubject = sub-v1s11x0050155_ses-1
trglabel = ./rh.BA2_exvivo.thresh.label
regmethod = surface

srchemi = rh
trghemi = rh
trgsurface = white
srcsurfreg = sphere.reg
trgsurfreg = sphere.reg
usehash = 1
Use ProjAbs  = 0, 0
Use ProjFrac = 0, 0
DoPaint 0

SUBJECTS_DIR    /out/sourcedata/freesurfer
FREESURFER_HOME /opt/freesurfer
Loading source label.
Found 2688 points in source label.
Starting surface-based mapping
Reading source registration 
 /out/sourcedata/freesurfer/fsaverage/surf/rh.sphere.reg
Rescaling ...  original radius = 100
Reading target surface 
 /out/sourcedata/freesurfer/sub-v1s11x0050155_ses-1/surf/rh.white
Reading target registration 
 /out/sourcedata/freesurfer/sub-v1s11x0050155_ses-1/surf/rh.sphere.reg
Rescaling ...  original radius = 100
Building target registration hash (res=16).
Building source registration hash (res=16).
INFO: found  2688 nlabel points
Performing mapping from target back to the source label 163374
Number of reverse mapping hits = 7
Checking for and removing duplicates
Writing label file ./rh.BA2_exvivo.thresh.label 2695
mri_label2label: Done


 mri_label2label --srcsubject fsaverage --srclabel /out/sourcedata/freesurfer/fsaverage/label/rh.BA3a_exvivo.thresh.label --trgsubject sub-v1s11x0050155_ses-1 --trglabel ./rh.BA3a_exvivo.thresh.label --hemi rh --regmethod surface 


srclabel = /out/sourcedata/freesurfer/fsaverage/label/rh.BA3a_exvivo.thresh.label
srcsubject = fsaverage
trgsubject = sub-v1s11x0050155_ses-1
trglabel = ./rh.BA3a_exvivo.thresh.label
regmethod = surface

srchemi = rh
trghemi = rh
trgsurface = white
srcsurfreg = sphere.reg
trgsurfreg = sphere.reg
usehash = 1
Use ProjAbs  = 0, 0
Use ProjFrac = 0, 0
DoPaint 0

SUBJECTS_DIR    /out/sourcedata/freesurfer
FREESURFER_HOME /opt/freesurfer
Loading source label.
Found 1698 points in source label.
Starting surface-based mapping
Reading source registration 
 /out/sourcedata/freesurfer/fsaverage/surf/rh.sphere.reg
Rescaling ...  original radius = 100
Reading target surface 
 /out/sourcedata/freesurfer/sub-v1s11x0050155_ses-1/surf/rh.white
Reading target registration 
 /out/sourcedata/freesurfer/sub-v1s11x0050155_ses-1/surf/rh.sphere.reg
Rescaling ...  original radius = 100
Building target registration hash (res=16).
Building source registration hash (res=16).
INFO: found  1698 nlabel points
Performing mapping from target back to the source label 163374
Number of reverse mapping hits = 45
Checking for and removing duplicates
Writing label file ./rh.BA3a_exvivo.thresh.label 1743
mri_label2label: Done


 mri_label2label --srcsubject fsaverage --srclabel /out/sourcedata/freesurfer/fsaverage/label/rh.BA3b_exvivo.thresh.label --trgsubject sub-v1s11x0050155_ses-1 --trglabel ./rh.BA3b_exvivo.thresh.label --hemi rh --regmethod surface 


srclabel = /out/sourcedata/freesurfer/fsaverage/label/rh.BA3b_exvivo.thresh.label
srcsubject = fsaverage
trgsubject = sub-v1s11x0050155_ses-1
trglabel = ./rh.BA3b_exvivo.thresh.label
regmethod = surface

srchemi = rh
trghemi = rh
trgsurface = white
srcsurfreg = sphere.reg
trgsurfreg = sphere.reg
usehash = 1
Use ProjAbs  = 0, 0
Use ProjFrac = 0, 0
DoPaint 0

SUBJECTS_DIR    /out/sourcedata/freesurfer
FREESURFER_HOME /opt/freesurfer
Loading source label.
Found 2183 points in source label.
Starting surface-based mapping
Reading source registration 
 /out/sourcedata/freesurfer/fsaverage/surf/rh.sphere.reg
Rescaling ...  original radius = 100
Reading target surface 
 /out/sourcedata/freesurfer/sub-v1s11x0050155_ses-1/surf/rh.white
Reading target registration 
 /out/sourcedata/freesurfer/sub-v1s11x0050155_ses-1/surf/rh.sphere.reg
Rescaling ...  original radius = 100
Building target registration hash (res=16).
Building source registration hash (res=16).
INFO: found  2183 nlabel points
Performing mapping from target back to the source label 163374
Number of reverse mapping hits = 157
Checking for and removing duplicates
Writing label file ./rh.BA3b_exvivo.thresh.label 2340
mri_label2label: Done


 mri_label2label --srcsubject fsaverage --srclabel /out/sourcedata/freesurfer/fsaverage/label/rh.BA4a_exvivo.thresh.label --trgsubject sub-v1s11x0050155_ses-1 --trglabel ./rh.BA4a_exvivo.thresh.label --hemi rh --regmethod surface 


srclabel = /out/sourcedata/freesurfer/fsaverage/label/rh.BA4a_exvivo.thresh.label
srcsubject = fsaverage
trgsubject = sub-v1s11x0050155_ses-1
trglabel = ./rh.BA4a_exvivo.thresh.label
regmethod = surface

srchemi = rh
trghemi = rh
trgsurface = white
srcsurfreg = sphere.reg
trgsurfreg = sphere.reg
usehash = 1
Use ProjAbs  = 0, 0
Use ProjFrac = 0, 0
DoPaint 0

SUBJECTS_DIR    /out/sourcedata/freesurfer
FREESURFER_HOME /opt/freesurfer
Loading source label.
Found 1388 points in source label.
Starting surface-based mapping
Reading source registration 
 /out/sourcedata/freesurfer/fsaverage/surf/rh.sphere.reg
Rescaling ...  original radius = 100
Reading target surface 
 /out/sourcedata/freesurfer/sub-v1s11x0050155_ses-1/surf/rh.white
Reading target registration 
 /out/sourcedata/freesurfer/sub-v1s11x0050155_ses-1/surf/rh.sphere.reg
Rescaling ...  original radius = 100
Building target registration hash (res=16).
Building source registration hash (res=16).
INFO: found  1388 nlabel points
Performing mapping from target back to the source label 163374
Number of reverse mapping hits = 164
Checking for and removing duplicates
Writing label file ./rh.BA4a_exvivo.thresh.label 1552
mri_label2label: Done


 mri_label2label --srcsubject fsaverage --srclabel /out/sourcedata/freesurfer/fsaverage/label/rh.BA4p_exvivo.thresh.label --trgsubject sub-v1s11x0050155_ses-1 --trglabel ./rh.BA4p_exvivo.thresh.label --hemi rh --regmethod surface 


srclabel = /out/sourcedata/freesurfer/fsaverage/label/rh.BA4p_exvivo.thresh.label
srcsubject = fsaverage
trgsubject = sub-v1s11x0050155_ses-1
trglabel = ./rh.BA4p_exvivo.thresh.label
regmethod = surface

srchemi = rh
trghemi = rh
trgsurface = white
srcsurfreg = sphere.reg
trgsurfreg = sphere.reg
usehash = 1
Use ProjAbs  = 0, 0
Use ProjFrac = 0, 0
DoPaint 0

SUBJECTS_DIR    /out/sourcedata/freesurfer
FREESURFER_HOME /opt/freesurfer
Loading source label.
Found 1489 points in source label.
Starting surface-based mapping
Reading source registration 
 /out/sourcedata/freesurfer/fsaverage/surf/rh.sphere.reg
Rescaling ...  original radius = 100
Reading target surface 
 /out/sourcedata/freesurfer/sub-v1s11x0050155_ses-1/surf/rh.white
Reading target registration 
 /out/sourcedata/freesurfer/sub-v1s11x0050155_ses-1/surf/rh.sphere.reg
Rescaling ...  original radius = 100
Building target registration hash (res=16).
Building source registration hash (res=16).
INFO: found  1489 nlabel points
Performing mapping from target back to the source label 163374
Number of reverse mapping hits = 77
Checking for and removing duplicates
Writing label file ./rh.BA4p_exvivo.thresh.label 1566
mri_label2label: Done


 mri_label2label --srcsubject fsaverage --srclabel /out/sourcedata/freesurfer/fsaverage/label/rh.BA6_exvivo.thresh.label --trgsubject sub-v1s11x0050155_ses-1 --trglabel ./rh.BA6_exvivo.thresh.label --hemi rh --regmethod surface 


srclabel = /out/sourcedata/freesurfer/fsaverage/label/rh.BA6_exvivo.thresh.label
srcsubject = fsaverage
trgsubject = sub-v1s11x0050155_ses-1
trglabel = ./rh.BA6_exvivo.thresh.label
regmethod = surface

srchemi = rh
trghemi = rh
trgsurface = white
srcsurfreg = sphere.reg
trgsurfreg = sphere.reg
usehash = 1
Use ProjAbs  = 0, 0
Use ProjFrac = 0, 0
DoPaint 0

SUBJECTS_DIR    /out/sourcedata/freesurfer
FREESURFER_HOME /opt/freesurfer
Loading source label.
Found 6959 points in source label.
Starting surface-based mapping
Reading source registration 
 /out/sourcedata/freesurfer/fsaverage/surf/rh.sphere.reg
Rescaling ...  original radius = 100
Reading target surface 
 /out/sourcedata/freesurfer/sub-v1s11x0050155_ses-1/surf/rh.white
Reading target registration 
 /out/sourcedata/freesurfer/sub-v1s11x0050155_ses-1/surf/rh.sphere.reg
Rescaling ...  original radius = 100
Building target registration hash (res=16).
Building source registration hash (res=16).
INFO: found  6959 nlabel points
Performing mapping from target back to the source label 163374
Number of reverse mapping hits = 1585
Checking for and removing duplicates
Writing label file ./rh.BA6_exvivo.thresh.label 8544
mri_label2label: Done


 mri_label2label --srcsubject fsaverage --srclabel /out/sourcedata/freesurfer/fsaverage/label/rh.BA44_exvivo.thresh.label --trgsubject sub-v1s11x0050155_ses-1 --trglabel ./rh.BA44_exvivo.thresh.label --hemi rh --regmethod surface 


srclabel = /out/sourcedata/freesurfer/fsaverage/label/rh.BA44_exvivo.thresh.label
srcsubject = fsaverage
trgsubject = sub-v1s11x0050155_ses-1
trglabel = ./rh.BA44_exvivo.thresh.label
regmethod = surface

srchemi = rh
trghemi = rh
trgsurface = white
srcsurfreg = sphere.reg
trgsurfreg = sphere.reg
usehash = 1
Use ProjAbs  = 0, 0
Use ProjFrac = 0, 0
DoPaint 0

SUBJECTS_DIR    /out/sourcedata/freesurfer
FREESURFER_HOME /opt/freesurfer
Loading source label.
Found 1012 points in source label.
Starting surface-based mapping
Reading source registration 
 /out/sourcedata/freesurfer/fsaverage/surf/rh.sphere.reg
Rescaling ...  original radius = 100
Reading target surface 
 /out/sourcedata/freesurfer/sub-v1s11x0050155_ses-1/surf/rh.white
Reading target registration 
 /out/sourcedata/freesurfer/sub-v1s11x0050155_ses-1/surf/rh.sphere.reg
Rescaling ...  original radius = 100
Building target registration hash (res=16).
Building source registration hash (res=16).
INFO: found  1012 nlabel points
Performing mapping from target back to the source label 163374
Number of reverse mapping hits = 261
Checking for and removing duplicates
Writing label file ./rh.BA44_exvivo.thresh.label 1273
mri_label2label: Done


 mri_label2label --srcsubject fsaverage --srclabel /out/sourcedata/freesurfer/fsaverage/label/rh.BA45_exvivo.thresh.label --trgsubject sub-v1s11x0050155_ses-1 --trglabel ./rh.BA45_exvivo.thresh.label --hemi rh --regmethod surface 


srclabel = /out/sourcedata/freesurfer/fsaverage/label/rh.BA45_exvivo.thresh.label
srcsubject = fsaverage
trgsubject = sub-v1s11x0050155_ses-1
trglabel = ./rh.BA45_exvivo.thresh.label
regmethod = surface

srchemi = rh
trghemi = rh
trgsurface = white
srcsurfreg = sphere.reg
trgsurfreg = sphere.reg
usehash = 1
Use ProjAbs  = 0, 0
Use ProjFrac = 0, 0
DoPaint 0

SUBJECTS_DIR    /out/sourcedata/freesurfer
FREESURFER_HOME /opt/freesurfer
Loading source label.
Found 1178 points in source label.
Starting surface-based mapping
Reading source registration 
 /out/sourcedata/freesurfer/fsaverage/surf/rh.sphere.reg
Rescaling ...  original radius = 100
Reading target surface 
 /out/sourcedata/freesurfer/sub-v1s11x0050155_ses-1/surf/rh.white
Reading target registration 
 /out/sourcedata/freesurfer/sub-v1s11x0050155_ses-1/surf/rh.sphere.reg
Rescaling ...  original radius = 100
Building target registration hash (res=16).
Building source registration hash (res=16).
INFO: found  1178 nlabel points
Performing mapping from target back to the source label 163374
Number of reverse mapping hits = 137
Checking for and removing duplicates
Writing label file ./rh.BA45_exvivo.thresh.label 1315
mri_label2label: Done


 mri_label2label --srcsubject fsaverage --srclabel /out/sourcedata/freesurfer/fsaverage/label/rh.V1_exvivo.thresh.label --trgsubject sub-v1s11x0050155_ses-1 --trglabel ./rh.V1_exvivo.thresh.label --hemi rh --regmethod surface 


srclabel = /out/sourcedata/freesurfer/fsaverage/label/rh.V1_exvivo.thresh.label
srcsubject = fsaverage
trgsubject = sub-v1s11x0050155_ses-1
trglabel = ./rh.V1_exvivo.thresh.label
regmethod = surface

srchemi = rh
trghemi = rh
trgsurface = white
srcsurfreg = sphere.reg
trgsurfreg = sphere.reg
usehash = 1
Use ProjAbs  = 0, 0
Use ProjFrac = 0, 0
DoPaint 0

SUBJECTS_DIR    /out/sourcedata/freesurfer
FREESURFER_HOME /opt/freesurfer
Loading source label.
Found 3232 points in source label.
Starting surface-based mapping
Reading source registration 
 /out/sourcedata/freesurfer/fsaverage/surf/rh.sphere.reg
Rescaling ...  original radius = 100
Reading target surface 
 /out/sourcedata/freesurfer/sub-v1s11x0050155_ses-1/surf/rh.white
Reading target registration 
 /out/sourcedata/freesurfer/sub-v1s11x0050155_ses-1/surf/rh.sphere.reg
Rescaling ...  original radius = 100
Building target registration hash (res=16).
Building source registration hash (res=16).
INFO: found  3232 nlabel points
Performing mapping from target back to the source label 163374
Number of reverse mapping hits = 2048
Checking for and removing duplicates
Writing label file ./rh.V1_exvivo.thresh.label 5280
mri_label2label: Done


 mri_label2label --srcsubject fsaverage --srclabel /out/sourcedata/freesurfer/fsaverage/label/rh.V2_exvivo.thresh.label --trgsubject sub-v1s11x0050155_ses-1 --trglabel ./rh.V2_exvivo.thresh.label --hemi rh --regmethod surface 


srclabel = /out/sourcedata/freesurfer/fsaverage/label/rh.V2_exvivo.thresh.label
srcsubject = fsaverage
trgsubject = sub-v1s11x0050155_ses-1
trglabel = ./rh.V2_exvivo.thresh.label
regmethod = surface

srchemi = rh
trghemi = rh
trgsurface = white
srcsurfreg = sphere.reg
trgsurfreg = sphere.reg
usehash = 1
Use ProjAbs  = 0, 0
Use ProjFrac = 0, 0
DoPaint 0

SUBJECTS_DIR    /out/sourcedata/freesurfer
FREESURFER_HOME /opt/freesurfer
Loading source label.
Found 3437 points in source label.
Starting surface-based mapping
Reading source registration 
 /out/sourcedata/freesurfer/fsaverage/surf/rh.sphere.reg
Rescaling ...  original radius = 100
Reading target surface 
 /out/sourcedata/freesurfer/sub-v1s11x0050155_ses-1/surf/rh.white
Reading target registration 
 /out/sourcedata/freesurfer/sub-v1s11x0050155_ses-1/surf/rh.sphere.reg
Rescaling ...  original radius = 100
Building target registration hash (res=16).
Building source registration hash (res=16).
INFO: found  3437 nlabel points
Performing mapping from target back to the source label 163374
Number of reverse mapping hits = 2011
Checking for and removing duplicates
Writing label file ./rh.V2_exvivo.thresh.label 5448
mri_label2label: Done


 mri_label2label --srcsubject fsaverage --srclabel /out/sourcedata/freesurfer/fsaverage/label/rh.MT_exvivo.thresh.label --trgsubject sub-v1s11x0050155_ses-1 --trglabel ./rh.MT_exvivo.thresh.label --hemi rh --regmethod surface 


srclabel = /out/sourcedata/freesurfer/fsaverage/label/rh.MT_exvivo.thresh.label
srcsubject = fsaverage
trgsubject = sub-v1s11x0050155_ses-1
trglabel = ./rh.MT_exvivo.thresh.label
regmethod = surface

srchemi = rh
trghemi = rh
trgsurface = white
srcsurfreg = sphere.reg
trgsurfreg = sphere.reg
usehash = 1
Use ProjAbs  = 0, 0
Use ProjFrac = 0, 0
DoPaint 0

SUBJECTS_DIR    /out/sourcedata/freesurfer
FREESURFER_HOME /opt/freesurfer
Loading source label.
Found 268 points in source label.
Starting surface-based mapping
Reading source registration 
 /out/sourcedata/freesurfer/fsaverage/surf/rh.sphere.reg
Rescaling ...  original radius = 100
Reading target surface 
 /out/sourcedata/freesurfer/sub-v1s11x0050155_ses-1/surf/rh.white
Reading target registration 
 /out/sourcedata/freesurfer/sub-v1s11x0050155_ses-1/surf/rh.sphere.reg
Rescaling ...  original radius = 100
Building target registration hash (res=16).
Building source registration hash (res=16).
INFO: found  268 nlabel points
Performing mapping from target back to the source label 163374
Number of reverse mapping hits = 113
Checking for and removing duplicates
Writing label file ./rh.MT_exvivo.thresh.label 381
mri_label2label: Done


 mri_label2label --srcsubject fsaverage --srclabel /out/sourcedata/freesurfer/fsaverage/label/rh.entorhinal_exvivo.thresh.label --trgsubject sub-v1s11x0050155_ses-1 --trglabel ./rh.entorhinal_exvivo.thresh.label --hemi rh --regmethod surface 


srclabel = /out/sourcedata/freesurfer/fsaverage/label/rh.entorhinal_exvivo.thresh.label
srcsubject = fsaverage
trgsubject = sub-v1s11x0050155_ses-1
trglabel = ./rh.entorhinal_exvivo.thresh.label
regmethod = surface

srchemi = rh
trghemi = rh
trgsurface = white
srcsurfreg = sphere.reg
trgsurfreg = sphere.reg
usehash = 1
Use ProjAbs  = 0, 0
Use ProjFrac = 0, 0
DoPaint 0

SUBJECTS_DIR    /out/sourcedata/freesurfer
FREESURFER_HOME /opt/freesurfer
Loading source label.
Found 694 points in source label.
Starting surface-based mapping
Reading source registration 
 /out/sourcedata/freesurfer/fsaverage/surf/rh.sphere.reg
Rescaling ...  original radius = 100
Reading target surface 
 /out/sourcedata/freesurfer/sub-v1s11x0050155_ses-1/surf/rh.white
Reading target registration 
 /out/sourcedata/freesurfer/sub-v1s11x0050155_ses-1/surf/rh.sphere.reg
Rescaling ...  original radius = 100
Building target registration hash (res=16).
Building source registration hash (res=16).
INFO: found  694 nlabel points
Performing mapping from target back to the source label 163374
Number of reverse mapping hits = 96
Checking for and removing duplicates
Writing label file ./rh.entorhinal_exvivo.thresh.label 790
mri_label2label: Done


 mri_label2label --srcsubject fsaverage --srclabel /out/sourcedata/freesurfer/fsaverage/label/rh.perirhinal_exvivo.thresh.label --trgsubject sub-v1s11x0050155_ses-1 --trglabel ./rh.perirhinal_exvivo.thresh.label --hemi rh --regmethod surface 


srclabel = /out/sourcedata/freesurfer/fsaverage/label/rh.perirhinal_exvivo.thresh.label
srcsubject = fsaverage
trgsubject = sub-v1s11x0050155_ses-1
trglabel = ./rh.perirhinal_exvivo.thresh.label
regmethod = surface

srchemi = rh
trghemi = rh
trgsurface = white
srcsurfreg = sphere.reg
trgsurfreg = sphere.reg
usehash = 1
Use ProjAbs  = 0, 0
Use ProjFrac = 0, 0
DoPaint 0

SUBJECTS_DIR    /out/sourcedata/freesurfer
FREESURFER_HOME /opt/freesurfer
Loading source label.
Found 291 points in source label.
Starting surface-based mapping
Reading source registration 
 /out/sourcedata/freesurfer/fsaverage/surf/rh.sphere.reg
Rescaling ...  original radius = 100
Reading target surface 
 /out/sourcedata/freesurfer/sub-v1s11x0050155_ses-1/surf/rh.white
Reading target registration 
 /out/sourcedata/freesurfer/sub-v1s11x0050155_ses-1/surf/rh.sphere.reg
Rescaling ...  original radius = 100
Building target registration hash (res=16).
Building source registration hash (res=16).
INFO: found  291 nlabel points
Performing mapping from target back to the source label 163374
Number of reverse mapping hits = 40
Checking for and removing duplicates
Writing label file ./rh.perirhinal_exvivo.thresh.label 331
mri_label2label: Done


 mris_label2annot --s sub-v1s11x0050155_ses-1 --hemi rh --ctab /opt/freesurfer/average/colortable_BA.txt --l rh.BA1_exvivo.label --l rh.BA2_exvivo.label --l rh.BA3a_exvivo.label --l rh.BA3b_exvivo.label --l rh.BA4a_exvivo.label --l rh.BA4p_exvivo.label --l rh.BA6_exvivo.label --l rh.BA44_exvivo.label --l rh.BA45_exvivo.label --l rh.V1_exvivo.label --l rh.V2_exvivo.label --l rh.MT_exvivo.label --l rh.perirhinal_exvivo.label --l rh.entorhinal_exvivo.label --a BA_exvivo --maxstatwinner --noverbose 

Reading ctab /opt/freesurfer/average/colortable_BA.txt
Number of ctab entries 15

7.3.2
cwd /out/sourcedata/freesurfer/sub-v1s11x0050155_ses-1/label
cmdline mris_label2annot --s sub-v1s11x0050155_ses-1 --hemi rh --ctab /opt/freesurfer/average/colortable_BA.txt --l rh.BA1_exvivo.label --l rh.BA2_exvivo.label --l rh.BA3a_exvivo.label --l rh.BA3b_exvivo.label --l rh.BA4a_exvivo.label --l rh.BA4p_exvivo.label --l rh.BA6_exvivo.label --l rh.BA44_exvivo.label --l rh.BA45_exvivo.label --l rh.V1_exvivo.label --l rh.V2_exvivo.label --l rh.MT_exvivo.label --l rh.perirhinal_exvivo.label --l rh.entorhinal_exvivo.label --a BA_exvivo --maxstatwinner --noverbose 
sysname  Linux
hostname dna085
machine  x86_64
user     oesteban

subject sub-v1s11x0050155_ses-1
hemi    rh
SUBJECTS_DIR /out/sourcedata/freesurfer
ColorTable /opt/freesurfer/average/colortable_BA.txt
AnnotName  BA_exvivo
nlables 14
LabelThresh 0 0.000000
Loading /out/sourcedata/freesurfer/sub-v1s11x0050155_ses-1/surf/rh.orig
 1 1530880 BA1_exvivo
 2 16749699 BA2_exvivo
 3 16711680 BA3a_exvivo
 4 3368703 BA3b_exvivo
 5 1376196 BA4a_exvivo
 6 13382655 BA4p_exvivo
 7 10036737 BA6_exvivo
 8 2490521 BA44_exvivo
 9 39283 BA45_exvivo
10 3993 V1_exvivo
11 8508928 V2_exvivo
12 10027163 MT_exvivo
13 16422433 perirhinal_exvivo
14 16392598 entorhinal_exvivo
Mapping unhit to unknown
Found 111886 unhit vertices
Writing annot to /out/sourcedata/freesurfer/sub-v1s11x0050155_ses-1/label/rh.BA_exvivo.annot

 mris_label2annot --s sub-v1s11x0050155_ses-1 --hemi rh --ctab /opt/freesurfer/average/colortable_BA.txt --l rh.BA1_exvivo.thresh.label --l rh.BA2_exvivo.thresh.label --l rh.BA3a_exvivo.thresh.label --l rh.BA3b_exvivo.thresh.label --l rh.BA4a_exvivo.thresh.label --l rh.BA4p_exvivo.thresh.label --l rh.BA6_exvivo.thresh.label --l rh.BA44_exvivo.thresh.label --l rh.BA45_exvivo.thresh.label --l rh.V1_exvivo.thresh.label --l rh.V2_exvivo.thresh.label --l rh.MT_exvivo.thresh.label --l rh.perirhinal_exvivo.thresh.label --l rh.entorhinal_exvivo.thresh.label --a BA_exvivo.thresh --maxstatwinner --noverbose 

Reading ctab /opt/freesurfer/average/colortable_BA.txt
Number of ctab entries 15

7.3.2
cwd /out/sourcedata/freesurfer/sub-v1s11x0050155_ses-1/label
cmdline mris_label2annot --s sub-v1s11x0050155_ses-1 --hemi rh --ctab /opt/freesurfer/average/colortable_BA.txt --l rh.BA1_exvivo.thresh.label --l rh.BA2_exvivo.thresh.label --l rh.BA3a_exvivo.thresh.label --l rh.BA3b_exvivo.thresh.label --l rh.BA4a_exvivo.thresh.label --l rh.BA4p_exvivo.thresh.label --l rh.BA6_exvivo.thresh.label --l rh.BA44_exvivo.thresh.label --l rh.BA45_exvivo.thresh.label --l rh.V1_exvivo.thresh.label --l rh.V2_exvivo.thresh.label --l rh.MT_exvivo.thresh.label --l rh.perirhinal_exvivo.thresh.label --l rh.entorhinal_exvivo.thresh.label --a BA_exvivo.thresh --maxstatwinner --noverbose 
sysname  Linux
hostname dna085
machine  x86_64
user     oesteban

subject sub-v1s11x0050155_ses-1
hemi    rh
SUBJECTS_DIR /out/sourcedata/freesurfer
ColorTable /opt/freesurfer/average/colortable_BA.txt
AnnotName  BA_exvivo.thresh
nlables 14
LabelThresh 0 0.000000
Loading /out/sourcedata/freesurfer/sub-v1s11x0050155_ses-1/surf/rh.orig
 1 1530880 BA1_exvivo
 2 16749699 BA2_exvivo
 3 16711680 BA3a_exvivo
 4 3368703 BA3b_exvivo
 5 1376196 BA4a_exvivo
 6 13382655 BA4p_exvivo
 7 10036737 BA6_exvivo
 8 2490521 BA44_exvivo
 9 39283 BA45_exvivo
10 3993 V1_exvivo
11 8508928 V2_exvivo
12 10027163 MT_exvivo
13 16422433 perirhinal_exvivo
14 16392598 entorhinal_exvivo
Mapping unhit to unknown
Found 135382 unhit vertices
Writing annot to /out/sourcedata/freesurfer/sub-v1s11x0050155_ses-1/label/rh.BA_exvivo.thresh.annot

 mris_anatomical_stats -th3 -mgz -noglobal -f ../stats/rh.BA_exvivo.stats -b -a ./rh.BA_exvivo.annot -c ./BA_exvivo.ctab sub-v1s11x0050155_ses-1 rh white 

computing statistics for each annotation in ./rh.BA_exvivo.annot.
reading volume /out/sourcedata/freesurfer/sub-v1s11x0050155_ses-1/mri/wm.mgz...
reading input surface /out/sourcedata/freesurfer/sub-v1s11x0050155_ses-1/surf/rh.white...
reading input pial surface /out/sourcedata/freesurfer/sub-v1s11x0050155_ses-1/surf/rh.pial...
reading input white surface /out/sourcedata/freesurfer/sub-v1s11x0050155_ses-1/surf/rh.white...
INFO: using TH3 volume calc
INFO: assuming MGZ format for volumes.
INFO: not computing global stats
Using TH3 vertex volume calc
Total face volume 320949
Total vertex volume 320706 (mask=0)
Saving annotation colortable ./BA_exvivo.ctab

table columns are:
    number of vertices
    total surface area (mm^2)
    total gray matter volume (mm^3)
    average cortical thickness +- standard deviation (mm)
    integrated rectified mean curvature
    integrated rectified Gaussian curvature
    folding index
    intrinsic curvature index
    structure name

  755    501   2090  2.930 0.692     0.127     0.032       11     1.0  BA1_exvivo
 2235   1494   4200  2.311 0.746     0.110     0.022       22     2.0  BA2_exvivo
 1232    806   1631  2.232 0.624     0.116     0.023       10     1.2  BA3a_exvivo
 2254   1519   3911  2.386 0.616     0.106     0.019       19     1.8  BA3b_exvivo
 1887   1188   2842  2.060 0.558     0.097     0.015       15     1.1  BA4a_exvivo
 1467    964   1822  2.029 0.522     0.091     0.013        7     0.8  BA4p_exvivo
12081   7655  22358  2.458 0.816     0.099     0.020       91    10.4  BA6_exvivo
 5582   3916  12583  2.785 0.623     0.110     0.021       54     4.7  BA44_exvivo
 4395   3129   9300  2.569 0.691     0.111     0.020       40     3.6  BA45_exvivo
 5472   3544   6119  1.651 0.519     0.112     0.021       46     5.3  V1_exvivo
10204   6873  15002  2.105 0.684     0.132     0.028      109    12.2  V2_exvivo
 2714   1845   5223  2.681 0.552     0.116     0.022       26     2.6  MT_exvivo
  458    308    891  2.751 0.643     0.079     0.011        2     0.2  perirhinal_exvivo
  752    467   2779  3.373 0.894     0.097     0.022        5     0.7  entorhinal_exvivo

 mris_anatomical_stats -th3 -mgz -f ../stats/rh.BA_exvivo.thresh.stats -noglobal -b -a ./rh.BA_exvivo.thresh.annot -c ./BA_exvivo.thresh.ctab sub-v1s11x0050155_ses-1 rh white 

computing statistics for each annotation in ./rh.BA_exvivo.thresh.annot.
reading volume /out/sourcedata/freesurfer/sub-v1s11x0050155_ses-1/mri/wm.mgz...
reading input surface /out/sourcedata/freesurfer/sub-v1s11x0050155_ses-1/surf/rh.white...
reading input pial surface /out/sourcedata/freesurfer/sub-v1s11x0050155_ses-1/surf/rh.pial...
reading input white surface /out/sourcedata/freesurfer/sub-v1s11x0050155_ses-1/surf/rh.white...
INFO: using TH3 volume calc
INFO: assuming MGZ format for volumes.
INFO: not computing global stats
Using TH3 vertex volume calc
Total face volume 320949
Total vertex volume 320706 (mask=0)
Saving annotation colortable ./BA_exvivo.thresh.ctab

table columns are:
    number of vertices
    total surface area (mm^2)
    total gray matter volume (mm^3)
    average cortical thickness +- standard deviation (mm)
    integrated rectified mean curvature
    integrated rectified Gaussian curvature
    folding index
    intrinsic curvature index
    structure name

  413    266   1058  2.897 0.663     0.102     0.027        5     0.4  BA1_exvivo
 1234    813   2553  2.388 0.794     0.105     0.023       13     1.1  BA2_exvivo
 1047    682   1081  2.054 0.510     0.112     0.019        6     0.9  BA3a_exvivo
 1732   1159   2649  2.311 0.589     0.098     0.016       11     1.2  BA3b_exvivo
 1191    747   1771  1.948 0.508     0.115     0.016       13     0.9  BA4a_exvivo
 1140    736   1353  1.981 0.471     0.080     0.012        5     0.5  BA4p_exvivo
 7143   4410  11841  2.269 0.806     0.091     0.018       48     5.3  BA6_exvivo
 1208    949   3871  2.984 0.647     0.135     0.030       19     1.5  BA44_exvivo
 1100    822   2792  2.698 0.582     0.118     0.020       13     0.9  BA45_exvivo
 5235   3390   5678  1.632 0.511     0.108     0.020       42     4.6  V1_exvivo
 5402   3693   7129  1.864 0.595     0.140     0.030       64     7.2  V2_exvivo
  372    253    706  2.575 0.350     0.118     0.024        4     0.4  MT_exvivo
   48     32     63  2.491 0.335     0.079     0.010        0     0.0  perirhinal_exvivo
  727    469   2160  3.122 0.795     0.097     0.020        4     0.7  entorhinal_exvivo

Started at Thu Mar 12 12:56:30 CET 2026 
Ended   at Thu Mar 12 12:59:55 CET 2026
#@#%# recon-all-run-time-hours 0.057
recon-all -s sub-v1s11x0050155_ses-1 finished without error at Thu Mar 12 12:59:55 CET 2026
