global_signal	global_signal_derivative1	global_signal_derivative1_power2	global_signal_power2	csf	csf_derivative1	csf_power2	csf_derivative1_power2	white_matter	white_matter_derivative1	white_matter_power2	white_matter_derivative1_power2	csf_wm	tcompcor	std_dvars	dvars	framewise_displacement	rmsd	t_comp_cor_00	t_comp_cor_01	t_comp_cor_02	t_comp_cor_03	t_comp_cor_04	c_comp_cor_00	c_comp_cor_01	c_comp_cor_02	c_comp_cor_03	c_comp_cor_04	c_comp_cor_05	c_comp_cor_06	w_comp_cor_00	w_comp_cor_01	w_comp_cor_02	w_comp_cor_03	w_comp_cor_04	w_comp_cor_05	w_comp_cor_06	w_comp_cor_07	w_comp_cor_08	w_comp_cor_09	w_comp_cor_10	w_comp_cor_11	w_comp_cor_12	w_comp_cor_13	w_comp_cor_14	w_comp_cor_15	w_comp_cor_16	w_comp_cor_17	w_comp_cor_18	w_comp_cor_19	w_comp_cor_20	w_comp_cor_21	w_comp_cor_22	w_comp_cor_23	a_comp_cor_00	a_comp_cor_01	a_comp_cor_02	a_comp_cor_03	a_comp_cor_04	a_comp_cor_05	a_comp_cor_06	a_comp_cor_07	a_comp_cor_08	a_comp_cor_09	a_comp_cor_10	a_comp_cor_11	a_comp_cor_12	a_comp_cor_13	a_comp_cor_14	a_comp_cor_15	a_comp_cor_16	a_comp_cor_17	a_comp_cor_18	a_comp_cor_19	a_comp_cor_20	a_comp_cor_21	edge_comp_00	edge_comp_01	edge_comp_02	edge_comp_03	edge_comp_04	edge_comp_05	edge_comp_06	edge_comp_07	edge_comp_08	edge_comp_09	edge_comp_10	edge_comp_11	edge_comp_12	edge_comp_13	edge_comp_14	edge_comp_15	edge_comp_16	edge_comp_17	edge_comp_18	edge_comp_19	edge_comp_20	edge_comp_21	edge_comp_22	edge_comp_23	cosine00	cosine01	trans_x	trans_x_derivative1	trans_x_power2	trans_x_derivative1_power2	trans_y	trans_y_derivative1	trans_y_derivative1_power2	trans_y_power2	trans_z	trans_z_derivative1	trans_z_derivative1_power2	trans_z_power2	rot_x	rot_x_derivative1	rot_x_derivative1_power2	rot_x_power2	rot_y	rot_y_derivative1	rot_y_power2	rot_y_derivative1_power2	rot_z	rot_z_derivative1	rot_z_power2	rot_z_derivative1_power2	motion_outlier00	motion_outlier01	motion_outlier02	motion_outlier03	motion_outlier04
921.237073009764	n/a	n/a	848677.7446875973	994.6891864552216	n/a	989406.5776509506	n/a	866.20347970755	n/a	750308.4682574678	n/a	866.9837692852949	825.4676435533171	n/a	n/a	n/a	n/a	-0.2877649793	-0.0840993639	0.156531408	-0.0463580399	0.0785318768	0.1170206932	-0.0521106598	0.1782712927	-0.1263360775	0.2145212124	-0.140800986	0.3701552647	-0.0576183469	0.1781990316	-0.0245891243	0.1376534626	-0.0832275859	-0.0327184076	0.1113414903	-0.0084700203	0.1099492161	-0.1148304954	0.1896698559	-0.1680951403	0.1133926197	-0.0227661944	0.1579744559	-0.0234598511	0.0059822027	0.0184423717	-0.1223117028	0.0679986052	0.0756360205	-0.1452323878	-0.0324237669	-0.1127247465	-0.1028693182	0.1048555746	-0.0262278569	0.0993382238	-0.1170119372	0.0428858893	-0.1311994467	-0.2606820709	0.1241591769	-0.0540139731	0.2020286634	-0.1049861898	0.0405912683	-0.0152529903	0.077881229	-0.0477508421	0.1576914137	-0.1040984629	0.1024749631	-0.00251503	-0.0906036538	-0.0525033582	0.2111719453	-0.1638960425	0.1360083831	-0.235834114	0.0151654685	-0.1066396668	0.0212568521	-0.0735325475	0.0022831946	-0.0686831174	0.0878151943	-0.1255761795	0.2300227376	-0.1997610089	0.0943286175	-0.0917729147	0.0419766362	-0.1801330468	0.0935590063	-0.058452633	0.1865934956	-0.2272470095	0.0302517802	0.0042287225	0.1561451084	0.1560591586	2.2356289917979663e-05	n/a	4.99803698896759e-10	n/a	2.030120673168767e-05	n/a	n/a	4.1213899476272077e-10	-0.0433221889735335	n/a	n/a	0.0018768120574585	0.0004199998906324	n/a	n/a	1.7639990813122798e-07	8.099999472399588e-05	n/a	6.5609991452873615e-09	n/a	-1.7006180361720316e-08	n/a	2.892101704953617e-16	n/a	0.0	0.0	0.0	0.0	0.0
917.27210894082	-3.964964068944028	15.720940068017178	841388.1218407395	991.2364465152516	-3.4527399399700016	982549.6929001831	11.92141309306405	865.5978031850232	-0.6056765225267782	749259.5568787381	0.3668440499401308	866.1929267990403	800.2152602701401	1.597211	21.295553	0.0435629113403014	0.0359610439716698	-0.1257953266	0.1296523474	-0.214236013	-0.143150509	-0.0106802175	-0.2399388713	0.1761586428	0.0052991461	0.0131852666	0.1642377943	0.1612441264	0.162325767	0.170773236	-0.1374590655	0.1065999015	0.0644686874	-0.063568508	-0.0970170748	-0.0524749637	0.0121938735	0.1393543433	0.0933822664	0.1309975623	-0.1750106868	9.1468e-06	-0.0650788277	-0.0926018562	-0.0765508476	-0.0468208117	0.0580291169	-0.1437303905	-0.0483826816	-0.0277580584	-0.0653693823	0.1461698818	-0.0813768276	0.2081774394	-0.1457328655	0.1024138597	0.0081705718	0.0589599964	-0.0087803897	0.0874828231	-0.204181051	-0.0193512206	-0.1135247373	0.0908667031	-0.1417464993	-0.1071945175	-0.0002576354	-0.1535628692	-0.0189175676	-0.0850897376	-0.0359771558	0.1899539014	-0.0025957365	0.0900569567	0.000232928	0.0337163266	0.0691118203	0.1783267531	-0.0355271971	-0.1903858061	0.0735149213	0.0094751929	0.0816020733	-0.0987003412	-0.0767665035	0.1506463738	0.1505088436	0.3260675194	-0.1959162507	-0.0669553943	0.1320104572	-0.036315734	-0.0371206882	0.0005337041	-0.0943575697	0.13357313	0.0539079643	-0.0899636764	0.0222459631	0.155915944	0.1551433414	1.629031473271425e-06	-2.072725844470824e-05	2.6537435409088694e-12	4.2961924263372894e-10	-2.3432507973097927e-05	-4.37337147047856e-05	1.91263780187958e-09	5.490824299092979e-10	-0.0089245813861822	0.0343976075873513	0.0011831954077334	7.96481529185898e-05	0.0003190000449763	-0.0001009998456561	1.0200968822556032e-08	1.017610286948814e-07	-1.894040480010517e-13	-8.099999491339993e-05	3.58738933991847e-26	6.560999175970815e-09	8.846151431816593e-12	1.7015026513152133e-08	7.825439515463076e-23	2.8951112724327004e-16	1.0	0.0	0.0	0.0	0.0
914.1151271803824	-3.1569817604375885	9.966533835735616	835606.4657400066	981.2546635347254	-9.98178298052619	962860.7147086472	99.63599147032232	865.9980718978328	0.400268712809634	749952.660530764	0.1602150424542813	866.0921598728977	776.909809751626	1.504326	20.057129	0.0464398526505749	0.0301690087678589	0.0411952591	-0.1492657326	0.1167310563	-0.0208130605	-0.0880535839	0.0103123127	-0.1570094241	-0.0559349296	-0.0102720347	-0.0748585772	0.1264542985	0.0369002815	0.0558101726	0.1278994449	-0.0667709354	0.0622448292	-0.0453891764	0.0329770567	-0.0645517199	-0.0700465944	0.0768435296	-0.1494411372	-0.0130391352	-0.052485615	-0.0058210948	-0.144945692	-0.0964554425	-0.0728043853	0.0051717447	0.1295165423	0.1545436221	0.0040564017	-0.060410582	0.1200447115	-0.0979997461	-0.013859774	0.0099968792	0.0317432777	-0.0864613318	0.0935885107	-0.1231086067	-0.0169273994	-0.0638209808	-0.1466987934	0.1309835086	-0.1280415751	-0.1866069843	-0.0573590348	-0.0456674144	-0.0401482878	-0.0658056615	0.1104580272	-0.0182778492	-0.0371505816	-0.2462998484	-0.118175057	0.011965712	0.0319883638	-0.0061654479	-0.0897478695	-0.1016413283	-0.0365339566	0.0315645309	0.0353313616	-0.062404614	0.0802069123	-0.2460644386	0.0829583323	-0.0659922	0.0012288662	0.0936282112	-0.1217409092	0.1403114363	0.0904237131	0.0897448097	0.0268809797	0.0006232813	-0.1415683931	0.0520824413	0.1379237744	-0.125532585	0.0857987107	0.1554579513	0.1533170814	6.878384937181181e-07	-9.411929795533068e-07	4.731217934404096e-13	8.858442247604318e-13	0.0211103774700376	0.0211338099780106	0.0004466379241866	0.0004456480369274	0.0107804966658449	0.0197050780520271	0.0003882901010364	0.0001162191083622	0.0002069996036186	-0.0001120004413576	1.2544098864319589e-08	4.284883589825752e-08	2.4944490917278017e-12	2.6838531397288534e-12	6.222276271221656e-24	7.203067675632424e-24	3.335575067021923e-11	2.450959923840264e-11	1.1126061027738306e-21	6.007204548271073e-22	0.0	1.0	0.0	0.0	0.0
914.9823268390538	0.8671996586714386	0.7520352479998595	837192.6584278091	983.551685557646	2.2970220229206006	967373.9181632864	5.276310173782249	865.0605811479796	-0.9374907498531684	748329.8090560803	0.8788889060602559	865.5376442516273	773.634031167302	1.393884	18.584608	0.042818699717862	0.0245183851487201	0.0773743886	0.1288548198	-0.0813318775	-0.0726788375	-0.0378624819	-0.0846252673	0.1442368203	-0.0253126227	0.0129753763	-0.1425743825	0.0433420107	-0.1921763186	0.1747670351	0.0070777539	0.1385665743	0.0129989864	-0.0056288357	0.0024547185	-0.0111815546	-0.1169394163	0.0883133761	-0.0314181984	-0.1634282532	-0.0224135728	-0.1725002246	-0.0157132526	-0.0889687348	-0.1030418363	0.0587705993	-0.0367697272	-0.1252169057	0.0407825494	0.1807927188	0.0292836352	-0.0533401426	-0.1124816246	0.1612911153	0.0392233621	0.1657309854	-0.0123563132	-0.0454124582	0.0195932418	-0.0037922978	0.0488927764	0.0381644175	-0.1251324974	-0.1492035218	0.0124171573	-0.0717769544	0.09227362	-0.0124466364	-0.032025697	-0.1858594422	-0.028311596	0.104148152	-0.1603978847	-0.1042532536	0.1505592675	-0.0611948012	0.0980280384	0.0242379313	0.1206698716	0.1252803841	0.0306112317	0.0177905027	0.00621941	-0.0330425111	0.0081542356	0.2816581533	-0.0335282798	-0.0179279701	-0.0511880973	0.0140347801	0.0918518731	0.196075972	0.0313534481	-0.0723308116	-0.0611519814	-0.0395017613	-0.0077659848	0.0273863924	0.0760281529	0.1547718027	0.1505910958	1.2094215335878287e-05	1.1406376842160167e-05	1.4627004459059354e-10	1.3010543266536778e-10	1.856267289213065e-06	-0.0211085212027483	0.0004455696673668	3.4457282490024205e-12	0.018229119124598	0.0074486224587531	5.548197653304108e-05	0.0003323007840587	5.299998895586309e-05	-0.0001539996146627	2.3715881316271462e-08	2.808998829321609e-09	3.474766030464593e-09	3.472271581372865e-09	1.2073998966470664e-17	1.2056669934809617e-17	0.0001309999400118	0.000130999906656	1.7160984283095198e-08	1.7160975543893642e-08	0.0	0.0	0.0	0.0	0.0
915.067783190932	0.0854563518781788	0.0073027880763271	837349.0478339666	983.0851174747244	-0.4665680829216398	966456.3482002926	0.2176857760011742	866.1686233362385	1.108042188258878	750248.0840521946	1.2277574909615228	865.8158069865749	773.0146744749501	1.175373	15.671203	0.0375553681753466	0.0276286593734194	0.0307106968	-0.1300589637	0.0451206352	0.0106388536	-0.0959481474	0.0421889332	-0.1813761312	0.0652415342	0.086706445	0.0193039019	0.0796133077	-0.07077736	-0.0029860469	0.1158599224	-0.2143085494	-0.0052349472	0.1239766984	-0.0635981269	0.0017359972	-0.0375735108	0.021018001	0.0294079853	-0.058899248	-0.0162904217	0.0470093113	-0.001293021	0.0836565954	0.165532245	-0.0710719249	0.1204824038	0.0526698397	0.1734693268	0.0782044183	-0.004680812	0.2151229317	0.1283838848	-0.0510936044	0.0297174834	-0.0995459349	0.1452765993	-0.0507397635	0.1829491396	0.0594524378	0.0578668441	0.0868530787	-0.0391083607	-0.0291176735	-0.0061327026	0.0755136606	-0.1381241857	0.0086303015	-0.0147117202	-0.0277614946	0.1080888928	0.0033485962	0.2032698255	-0.1143845777	-0.0567137453	-0.0490166509	-0.0686954035	-0.1566312758	0.0091214508	-0.1172200397	-0.0185501546	-0.0157287196	-0.1271100745	-0.0363355054	0.0687655939	-0.0108589664	0.0891462359	-0.0722766927	-0.0179001222	0.0453887045	0.2810954402	0.2338595594	0.0085853475	-0.0390665691	-0.1255265963	-0.1186024849	-0.0841013349	-0.0600518201	-0.1266993736	0.1538585052	0.1469813818	0.0041014716558862	0.0040893774405503	1.682206974403789e-05	1.67230078512819e-05	5.503748384683149e-05	5.318121655761843e-05	2.828241794548308e-09	3.029124628190237e-09	0.0172664628541525	-0.0009626562704455	9.267070950280436e-07	0.0002981307394938	0.0005699999398188	0.0005169999508629	2.672889491922792e-07	3.248999313934356e-07	-1.0000027044210211e-06	-1.0034774704514855e-06	1.0000054088493562e-12	1.0069670337037123e-12	3.0338932429686827e-10	-0.0001309996366224	9.204508209731031e-20	1.7160904795220683e-08	0.0	0.0	0.0	0.0	0.0
915.235647954451	0.1678647635189918	0.028178578831287	837656.2912866038	989.3474205465876	6.262303071863244	978808.3185421864	39.21643976386782	865.5916457892699	-0.5769775469685783	749248.897260177	0.3329030897058779	866.6174830996626	776.3697892684805	1.125225	15.00259	0.0699878575273808	0.0429648541154788	0.0121546775	0.1377639857	-0.0300773611	0.1221658221	0.0237849738	-0.0103540089	0.099978836	-0.1079495651	0.0548520437	0.0489901543	0.0889656962	-0.0554957498	0.0928934668	0.0025531408	0.1107287888	-0.100920799	0.2153808126	-0.0857514271	-0.1166149544	0.1366120997	0.0070754028	0.153575518	-0.0737699933	-0.0480387015	0.0460543289	0.0258322458	0.1046946327	0.2838945587	-0.1679872108	-0.0249861499	-0.0861280342	0.1493117097	0.0252442816	0.0439634244	0.0044753709	-0.009738033	0.0998586579	0.049790388	0.0497636145	-0.0801355396	-0.0166585698	0.1484284921	0.192332932	-0.0228970546	-0.092602318	0.0680683319	-0.0310141565	0.0056171248	-0.0310257179	-0.0557539835	0.012996191	-0.069762271	0.0887616888	0.2537834864	0.0607555763	0.2553567692	-0.0718670868	0.1100880064	-0.0258505026	-0.063474604	0.1290762738	0.0665604488	-0.1822524325	0.0454576538	-0.0729137072	0.0614481287	-0.0059250223	0.0931333759	0.0904665306	0.2061537702	-0.0655210481	-0.0335096611	0.0298500262	0.0172598193	0.1419381057	-0.040939552	0.0671473068	0.0674442675	-0.090203028	-0.1306398111	-0.2887808296	0.0805424795	0.152719399	0.1425091225	1.967727826013288e-05	-0.004081794377626	3.8719527972669806e-10	1.6661045341219774e-05	0.0333850347589077	0.0333299972750608	0.0011108887183555	0.0011145605458534	-0.0088589418276541	-0.0261254046818066	0.0006825367697881	7.848085030575936e-05	0.0005839986878912	1.3998748072400016e-05	1.9596494759452315e-10	3.4105446745864325e-07	3.20239491884422e-05	3.3023951892863224e-05	1.025533321623928e-09	1.0905813986221446e-09	8.199082728180664e-05	8.199052389248234e-05	6.7224957583550476e-09	6.722446008163717e-09	0.0	0.0	0.0	0.0	0.0
916.5746161856742	1.338968231223248	1.7928359242251135	840109.0270359161	979.2695348403032	-10.077885706284404	958968.8218663438	101.56378030893153	867.5596509943355	1.9680052050655377	752659.7480334132	3.873044487165049	867.1546563070535	777.0301787091455	1.172769	15.636492	0.0312877839402978	0.0177788485910601	0.0109998732	-0.1008333497	0.0321907243	0.1099381465	0.0818229031	0.0857183341	-0.1487046423	0.0287652904	0.0785616035	-0.1018823965	0.0817163413	-0.1597956588	-0.0841273533	0.1077593037	-0.1213400052	-0.0812978756	-0.0240864296	-0.1029595524	0.052408001	-0.1287484032	-0.0289521255	0.0071809847	-0.0224045079	-0.0181343591	0.172018784	0.1367365616	-0.0612187444	0.0984426776	-0.0245845435	-0.0397812141	-0.2511573206	-0.094549845	0.1398692545	0.2920928255	-0.0094288419	0.1958234503	-0.0980255468	0.0856213659	-0.0952885623	0.0893160314	0.0536361874	0.1105482665	-0.1221413567	0.0750265636	0.056511441	0.0606686932	-0.0749971903	-0.037406954	-0.0583220414	-0.1528622467	-0.0034777397	-0.0595699724	-0.1507149972	0.1760756234	0.185028565	-0.1585282278	0.0379697755	0.217048366	0.0430411197	0.0266237544	-0.0498793211	-0.0566956152	0.0786546202	0.0252483251	0.0613671503	0.0901537479	-0.1819514864	0.0183202942	-0.1762411767	-0.0271610451	-0.1545639826	0.0648771489	-0.0489575554	-0.0565637986	0.2512287066	0.2202255314	0.0990068776	-0.1220948581	0.086962454	0.0324731277	0.0642818864	0.1801181104	0.1513561561	0.1372005631	2.093353630527872e-05	1.2562580451458416e-06	4.3821294224442224e-10	1.5781842759936514e-12	0.0194988145312606	-0.0138862202276471	0.0001928271122107	0.0003802037681244	-0.0090089332304899	-0.0001499914028357	2.2497420924651173e-08	8.116087795142519e-05	0.0003899999709636	-0.0001939987169276	3.763550216955507e-08	1.520999773516089e-07	-3.700002230710986e-05	-6.902397149555206e-05	1.3690016507266271e-09	4.7643086410187836e-09	7.194669562128912e-09	-8.198363261224451e-05	5.176327010822423e-17	6.721316016299481e-09	0.0	0.0	0.0	0.0	0.0
919.1411485258568	2.5665323401825617	6.587088253202976	844820.4509134311	985.811190436868	6.541655596564738	971823.7031905547	42.79325794406675	867.5722512358828	0.0126002415473749	752681.6111144979	0.0001587660870521	868.0494088661956	785.9896223368011	1.249544	16.66013	0.0266820282221948	0.0207907159960248	-0.0821682564	0.0735545342	-0.0418954493	0.0371246789	-0.1201424024	0.0983280806	0.183830098	-0.0123514995	-0.0730350315	-0.0432977247	0.0977154361	-0.1920359446	-0.0744423122	-0.0462692334	0.1525070906	-0.0061947845	0.0569301249	0.0352977673	-0.0072678578	-0.0169412892	0.1202105267	0.1510281949	0.1090987943	0.1065684867	0.1256634031	-0.0157655948	0.1018254899	-0.0517980793	0.0684818396	-0.037680379	-0.0637268942	-0.1336536507	0.0849185693	0.0439210755	0.0164274225	0.1193530031	-0.0358059952	0.016820018	0.1166287989	-0.20081698	0.0223005117	0.11458475	0.0672148935	0.0385037134	0.0444425921	-0.1126630588	0.148939945	0.1917444217	0.0750758585	-0.0761133537	0.0009009189	-0.2220824887	-0.0286477715	0.1166792324	0.0948501789	-0.1171431032	0.0085439947	-0.0318779785	0.1092710711	0.1826095674	0.0129887613	0.1523089037	0.059434372	-0.074273035	-0.0355642435	-0.0246785426	0.1469428535	0.0720449205	-0.082351271	0.0988969528	-0.0727394682	0.0638761853	-0.0455461855	-0.002242076	0.1564581175	-0.0920300556	0.1192182401	-0.0966963736	-0.0574164306	-0.1125487009	0.2330631204	0.0226384498	0.1497707771	0.1310868562	8.683437840772967e-06	-1.2250098464505754e-05	7.540209273456788e-11	1.5006491239008624e-10	3.0666447145222264e-05	-0.0194681480841153	0.000379008789825	9.404309805107107e-10	-0.0090091710221429	-2.3779165300025218e-07	5.6544870236592347e-14	8.116516250621935e-05	0.0003899999578023	-1.3161300012071858e-11	1.7321981800776271e-22	1.520999670857958e-07	0.0001069997198621	0.0001439997421692	1.1448940050567878e-08	2.073592574479892e-08	-2.089495916647089e-08	-2.8089628728599804e-08	4.3659931856848597e-16	7.890272421105794e-16	0.0	0.0	0.0	0.0	0.0
918.732667331087	-0.4084811947698199	0.1668568864805795	844069.7140212938	980.8148836023668	-4.996306834501183	961997.8358959242	24.963081984483235	867.7975187944007	0.2252675585178849	753072.5336257183	0.0507454729206087	867.5602111690405	800.6147771911094	1.213761	16.183039	0.0283428684681593	0.0226183298766135	-0.1715209136	-0.1238158004	0.0425713496	-0.0368054537	0.0406785884	0.0348722183	-0.0830290834	0.2348603391	0.0152642351	-0.0607189328	-0.0535592669	-0.0810957882	-0.0823727602	0.0956419851	0.048391995	0.1678600682	-0.1638884053	-0.0797379744	-0.0396836217	0.0373349504	0.0183371316	-0.0474628106	0.1221850038	0.0629028582	0.1181886486	-0.03998827	-0.0858197442	0.2055072027	0.1135901865	0.0668818333	0.3356291334	-0.1443931855	0.052256746	-0.0847751606	-0.0112260838	-0.0950039985	-0.1412081367	0.0066784205	0.1571077976	0.1373299053	0.0121257449	-0.0114824637	-0.0596430363	-0.1372160164	-0.0128154668	-0.064115667	0.104065148	0.0264519906	0.2078703751	-0.1007042183	0.1039289113	0.0468921948	-0.1295130424	0.0413698425	-0.2369965342	0.0602386191	-0.0715451261	0.0618916302	0.1731458089	-0.0014462964	-0.0859634945	-0.0394941107	0.0192031047	-0.2331137362	0.1111203769	-0.0293904545	0.0098374855	0.051378985	0.0601704297	-0.0042393401	-0.0643361886	0.0526525308	0.0488749493	-0.0874095444	0.0629810137	-0.0704039456	0.096404521	0.0508307001	0.0279712298	-0.0549089189	0.0890368348	0.0568855859	0.1479655889	0.1242038795	-6.747173055998701e-05	-7.615516840075998e-05	4.552434424759485e-09	5.7996096741481106e-09	0.0001152655904093	8.459914326407773e-05	7.157015041015949e-09	1.3286156332404512e-08	-0.0090686005651292	-5.942954298629975e-05	3.53187057956045e-09	8.223951620986165e-05	0.0003900074801947	7.522392400009879e-09	5.658638741972639e-17	1.5210583460781933e-07	-3.6418292734596847e-05	-0.0001434180125966	1.3262920457027895e-09	2.0568726337186296e-08	0.0004190072623219	0.000419028157281	1.7556708587849354e-07	1.7558459659436618e-07	0.0	0.0	0.0	0.0	0.0
916.7326363583162	-2.0000309727707872	4.0001238920424615	840398.7265644688	990.5607844633216	9.745900860954862	981210.6677165912	94.98258359156073	866.5345667705635	-1.2629520238372152	750882.1554082482	1.5950478145145175	867.8597964626221	792.9605252623352	1.279172	17.055149	0.0187537605018421	0.0117456407418187	-0.09266482	0.1392200107	-0.1060103171	0.0432589895	0.0280872115	-0.0529123615	0.1072108575	-0.0976679767	0.106805417	0.1331656639	-0.0180199879	0.1360495246	0.1209217852	-0.0942119763	0.0158764077	-0.1243201122	-0.1317611115	-0.0075475161	-0.0705884752	0.1560559956	0.0280937475	-0.0055778027	0.1572651372	0.1482675172	-0.0943050778	0.0534581808	0.0897912104	-0.0442195381	0.040342518	-0.0283979919	0.0946640315	-0.0270155805	-0.0806921248	0.0086820028	0.0562610543	0.1610786699	0.1831360507	-0.0080457634	-0.0628841591	-0.0463872351	0.1244748931	-0.0731592289	0.0203290982	-0.1434828577	-0.0838448762	-0.0328979954	0.133714267	0.1100683489	0.0196791566	0.0655430961	-0.0242175219	0.0380611738	-0.0027061409	-0.0016041364	0.0512652673	-0.0064066087	-0.0335695125	-0.1512134278	0.0791465993	0.0119701942	0.1303580247	0.0372759891	-0.0559818054	0.0479798958	0.0559085956	-0.0672664121	-0.0303213835	0.0614420884	0.1222587288	-0.0713768929	0.1794417671	0.0893874337	-0.0582172854	-0.1410012616	0.0379923008	0.0605498882	0.0590182615	0.191549951	-0.1265312749	-0.0642542999	0.0409154391	0.1716597306	0.1459432408	0.1165920251	7.119813085409987e-05	0.000138669861414	5.0691738371175294e-09	1.922933046460206e-08	-8.130739985290347e-06	-0.0001233963303945	1.5226654354850898e-08	6.610893270839928e-11	-0.005654644477218	0.0034139560879112	1.1655096170185946e-05	3.197500416373203e-05	0.0002590045892181	-0.0001310028909766	1.7161757444226952e-08	6.708337723603674e-08	-3.696773591044256e-05	-5.494431758457165e-07	1.3666134983442247e-09	3.018878034834269e-13	0.0002490048320319	-0.0001700024302899	6.200340637523474e-08	2.8900826304506296e-08	0.0	0.0	0.0	0.0	0.0
913.23867629845	-3.4939600598662537	12.207756899940597	834004.879887345	982.7562726189108	-7.804511844410854	965809.8913718148	60.91040512954931	866.2847013720576	-0.2498653985059036	750449.1838312751	0.062432717370514	866.6369094281625	772.3532645335881	1.404157	18.721582	0.0393592757780146	0.0251459239279464	0.0987983918	-0.1647642241	0.0302640121	-0.0470555926	-0.103747306	-0.1076044465	-0.1793301703	-0.0626111394	0.0162263886	-0.1190831541	0.1683604783	0.0837704673	0.060133614	0.0475491825	-0.1666365876	0.014082253	0.1467084709	0.0479714175	-0.1054447327	-0.001992205	0.0630768832	0.0110046238	0.0199276577	-0.0040823786	-0.0386614337	-0.0755704081	-0.1594773635	-0.1992133209	-0.0842125727	0.1321767513	0.1238938831	0.1232865044	-0.1980636074	0.0014561286	0.090776962	0.0189651891	0.002573553	-0.1029885868	-0.1356950404	0.0889771505	-0.1414481809	0.0084157424	0.1048940052	-0.0112681786	0.0872131962	-0.0447188475	-0.157041611	-0.0104015225	-0.1517693346	-0.0067059753	-0.1828122778	0.1878177393	0.1952878455	0.0030928363	-0.1760368313	-0.04871967	0.1250366408	-0.2835403715	-0.0173603779	-0.034814527	-0.1704808064	-0.0350421976	-0.0544037496	0.0310472704	-0.0600440355	0.1136167892	-0.0970662816	-0.0368239536	0.0278337609	-0.2391946049	0.04524356	0.1809214596	-0.0191606604	0.1827450788	-0.0312537377	-0.035436091	0.0542517215	-0.0372063116	-0.1109964344	0.1872145368	-0.1126371557	-0.0565547359	0.1437067008	0.1082959623	1.1501860868179392e-05	-5.969626998592048e-05	1.3229280343095638e-10	3.56364465023191e-09	3.3999533769701884e-05	4.213027375499223e-05	1.774959966670587e-09	1.1559682965570987e-09	0.0094510631756321	0.0151057076528501	0.0002281824036933	8.932259514978912e-05	-5.399222296008691e-05	-0.0003129968121781	9.796700443370721e-08	2.915160140171736e-09	-3.70113288570284e-05	-4.359294658583967e-08	1.3698384637631034e-09	1.900344992035871e-15	0.0004189992585356	0.0001699944265037	1.755603786533826e-07	2.889810504232186e-08	0.0	0.0	0.0	0.0	0.0
915.4322157760032	2.1935394775532586	4.811615439584623	838016.1416805629	983.740295051126	0.9840224322152836	967744.9681072766	0.9683001471028824	866.945922891093	0.6612215190353936	751595.233217489	0.4372138972354734	868.0341013271291	762.204488513795	1.42704	19.02668	0.0192388783559379	0.0162828759968406	0.16766033	0.1795617639	0.096835616	-0.0135111887	-0.1273987746	0.092627615	0.1008467682	-0.1080025838	0.0502007505	-0.1635734209	-0.0048477511	-0.1371189123	0.0172616822	0.1018766591	0.0234142082	-0.125375685	0.1759473381	0.0255428168	-0.1085147091	-0.0076539684	-0.0790435672	-0.1513992805	0.0310720861	0.0217637244	-0.1147799646	0.2094150738	0.0090665556	-0.0538484758	0.0934310288	-0.011165545	0.0280433408	0.0341348327	-0.1018931816	-0.2166920105	0.0526847451	-0.2088108854	0.032065899	0.1596900671	-0.0028025287	-0.0551676588	0.0071640261	0.0459956031	0.0769645662	0.0995128842	0.1334833722	0.0971264425	-0.0582308116	0.067849061	-0.0925174254	0.0962542327	0.0987470066	0.2328524522	0.1139845657	-0.0436389875	0.0061021781	-0.0061986693	-0.0765896299	-0.0559130981	-0.0898859119	-0.095680638	0.0102060806	0.1706349294	0.0313506057	0.0963728535	-0.0156779889	0.0656187391	-0.0564276551	-0.005692228	0.1173545027	-0.1722430804	-0.1509544714	-0.0518863697	0.1016417756	0.0397931833	-0.1879514503	-0.1080575907	0.0720306576	0.3172565002	-0.0817801523	-0.1867409824	0.0594632393	0.0013787143	0.1412592515	0.0993643757	1.0243641909823964e-05	-1.2582189583554282e-06	1.0493219957670195e-10	1.583114947165019e-12	2.8863269321277585e-05	-5.136264448424299e-06	2.638121248414737e-11	8.330883159126038e-10	0.0245826111023603	0.0151315479267282	0.0002289637426588	0.0006043047686098	-0.0001359919768461	-8.199975388601308e-05	6.723959637366717e-09	1.8493817766510195e-08	-3.70284430559753e-05	-1.711419894689925e-08	1.3711055951496055e-09	2.928958055940474e-16	0.0004189974077045	-1.850831100034568e-09	1.75558827663091e-07	3.4255757608551694e-18	0.0	0.0	0.0	0.0	0.0
915.529738312602	0.0975225365988308	0.0095106451446702	838194.7017347416	988.0966415405272	4.356346489401176	976334.9730236692	18.977754735717948	867.5157466354765	0.5698237443834842	752583.5706605082	0.3246990996632143	868.1801754914464	766.2816746173128	1.249272	16.656504	0.0432613611452487	0.0297367720793517	0.1466402943	-0.0777356227	-0.0400513353	-0.0661739729	-0.1516914245	-0.1157206519	-0.0775441283	-0.1011425311	-0.1075061405	0.0947633919	-0.2009787197	-0.1097107222	0.0266396343	-0.1589556068	-0.1235353819	0.0253546174	0.1087556886	0.1991305406	0.0722685038	-0.1294441111	-0.0746807179	-0.077539401	-0.0409027398	0.1254749461	0.1068222464	0.0387415531	-0.063634643	0.0298391024	0.1219764132	-0.0765389662	-0.0731731881	0.0406729395	-0.1265247873	0.1797868406	-0.2145164825	0.0251356352	0.0366999894	-0.1444956964	-0.1170707088	-0.0512566442	-0.0506476789	-0.0753836126	-0.0736214955	0.2630872313	0.0428082095	0.0380241118	-0.0006077657	0.0182298002	0.0468421269	0.1044442701	0.0914149465	-0.0444768614	0.0287291524	0.0176243742	-0.0056388366	-0.1273389324	0.2031883371	0.0957787949	-0.1268557208	0.0976188344	-0.1574700987	0.1101046859	-0.0112282658	-0.0101176435	-0.1740654795	-0.0422932634	-0.0481009689	-0.0826553606	-0.0758471978	0.0839552197	0.004422678	-0.0780608116	-0.0148058823	-0.0238254194	-0.1902368835	0.105551837	-0.0290757084	0.2620288055	0.0497085431	-0.089606631	0.0496568709	-0.0104540333	0.1386044847	0.0898496795	6.251984218863527e-05	5.22762002788113e-05	3.908730667291858e-09	2.732801115590391e-09	-1.8032963765790555e-05	-4.689623308706814e-05	2.1992566777566244e-09	3.251877821783151e-10	0.0203720822651689	-0.0042105288371914	1.7728553088820373e-05	0.0004150217358188	0.0003410017826754	0.0004769937595214	2.275230466224545e-07	1.1628221578780073e-07	-3.698003791474669e-05	4.84051412286135e-08	1.3675232041761024e-09	2.3430576973620186e-15	0.0001170063748734	-0.000301991032831	1.3690491761014612e-08	9.11985839103945e-08	0.0	0.0	0.0	0.0	0.0
915.0950669169736	-0.4346713956284702	0.1889392221776021	837398.9814957803	985.3556621775908	-2.7409793629364003	970925.7809854384	7.512967868043235	867.5151064778856	-0.0006401575908512	752582.4599673372	4.0980174112445253e-07	868.3126005996464	760.959393753289	1.114634	14.861376	0.0569629252453695	0.0293245841676646	0.1621656844	0.1258722356	0.1027110032	-0.0960888742	-0.0249970064	0.0225367561	0.0507193059	-0.0476535434	0.0161708366	-0.0944982831	-0.1371514652	-0.0003582225	0.052387797	0.0874061266	0.0269481155	-0.1004018757	-0.2266887533	0.1509627708	-0.0464960759	-0.0473110203	-0.058310602	0.0387226217	-0.0967073336	0.1187654596	0.0579628391	-0.0789751125	0.0538255844	0.0686754993	0.1415986494	0.048680949	-0.1810898731	0.0761396376	-0.0851134483	-0.1226646109	0.0351461011	0.0913083329	0.0550737096	0.1256907016	-0.0152348307	0.001251303	0.0097710431	-0.2504162065	-0.0077706465	0.098001166	-0.038667787	-0.0393809807	-0.0087697057	-0.0425576973	0.1466656102	-0.085783625	0.0989792889	-0.0365991023	0.0814858625	0.1420067193	0.0419031848	-0.0299882934	-0.0122157719	0.0218606933	-0.0717384402	-0.1049059661	-0.0733838403	0.163642421	0.1024980213	0.0250609386	-0.0118289232	-0.0298837716	0.015613136	-0.0999147783	0.0792768387	0.0990058257	-0.0377371515	0.0764305618	0.1017999124	-0.0196707678	-0.2263082354	-0.0698167227	0.0164767952	-0.0659481101	0.0525127448	0.2503688957	0.1885245645	-0.2088767296	0.1357462967	0.0798077096	0.0218412382228621	0.0217787183806734	0.0004770396871078	0.0004743125743046	-0.0157355575533557	-0.0157175245895899	0.0002470405792243	0.0002476077715149	0.0190067406522018	-0.001365341612967	1.8641577200996016e-06	0.00036125619022	0.0001049998205181	-0.0002360019621572	5.569692614209564e-08	1.1024962308833214e-08	-3.700045642340832e-05	-2.0418508661634863e-08	1.3690337755405383e-09	4.169154959652578e-16	-8.998057703420774e-06	-0.0001260044325768	8.096504243408995e-11	1.5877117029006575e-08	0.0	0.0	0.0	0.0	0.0
915.3065854705166	0.2115185535429873	0.0447400984929175	837786.145405696	986.3345169067384	0.9788547291475423	972855.779241649	0.9581565807745088	867.0874353517522	-0.4276711261334185	751840.6205448791	0.1829025921282263	868.2343033429121	762.0550898550293	1.138249	15.176229	0.0350183843794074	0.0164189948744018	0.1789397761	-0.0445725623	-0.0722662243	-0.1416314931	-0.1606908364	-0.0607361929	-0.1513631271	-0.1150798928	0.0162369292	0.0626134254	-0.0789702354	-0.0467606073	0.112821922	-0.132247317	-0.203710876	0.0883133265	-0.1403333204	0.1547907738	0.0364241763	0.07810902	0.1481212797	0.042778586	0.0876270382	-0.1321266139	-0.095309892	0.0530476522	-0.006026984	0.0962842378	-0.0558866551	-0.0478721665	-0.04203436	-0.0511883244	0.08503849	0.0523256885	0.0172473023	-0.0274425549	0.0613043563	-0.172244537	-0.1626345359	0.0592645865	-0.05367546	-0.0477764758	-0.0088883885	-0.0293465747	-0.1442233575	-0.1646393872	0.1514456029	-0.0165951393	0.0500312179	0.0274684122	0.1166948836	0.0708188993	-0.087925415	-0.0381721954	0.1883299747	0.0726130231	0.0671033851	-0.003473126	-0.122142162	0.054255033	-0.1481428626	0.0935180291	-0.0881506977	0.0062397304	0.0614959486	-0.0590372155	0.1048340379	-0.1328451954	0.0235500844	-0.1626961638	0.0385818173	-0.0348319972	0.0627610305	-0.1392846848	-0.0390488105	0.1333512646	-0.070653886	0.0546095785	-0.0780294944	0.1310333297	0.0850784251	0.0113439096	0.1326888823	0.0692973963	0.0118788748034006	-0.0099623634194614	0.0001411076665948	9.92486849014246e-05	-0.0161192909133944	-0.0003837333600387	1.4725129160659129e-07	0.0002598315395506	0.0280295552841067	0.0090228146319049	8.141118388171717e-05	0.0007856559694247	2.80085424337646e-05	-7.69912780843354e-05	5.927656901059464e-09	7.844784492639922e-10	-0.0001509982827783	-0.0001139978263548	2.2800481401995448e-08	1.2995504413640036e-08	0.0001130022972174	0.0001220003549208	1.2769519176409606e-08	1.4884086600806237e-08	0.0	0.0	0.0	0.0	0.0
915.94013924508	0.6335537745634383	0.40139038526358	838946.3386802966	987.4171021405388	1.082585233800387	974992.5335996192	1.1719907884426386	867.076412141632	-0.0110232101202427	751821.5044924052	0.000121511161355	868.3968503591346	762.0567185133439	1.117488	14.899424	0.0400832431427765	0.0178826406695239	0.1404659593	0.0607591152	0.1201264218	-0.1406140106	0.0051697886	0.0768480066	0.0304353283	-0.0875882607	0.0037199584	-0.1607479494	-6.1231e-06	0.0922124986	0.0189114612	0.1304535517	-0.0073282008	0.0489511129	0.0423331641	0.1290843725	-0.0951881689	0.1265961456	-0.0478504524	0.1294100034	0.0430921635	0.0162682589	-0.0688662494	0.1276327677	-0.0750977215	-0.0263602791	0.1093796991	-0.1982002589	-0.0101782618	-0.0780622768	-0.1161286801	-0.2265282232	-0.1837634383	-0.0531443239	-0.0065136586	0.1156167976	-0.0300141611	-0.0061934047	-0.1199939447	-0.0984360925	0.1544834128	0.0332996833	-0.1501038583	0.0206702623	0.069331994	-0.0020380753	-0.0640863062	0.0831945847	0.1401925024	0.1041973744	0.0766614997	0.0003683487	-0.1207641297	0.002238213	0.2190184055	0.0419350846	-0.0865180532	-0.1661749698	-0.080002771	0.0934199364	0.0431854599	-0.0055934038	0.0461487761	0.116664116	0.0948055369	-0.1341063002	0.0038797516	-0.0007457926	-0.011079075	0.1746153643	0.0344267053	0.0175914242	0.0167625471	-0.0397956734	-0.0286724691	-0.0380289655	-0.0186571046	0.1401164961	0.2194875726	-0.0523840377	0.1294367287	0.0583804184	0.0136579749079857	0.001779100104585	0.0001865402785871	3.165197182134713e-06	-0.0055728201670177	0.0105464707463766	0.0001112280452041	3.105632461391919e-05	0.0191710404800176	-0.0088585148040891	7.847328453426578e-05	0.0003675287930864	-0.0001359959593429	-0.0001640045017766	2.6897476603011972e-08	1.8494900957595707e-08	-3.701447669435254e-05	0.0001139838060839	1.370071484956767e-09	1.2992308049382938e-08	0.0002129971391113	9.99948418939e-05	4.536778126959848e-08	9.998968405386056e-09	0.0	0.0	0.0	0.0	0.0
916.4524970388156	0.5123577937356458	0.2625105088016586	839885.1793286804	987.5076358570772	0.0905337165384025	975171.3308760338	0.0081963538302558	867.8991633202745	0.8227511786425339	753248.9576920326	0.6769195019576787	868.4653112157921	766.0075691038669	1.195612	15.941056	0.0811245984353583	0.0417260244028548	0.1249077678	0.0065213751	0.0148641232	0.0554470355	-0.10884476	-0.0007996052	-0.0178593769	-0.1556618863	0.0036598965	0.0651758791	-0.21349148	-0.1235747769	0.0105165225	-0.0559420124	-0.168493807	-0.0933488234	0.2309491304	0.1066627106	0.1750613096	0.0295203035	0.0877672994	-0.0768148639	-0.0418578406	0.1359009208	-0.0118002486	0.0288290514	0.0107447689	-0.2027062627	-0.0208161816	-4.84066e-05	-0.1106191825	-0.2365248378	0.1253935624	-0.1609070092	-0.1421939222	0.0869219705	0.0406231572	-0.0358640868	-0.179860871	-0.0420551505	-0.0195463756	0.1277670733	-0.0397756594	0.2321901639	0.1184524745	0.0579916744	0.0530781921	0.1480184538	0.0445265966	0.1709334566	-0.1224801149	0.0324783675	0.0169335998	-0.3042073527	0.115115038	0.0139326682	0.141983606	0.055081994	-0.1131041787	0.0834143065	-0.0901473265	0.1470428941	0.0448984583	0.0750269518	-0.0520112918	-0.2274149207	0.0003903549	-0.0038598609	-0.0743382819	-0.1485437183	-0.1233852814	-0.1019430644	0.071931435	-0.1049779728	-0.0518166086	0.0050625068	0.0202821716	0.0883633116	0.0518785137	0.0467266125	-0.1465411118	-0.1602751377	0.1259946088	0.0471208409	0.0136126037761243	-4.537113186140092e-05	0.0001853029815657	2.0585396063846292e-09	0.0201626958900789	0.0257355160570966	0.000662316786725	0.0004065343055558	0.0282422527720456	0.009071212292028	8.22868924470399e-05	0.0007976248416401	0.0004745304597686	0.0006105264191115	3.727425084331109e-07	2.251791572481989e-07	-0.0001459007895177	-0.0001088863128233	2.12870403818882e-08	1.1856229120263881e-08	0.0004190343862639	0.0002060372471526	1.7558981687156333e-07	4.2451347214221576e-08	0.0	0.0	0.0	0.0	0.0
918.5863440467108	2.133847007895156	4.55330305310311	843800.8714691021	987.0367591409122	-0.4708767161649803	974241.5638953951	0.2217248818263154	868.9319029496742	1.0327396293996571	755042.651963742	1.066551142132541	869.2694506846018	764.471324123455	1.257739	16.769396	0.1076755780327513	0.0470031901664168	0.0761842418	0.0510788045	0.026472229	0.1285811648	0.0845809658	0.0939841906	0.1283578664	0.1020261179	-0.0364494522	-0.0906764529	0.0709530021	0.0807992432	-0.1618139804	-0.0023004862	0.1337100699	0.0463975556	0.2477588654	0.0469851152	-0.0248267133	-0.060153149	-0.1533792708	0.2187419629	-0.115257464	0.1034630579	-0.2826164049	0.1340723833	-0.0704384565	-0.0345913917	-0.0419143686	0.087005485	0.0244000793	-0.0725482565	-0.0518949902	0.0475311305	0.0967779879	0.0921825351	-0.1418017163	0.0222613268	0.1456289363	-0.1168519617	-0.0309300296	-0.0241383561	0.2739237763	0.275063481	-0.0697209032	0.089179874	0.0031811983	-0.127225118	-0.0589218854	0.0615270266	-0.255277188	0.1534372856	-0.0354637056	-0.0247168261	0.0106796191	0.1119228379	-0.0091234633	0.0788934454	-0.0138468113	-0.0969741112	0.0258284181	0.0178814994	-0.0798701764	0.0465047639	-0.0946992646	0.0208158072	0.3692190216	0.1241022996	0.1437290083	0.1071344669	-0.2333703924	0.0478492205	-0.0793214444	-0.1567631511	0.0538681402	0.1896544465	-0.0256246962	-0.0507328471	0.2154273489	0.1986103922	-0.3241570576	0.0156409811	0.1223675745	0.0355847396	-0.0032401209063834	-0.0168527246825077	1.0498383487982789e-05	0.0002840143292244	-0.0029236768517364	-0.0230863727418153	0.000532980606374	8.54788633337927e-06	0.0064293427268751	-0.0218129100451705	0.0004758030446387	4.133644789962175e-05	0.0002760027204757	-0.0001985277392929	3.9413263268749675e-08	7.61775017099874e-08	0.0001079935609473	0.0002538943504649	1.16626092060782e-08	6.446234119804422e-08	-4.701493524335701e-05	-0.0004660493215072	2.210404135937053e-09	2.1720197007737457e-07	0.0	0.0	0.0	0.0	0.0
921.215373192513	2.6290291458021784	6.911794249477332	848637.763806221	989.064096069336	2.0273369284237788	978247.7861334528	4.110095021350762	871.1363874840613	2.20448453438712	758878.6055987806	4.859752062351999	871.8925582923542	788.2542579071097	1.451849	19.357458	0.0695561415334858	0.0498052253366311	-0.0363175824	-0.0566150332	-0.007380275	0.0485104321	0.2320240577	0.1545150909	-0.106430723	0.0822489889	0.1541170543	0.2391747307	0.0450709887	-0.0006318056	-0.2483353919	-0.0963524031	-0.0180232592	-0.307226908	-0.066443766	-0.2944233435	0.1909653539	0.0670346893	0.0310993212	-0.081132462	-0.1473142671	0.0270998789	-0.041079511	-0.0270564208	-0.1136790042	-0.1104316919	-0.2135455287	-0.2016443063	-0.0317210361	0.0034518807	-0.2912658755	0.0797082045	0.0807394321	-0.0993344179	-0.1684848744	-0.0106149719	-0.1327392635	-0.040365753	0.4213631877	0.0738239558	-0.2201764836	-0.0602441535	-0.2492836651	0.253082218	-0.21130765	0.0132920352	-0.1695749662	0.2463221814	-0.2020175892	0.014717552	0.1099288663	0.1813140579	-0.1121386805	-0.044331923	0.0300750492	0.0635834261	0.0381927639	0.0021798403	0.0889484535	-0.1207207047	-0.060755471	0.0892566986	0.261793073	-0.0096522922	-0.1301272631	0.0038598795	-0.3299761857	0.0559131916	-0.2199852846	-0.0807763393	-0.0047029037	-0.0628366602	-0.0130877646	0.1313854887	0.0034622008	0.196538023	0.0607426142	0.0279061278	0.163591622	-0.0428239123	0.1185609488	0.023839813	-0.0032551149319033	-1.499402551989994e-05	1.0595773219899828e-05	2.2482080129141063e-10	0.0426582376376103	0.0455819144893467	0.0020777109285141	0.0018197252383468	0.0064205916408184	-8.751086056700379e-06	7.658150717177577e-11	4.122399701814712e-05	-5.800084266349909e-05	-0.0003340035631391	1.1155838018968097e-07	3.364097749675976e-09	-3.699864288608801e-05	-0.0001449922038333	1.3688995754122707e-09	2.1022739172462736e-08	-4.700106356469421e-05	1.3871678662798151e-08	2.2090999762124252e-09	1.9242346892392943e-16	0.0	0.0	0.0	0.0	0.0
921.1732082479444	-0.0421649445685261	0.0017778825504668	848560.0795938108	984.426345466165	-4.637750603170957	969095.2296478692	21.508730657212578	870.7494766551596	-0.3869108289017049	758204.6510952343	0.1496999895214043	871.0064657701134	790.4277217647573	1.41422	18.855749	0.0533614053716993	0.0345557089814049	-0.0977123194	0.0058397346	0.0507753934	0.1569360774	-0.0890304125	0.1258863092	0.0907964493	-0.0270621541	-0.3509653479	-0.094770673	0.1196679307	-0.0905764996	-0.2387696635	-0.1688158646	0.2119871938	0.1275142246	0.0304294812	0.1213377178	0.135663477	0.0060452495	0.0568458955	-0.0443893396	-0.0081834098	-0.069917889	0.2402897543	-0.0109577389	0.0808154304	-0.1360181309	0.0622902056	-0.0421566507	0.0677095798	0.1938807982	0.0658474082	0.1018765365	0.0868991573	-0.085612835	-0.2392864912	-0.1045499416	0.1318372687	-0.2986364348	-0.0576078386	-0.0049218042	-0.2122385244	0.0145260256	-0.1003826838	-0.0005254486	-0.1284784929	0.1635906365	-0.1055427249	-0.0574675679	0.1796843789	-0.0996573502	0.1231981442	0.1074041722	-0.0075838806	-0.2440037917	-0.1776399909	-0.1809540845	0.0859688575	0.1057851068	0.041340864	-0.0360980717	0.1321945264	-0.0013891794	-0.2005916824	0.1026193474	0.2416358615	0.0957152694	-0.1415531346	-0.0335550977	-0.0079039423	-0.0754082754	-0.0643715717	-0.0995204535	-0.0057881073	0.0445418118	0.225538434	0.0125465569	-0.0515447469	0.1610497028	0.1295356567	-0.0505769299	0.1145803187	0.0119549848	-0.0032553180224681	-2.0309056479985227e-07	1.059709542740562e-05	4.124577751072298e-14	0.0155513671655569	-0.0271068704720534	0.0007347824267886	0.0002418450207179	-0.0118334118742069	-0.0182540035150252	0.0003332086443265	0.0001400296365846	0.0001019989733702	0.0001599998160336	2.5599941130817554e-08	1.0403790568574771e-08	-3.7002426261700805e-05	-3.783375612798068e-09	1.3691795492526052e-09	1.4313931027515158e-17	-4.6998097092889446e-05	2.966471804764987e-09	2.208821130352664e-09	8.799954968465638e-18	0.0	0.0	0.0	0.0	0.0
924.1283630803816	2.955154832437188	8.732940083676864	854013.2314496257	987.3951374727136	2.968792006548597	974949.157504759	8.813725978146843	869.9421032525097	-0.8073734026498869	756799.2630114002	0.6518518113064564	869.6505075922493	804.4546628961909	1.322163	17.628353	0.0301989867699195	0.0169812669488814	-0.1936895823	-0.0004252835	0.0104837248	-0.1163839891	0.2661066625	0.0952844476	0.1365837227	0.2839839141	0.0337067964	-0.0216417595	-0.3215556889	-0.1392103016	-0.194525379	0.0214989235	0.0486800856	-0.0009395459	-0.1486419481	-0.1327647647	0.0736355805	-0.1473724979	0.0169784283	0.0826237799	0.0688895729	0.0461546036	-0.1973189223	0.0974992048	0.0495514323	0.0096819988	-0.0360491158	-0.1593822966	0.0710981389	0.0795082042	0.191253347	-0.1159992843	-0.0216897594	0.0298309721	-0.1493383345	0.09029942	0.1741141316	0.1015993777	0.2396087916	-0.0195525479	-0.1116672544	0.1527404326	-0.066534641	-0.1020078892	0.2069484113	-0.0343142705	-0.1108723276	0.066495325	0.0265248486	0.0352125592	-0.1792921371	-0.0815929744	0.0063169354	0.1656797658	-0.0376710357	-0.1842537178	0.1133620849	0.1300118442	0.0791180402	-0.0560562925	0.1935818728	-0.0467255741	0.1279344321	0.0136251319	-0.0184704298	-0.2343213648	-0.1071301183	0.0004759724	-0.1389327141	-0.0169519219	-0.0649882954	-0.0001777742	-0.0405636987	-0.068771798	-0.0674290998	-0.0113142657	-0.1159842557	0.0126617856	-0.2845835856	-0.0490229018	0.1104315261	-0.0	-0.0004345351154739	0.0028207829069941	1.8882076657991562e-07	7.956816208390647e-06	0.0123772265738608	-0.003174140591696	1.007516849585286e-05	0.0001531957376606	-0.0102298947022916	0.0016035171719153	2.571267320627242e-06	0.0001046507456199	-0.000135996308412	-0.0002379952817822	5.664175415058879e-08	1.8494995901691824e-08	0.0001770030629764	0.0002140054892381	3.1330084303027424e-08	4.579834942403888e-08	-4.698794612691143e-05	1.0150965978014974e-08	2.207867081225531e-09	1.0304211028681751e-16	0.0	0.0	0.0	0.0	0.0
923.2449539670775	-0.8834091133040829	0.780411661468706	852381.2450256711	991.4563133688534	4.061175896139844	982985.621318958	16.493149659387264	869.0387239999721	-0.9033792525375476	755228.3038114997	0.816094073915298	869.2391612575036	809.1707006727887	1.221446	16.285494	0.01746307766651	0.010304125436062	-0.2690162907	0.0321399582	-0.0544265467	0.0870881824	-0.0664660501	0.0485179431	0.1134652211	0.0385946001	-0.2009733777	0.1155797236	0.0327496606	-0.0863199571	-0.0527686737	-0.0639852584	0.153037439	0.0590831779	-0.0121400993	0.0015399047	0.0846917633	0.0452135076	0.0839957539	-0.0730723416	0.060658906	0.042591575	0.0840624586	-0.0835125782	0.0588377707	0.1444876054	0.0593309117	-0.119292812	0.2734919609	-0.2607750454	-0.1978012998	0.0535979717	-0.0360047677	0.2611288049	-0.0300133562	-0.0237004036	0.1119654746	-0.1667918441	-0.0326297061	0.0924287141	-0.1043609676	-0.0698114074	-0.0297875285	-0.1461606205	0.0259415451	0.0654193242	0.1598493274	0.0649525354	-0.0126942313	-0.1265795005	0.0192636415	-0.2105757099	-0.3537519265	0.0670619554	0.0774289725	0.0636703263	0.1246371934	0.1382448094	0.1405449641	-0.1164754088	0.0672121881	-0.0812936484	-0.0716307528	-0.1754735642	0.2195428655	-0.0286542136	-0.1408403533	-0.0869349307	0.0064456901	0.0447170082	0.0047767181	0.1435026284	-0.0325229312	-0.1291093464	-0.097567702	-0.0065755522	-0.0551654085	0.0751811419	-0.0337283174	-0.1915235542	0.10612066	-0.0119549848	-0.0063319527505427	-0.0058974176350688	4.0093625635105263e-05	3.477953476242048e-05	0.0124224969791981	4.527040533729848e-05	2.0494095994033027e-09	0.0001543184311981	-0.010010019762646	0.0002198749396455	4.8344989084155926e-08	0.0001002004956485	-4.799910226348567e-05	8.799720614851433e-05	7.743508289944131e-09	2.3039138181005553e-09	3.900110743138008e-05	-0.000138001955545	1.5210863808740503e-09	1.904453973424965e-08	-4.699907816254325e-05	-1.11320356318214e-08	2.2089133481288503e-09	1.239222173081413e-16	0.0	0.0	0.0	0.0	0.0
922.3333587304296	-0.9115952366479404	0.8310058754792147	850698.8246269553	988.1672534718232	-3.2890598970302563	976474.5208340464	10.81791500625268	869.1504079789078	0.1116839789356163	755422.4316899019	0.0124733111508911	869.2825831091178	811.0876214878958	1.266571	16.887144	0.0289457424117351	0.0219419605539755	-0.2156056837	-0.0564959925	0.0179954956	-0.1364983153	0.2800038613	0.0241707719	-0.0257500312	0.1962762725	0.0240450636	0.0695564179	-0.019658717	-0.0035497206	-0.0827403069	0.0486987176	0.0138772066	0.046617546	-0.0963862002	-0.1493801256	-0.0206838498	0.0504160345	0.004539084	0.0450979605	0.0652597543	-0.206890724	-0.1925159755	-0.0705317005	0.2708395292	-0.0268281549	-0.0357593717	0.0717757852	-0.0737820928	-0.1211572603	-0.0613585824	0.0667519932	-0.0805514224	-0.0300867617	-0.0944493239	0.0165315429	0.085388326	0.1333337508	0.1009617178	-0.0052815333	0.0041907593	-0.1382309952	0.0079502914	-0.0379802975	0.1789566155	-0.0979589025	-0.1194957701	0.1192803498	0.0981058478	-0.1251762674	0.167692824	-0.2238105941	0.0860374167	0.0023361191	-0.0592375604	0.2418301513	0.1384936479	-0.0070087989	0.1143335432	-0.1843920757	0.0417531808	-0.0830987017	0.1723177397	0.0659495796	0.1458884626	-0.1582480857	-0.0468877373	0.1029996103	0.0268213414	-0.0372754196	-0.0652808324	-0.053407423	-0.1041201755	-0.0377164571	-0.146753589	0.086952969	-0.2597440768	0.0716561343	-0.0783186331	-0.1813397359	0.1016540472	-0.023839813	-0.0032197447512487	0.003112207999294	1.0366756263193554e-05	9.685838630869563e-06	0.0123804641233675	-4.203285583059997e-05	1.766760969276002e-09	0.0001532758919099	-0.0099195186002702	9.050116237580008e-05	8.190460391370932e-09	9.839684926110648e-05	5.201065802540776e-05	0.0001000097602888	1.0001952153041925e-08	2.7051085482359124e-09	0.000452998646	0.0004139975385686	2.052077732778333e-07	1.7139396194087596e-07	-4.701178718972558e-05	-1.2709027182329483e-08	2.2101081347720464e-09	1.6151937192118968e-16	0.0	0.0	0.0	0.0	0.0
921.8401714544613	-0.4931872759683529	0.2432336891770842	849789.3017071906	992.78655871223	4.6193052404067885	985625.151159672	21.33798090404962	869.6607276244484	0.510319645540676	756309.7811722851	0.2604261406247611	870.4851394010713	804.9870332444476	1.230769	16.409794	0.0286562650177805	0.0176411462936535	-0.1807719665	0.0467008396	-0.1644673512	0.026207882	0.0236576868	-0.0570407305	0.0722030554	0.0354571552	-0.0244923963	0.2118079184	0.0058733498	0.1142753807	0.0037353468	-0.1665421385	0.0885214571	-0.0529943185	-0.0502732099	-0.000392955	-0.073174681	0.1279082031	-0.0557279264	-0.1504188429	-0.085148382	-0.0174755249	-0.0856142357	0.1694591393	-0.0944444778	0.0576455401	-0.2385644308	0.2219843161	0.0630367951	-0.0375662238	0.2074524111	-0.0159447714	-0.1155756604	-0.1187345381	0.0659998103	-0.0919809007	0.0040861342	-0.0884450161	0.1036484133	-0.0457121154	0.0278641449	-0.1529049325	0.0052446157	0.1150188879	-0.0633749493	0.0129243	0.1087325177	-0.057575061	-0.0904979199	0.2064283775	-0.0741741352	-0.1645484149	0.0083624223	0.1832780821	-0.0645691901	0.0798649247	0.0824482227	0.0743003369	0.1753962829	-0.0782178282	-0.1451591701	0.0229197846	0.017758433	-0.0495838887	0.0372655013	0.0417600215	-0.2827373464	0.0154069088	0.1145789419	0.1194280241	-0.0556112731	0.1388354812	-0.1367305741	-0.0105115697	-0.1188605572	0.0413814336	0.1233085039	0.0555716938	0.0260239389	-0.0069878559	0.0970382431	-0.0355847396	-0.0032649569235871	-4.521217233839983e-05	1.065994371287934e-05	2.044140527557167e-09	0.0185381511755622	0.0061576870521947	3.791710983276626e-05	0.0003436630490079	-0.0099215781759625	-2.059575692299822e-06	4.241852032312294e-12	9.843771350173538e-05	-0.0001359954616154	-0.0001880061196408	3.5346301022393736e-08	1.8494765579985742e-08	0.0001920034764133	-0.0002609951695867	3.686533495479265e-08	6.81184785475903e-08	-4.698695206613136e-05	2.483512359422558e-08	2.207773664464925e-09	6.167833639404601e-16	0.0	0.0	0.0	0.0	0.0
918.3915929775428	-3.448578476918442	11.89269351146512	843443.1180518287	989.2534166223862	-3.53314208984375	978622.3222990644	12.48309302702546	868.4944012498609	-1.1663263745875838	754282.5250023543	1.3603172120586169	869.2953094558022	794.4048071352312	1.262419	16.831795	0.0432488824218833	0.0285483945274369	-0.0855202033	-0.1784519371	-0.089664336	0.0616483813	0.0822124439	-0.1665151819	-0.0856541911	0.1185937472	-0.0235567652	0.0146554202	0.1341413594	0.1722397402	0.0662280583	-0.0526129651	0.0146390753	0.1624318371	-0.1476093381	-0.1307970312	-0.0769389773	0.0789238057	-0.1279655101	-0.0845926713	-0.2977522771	-0.1461239257	0.0615973155	0.0219769962	-0.0407572178	-0.0289360405	-0.0445037234	0.1296319613	0.089141776	0.0588312131	-0.1136404641	0.0514866877	-0.0955750972	-0.0669845271	0.0154306557	-0.1141444401	0.0485642686	0.1418036685	-0.0403137797	-0.1571917189	0.0349326212	-0.1825295642	-0.0559545026	0.1035569182	-0.2747741964	-0.0284913742	0.0322891701	-0.1603596554	0.0553873407	0.0665253546	0.126259122	-0.1442796961	-0.0466664651	0.0281450317	0.0014273828	0.0120130744	0.036491393	0.0160602461	-0.0333118972	-0.2246463684	-0.0149491725	-0.0614533848	0.0652037644	0.0910447453	-0.1142407034	0.0768911511	0.070728415	-0.1489149642	0.0156570186	0.2648556382	0.0129025526	-0.0975808722	-0.1350267103	-0.067804958	-0.2043501195	0.048171016	0.1201700925	0.0335309696	-0.0610660598	0.1077404847	0.092280022	-0.0471208409	-0.003176120044074	8.883687951310006e-05	1.0087738534368626e-05	7.891991161625057e-09	0.0123596014631175	-0.0061785497124446	3.8174476549150473e-05	0.000152759748327	0.016684853760438	0.0266064319364005	0.0007079022203863	0.0002783843450072	-0.0001360004835138	-5.021898399974441e-09	2.5219463539665848e-17	1.8496131515987386e-08	5.84981788236405e-05	-0.0001335052975896	3.422036925682622e-09	1.7823664484503544e-08	2.700400631630999e-05	7.399095838244135e-05	7.292163571313098e-10	5.474661922352167e-09	0.0	0.0	0.0	0.0	0.0
917.7893893648384	-0.602203612704443	0.3626491911542828	842337.3632306829	989.250036351821	-0.0033802705652306	978615.6344220792	1.142622909416442e-05	868.0890602546652	-0.4053409951956155	753578.6165338279	0.1643013223861719	869.6366367985846	783.6188890394563	1.281155	17.0816	0.0062178710595494	0.0038161340415271	0.0276301547	0.0912838556	-0.006604001	0.1674148038	-0.0508583397	-0.0543909848	0.026252767	-0.169977137	-0.0445463008	-0.0546758821	-0.0048024574	0.0639669937	0.0948244648	-0.0083244076	0.0975967986	0.0154916979	-0.0567096882	0.0547726993	-0.0329355237	0.0209517957	-0.1708099511	-0.2213774889	0.0024136747	-0.0448594362	0.1146279234	-0.1631214791	0.1035098252	-0.107850628	-0.1828817869	-0.1465207393	-0.0818508025	-0.0157280185	0.2170090979	0.0765725147	0.0056946284	0.0939165035	0.0978659776	0.0145000308	0.0065065711	-0.1027856858	-0.0912092887	-0.1100168199	-0.1244949799	-0.1574246695	0.1375520781	0.1117747587	-0.0574427167	0.1080443143	0.0022315066	0.0263533578	-0.0162885585	-0.1552178543	-0.1764939826	0.0286891817	-0.0045452046	-0.0524950895	-0.1243548315	-0.0092163937	-0.0124703734	0.046718761	0.0725802495	0.0455106126	0.1311138416	0.0533103139	-0.1055588268	-0.0116379942	-0.0253192551	0.2045194789	-0.0344577861	-0.098312801	0.1442191031	0.1262059344	-0.1994373613	-0.0697594447	-0.1811199433	0.0237443231	-0.0853719846	0.0719953465	0.0719997999	0.0176350997	-0.0734063583	0.2858729119	0.0873863672	-0.0583804184	-0.0032910440026654	-0.0001149239585914	1.0830970627479896e-05	1.3207516258317849e-08	0.0124437607604903	8.415929737280031e-05	7.082787334283433e-09	0.0001548471818643	0.0195786515958928	0.0028937978354547	8.37406591248288e-06	0.0003833235983133	-0.0001360002235945	2.599192999773545e-10	6.755804250071801e-20	1.8496060817754e-08	2.3996214773003288e-05	-3.450196405063721e-05	5.758183234321011e-10	1.1903855233514624e-09	5.500158170898266e-05	2.7997575392672663e-05	3.0251739904898956e-09	7.8386422786839e-10	0.0	0.0	0.0	0.0	0.0
917.437062060666	-0.3523273041723769	0.1241345292653745	841690.7628425063	989.4584654864144	0.2084291345934161	979028.05492273	0.0434427041473603	868.9711764241747	0.8821161695094588	755110.9054560142	0.7781289365100402	869.3815828255639	775.8371702072328	1.209327	16.123915	0.0274071989909157	0.0170684246761819	0.0714126582	-0.1649295722	-0.1724210124	0.0499694603	0.1089550971	-0.2206992879	-0.1240825695	0.1350043815	-0.0026637124	-0.0595783362	0.0232882823	0.0248743252	0.0252030915	-0.1658411045	-0.0704290366	0.1332995828	0.0769420472	-0.0632260048	-0.0530345882	0.0846147076	-0.0503552662	0.0463820961	-0.1686026523	-0.0001796046	-0.0365530623	-0.2163955969	-0.0288413474	-0.0540931805	0.2947304567	0.0174518325	0.0367828958	0.00711482	0.2259483254	-0.0469667304	-0.0264434239	-0.0358985588	-0.0068126228	-0.2041068693	0.0810720574	0.1232589864	-0.0371605895	-2.99475e-05	0.1155581039	0.0996327065	0.0384660897	0.1035759359	-0.1596487826	-0.0173444456	0.1866459686	0.0779507479	0.0633315094	-0.2578500824	-0.1114352031	-0.0556557728	0.0917816614	-0.0094156269	-0.052212697	-0.2341632675	-0.0964021514	0.1125086042	-0.1137504171	-0.1179290139	-0.0754150559	-0.1096075552	-0.0540877695	-0.0168617395	-0.037791784	-0.0281777269	0.0451795777	0.1023690147	-0.052774027	0.250419777	-0.2082219794	0.0869199245	-0.091230374	-0.1194673135	-0.1235468452	0.1092133349	0.1074478459	-0.0728751198	0.0006987434	0.001563487	0.0823644609	-0.0692973963	-0.0032212848563943	6.97591462710998e-05	1.0376676126035246e-05	4.866338488472697e-09	-0.0010986646889534	-0.0135424254494437	0.0001833972870537	1.2070640987530712e-06	0.0096838862254458	-0.009894765370447	9.790638173619714e-05	9.377765242737892e-05	-0.0001359993037894	9.198051000058102e-10	8.460414219966985e-19	1.8495810631201512e-08	-4.60031886166945e-05	-6.999940338969779e-05	2.1162933629031707e-09	4.899916474913634e-09	4.699692440870213e-05	-8.00465730028053e-06	2.2087109038772613e-09	6.407453849493437e-11	0.0	0.0	0.0	0.0	0.0
916.8891028933102	-0.5479591673557707	0.3002592490892294	840685.6270044992	989.371334659352	-0.087130827062424	978855.6378456276	0.007591781024582	868.9822281358156	0.0110517116409027	755130.1128158866	0.0001221403301936	869.8919608559518	773.3004395479983	1.382104	18.427542	0.0277403616467878	0.0172914271902893	0.0897809998	0.1276059134	0.2089197191	0.1005528499	0.1126963463	0.1276497506	-0.0066931174	-0.1602157178	0.1257626439	-0.0807853579	-0.1557074822	0.0962128322	-0.0095452571	0.2156176918	0.0095715635	-0.1378288856	-0.0104367484	0.0833097603	0.1045702374	0.008239824	-0.1453395379	0.087732295	0.1513360543	0.0055952792	0.1032170873	-0.050983699	-0.1271037797	-0.1994861929	0.1448232114	0.0755894318	0.0005954859	-0.0568442015	-0.0133682469	0.0209314322	-0.0853210666	-0.0172635035	0.0290616529	0.247915798	-0.1170871033	-0.0148948784	-0.0644920116	-0.0478946273	0.028130124	0.0626526709	0.0223379797	0.0886742116	0.0331585582	-0.1188150594	0.0873963809	-0.0728150469	-0.1079387655	-0.0634221866	0.0810793118	-0.0266689468	-0.0622232398	-0.2862357123	0.0253378231	-0.0951613145	-0.0548844949	-0.271839067	-0.0104906664	0.0494137917	0.1298383981	0.0169266122	-0.0004633724	-0.2104470963	0.0105067445	0.0238008206	-0.0846148422	-0.0032562362	0.1130041294	0.0980807356	-0.2228858154	0.0645088591	-0.0521210614	-0.0724961434	-0.0679261946	-0.0378154958	0.0940114324	-0.0775747719	0.1385593812	0.0056517342	0.0772216734	-0.0798077096	-0.0032240326939216	-2.747837527299676e-06	1.0394386811475368e-05	7.550611076436396e-12	-0.0046968729822367	-0.0035982082932833	1.2947102921852722e-05	2.2060615811265075e-05	0.0256232027894043	0.0159393165639585	0.000254061812526	0.0006565485211869	-0.0001359994023107	-9.852130000492439e-11	9.706446554660316e-21	1.8495837428867637e-08	2.400317247297501e-05	7.000636108966951e-05	5.761522887673853e-10	4.900890593017193e-09	-4.699839502070308e-05	-9.39953194294052e-05	2.208849134522048e-09	8.835120074635919e-09	0.0	0.0	0.0	0.0	0.0
917.32150339682	0.4324005035098253	0.1869701954355504	841478.7405942022	989.0872585521024	-0.2840761072495752	978293.6050301136	0.0806992347100721	869.7387725355711	0.7565443997555121	756445.5324516819	0.5723594288014281	870.5415085431074	763.4962025051084	1.374505	18.326231	0.0426458689814663	0.0294856078915496	0.185376731	-0.0327697188	-0.19306624	-0.0104386023	0.0143620534	-0.1746367924	-0.1150122898	-0.1042730886	0.0510838708	0.036832464	0.1240407607	-0.0117209223	0.0328469927	-0.222596769	-0.1149741381	-0.0778548745	0.0053505921	-0.1138708733	0.0414716774	-0.0992754755	-0.2073149177	0.1428626403	0.210098944	-0.0547481429	-0.135484096	-0.0470668761	0.0600171637	-0.1235463551	0.054023527	0.0485347025	0.0700481408	0.1142756598	-0.0395697125	-0.0959321764	0.1371677884	-0.1892698848	0.0579954899	-0.208820177	-0.035038885	0.0128197716	0.0922662753	0.0678760523	0.0930743075	0.0857859072	-0.0747485743	0.1263030705	0.2097049116	-0.1668171606	-0.1562399517	-0.0755934536	-0.0284676514	0.0047696137	-0.0497765828	-0.0825561737	-0.0476845132	-0.1197563855	-0.1913340172	-0.1397009603	-0.1670136717	0.1151880895	-0.0414728021	-0.0047989159	-0.2046726694	0.0747703899	0.1351965723	0.1600400372	0.0558285468	-0.0230774644	0.0251256887	0.008414051	0.0069373196	-0.0674251015	0.0483846272	-0.1242300869	-0.0668811282	-0.1997133905	-0.0989537675	-0.0176779964	0.1678009219	-0.1824408034	0.0913412289	-0.0650217417	0.0719655524	-0.0898496795	0.0134089166893716	0.0166329493832932	0.0001797990467825	0.0002766550051871	0.0195881078754069	0.0242849808576436	0.0005897602952561	0.0003836939701385	0.0273511415299338	0.0017279387405295	2.985772291022677e-06	0.0007480849429904	-0.0001359994023107	0.0	0.0	1.8495837428867637e-08	2.400317247297501e-05	0.0	5.761522887673853e-10	0.0	-4.699839502070308e-05	0.0	2.208849134522048e-09	0.0	0.0	0.0	0.0	0.0	0.0
919.222490641874	1.9009872450538976	3.613752505857608	844969.98730185	986.0947498994716	-2.992508652630818	972382.8557793016	8.955108036070312	869.8459040192125	0.1071314836414103	756631.896739001	0.0114771547872097	870.4829321687228	773.4558042219884	1.409303	18.790182	0.0344637100096847	0.0170094494454977	0.0771484308	-0.0304952109	0.3042770312	-0.0998390939	0.0177308364	0.2207608939	-0.0410516692	-0.0903071573	-0.0031831136	-0.1677245792	-0.0340278099	0.1124251341	-0.1218449241	0.1758389273	0.0425337962	0.0575017848	-0.0926162859	0.1369816595	0.0696261548	-0.0109790311	-0.1014574549	-0.0140336444	0.0073803645	-0.0417957434	0.024601178	0.0449746568	0.0919648566	0.0715387643	-0.0912614217	-0.1846723163	0.04393886	0.147305383	-0.1229813039	0.0508897203	-0.1089339292	-0.1173679869	-0.1485832277	0.1908076766	-0.0371248671	-0.0265295792	-0.1061373325	-0.1179817601	-0.0956204056	-0.0222687525	-0.0897928373	0.0180568594	0.0655693276	0.0066818602	-0.1931291378	-0.0388870456	0.129098081	0.0058275872	-7.03804e-05	0.0011342461	-0.0292976544	0.1443602339	0.1177877261	0.0339722564	-0.0257349754	-0.1807630816	-0.0491807181	-0.0193256377	0.202550338	-0.0379443691	0.076929163	0.1454621608	0.0818612768	0.0173502266	-0.0506564465	-0.13334777	0.058481208	-0.1858583981	-0.1477724341	0.0093228969	0.0070814285	0.1323282372	-0.0265546302	-0.0595441146	-0.1491010209	-0.1274051039	0.0115154495	-0.0357065259	0.066603812	-0.0993643757	0.0065214015911863	-0.0068875150981853	4.25286787135272e-05	4.7437864227730456e-05	0.007702900640865	-0.0118852072345419	0.000141258151008	5.933467828303843e-05	0.0198608199171701	-0.0074903216127637	5.610491786263503e-05	0.0003944521677822	-0.0001360016964261	-2.294115399980711e-09	5.262965468428658e-18	1.8496461430777062e-08	2.399206283310029e-05	-1.1109639874717914e-08	5.756190789874324e-10	1.2342409814592226e-16	0.0001170015225079	0.0001639999175286	1.3689356269166631e-08	2.6895972949388613e-08	0.0	0.0	0.0	0.0	0.0
919.5652328471588	0.3427422052848214	0.1174722192835027	845600.2174612493	988.291737724753	2.19698782528144	976720.558855012	4.826755504434869	868.6090134536664	-1.2368905655461049	754481.6182529517	1.529898271136963	869.668854591376	781.2065863864615	1.353971	18.05245	0.0479610120941572	0.025437260377798	0.0524851507	0.0619844397	-0.2008726052	-0.0078695456	0.0589536972	-0.1490540704	0.1551752309	0.0278455955	0.057209232	-0.0081046433	0.0924121352	-0.1272230952	0.1202546744	-0.1444495792	0.1129491748	0.0077169362	-0.0062491197	-0.0685598925	-0.0536407068	-0.047639427	0.0075970501	-0.0435871055	-0.0563244199	0.2261608074	0.171333053	0.1231483922	-0.1420778089	-0.0855525354	0.0123126446	-0.1349872008	0.0473040677	0.0786685346	-0.095584902	0.1501982139	0.1329197976	-0.0920712639	0.1564246313	-0.1044749875	0.1444197276	-0.0459016823	0.1084426241	0.0217873572	-0.040401713	0.05086226	-0.014678612	0.0291233834	-0.0673454678	0.2569747846	-0.0088105666	-0.0770163404	0.0446198918	0.0987712252	-0.1584060885	0.1039829587	-0.1049724943	-0.0445568	0.0855284842	0.0345038338	-0.083649472	0.2024336614	0.0950572461	0.0528980236	0.009674971	0.105320992	0.0309608819	0.1329207878	-0.03644621	0.091414176	-0.0789097825	0.0270827616	-0.0165261697	-0.0138232304	-0.1606147874	0.1122209585	-0.0582269858	-0.0509370834	-0.0309403152	-0.1739962751	0.0002079172	-0.2061863355	0.0706795441	0.0766402888	0.0611443214	-0.1082959623	-0.0072401734170028	-0.0137615750081891	5.2420111108274006e-05	0.000189380946706	0.0134285025190763	0.0057256018782112	3.2782516867776754e-05	0.0001803246799048	0.0235840333779435	0.0037232134607734	1.386231847448425e-05	0.0005562066303719	-0.0004669993010561	-0.00033099760463	1.0955941427079781e-07	2.180883471868859e-07	2.401097266901964e-05	1.8909835919348533e-08	5.76526808512408e-10	3.575818944966838e-16	-4.699439796585026e-05	-0.0001639959204737	2.208473440172711e-09	2.6894661932032622e-08	0.0	0.0	0.0	0.0	0.0
919.2646657518944	-0.3005670952643413	0.0903405787556436	845047.5256999421	987.5882890589096	-0.7034486658434389	975330.6286863044	0.4948400254769142	869.7287375494606	1.1197240957941403	756428.0769193785	1.2537820507020052	870.2097196571104	780.5043382661124	1.273861	16.984339	0.0616015058755563	0.0380911525944385	0.0350633513	-0.1601179945	0.1420832159	0.1323529695	-0.017361417	0.0444900792	-0.0722289167	0.1202638832	-0.0060538367	-0.1827863323	-0.1379301293	0.0752916266	-0.1364296522	0.096557708	-0.096655591	0.182974586	0.0337969903	-0.0100343212	0.0149879219	-0.0326106731	-0.1586364728	-0.087856226	-0.1350160895	0.0582672282	0.036133175	-0.0713536072	-0.0026201821	0.1173102487	-0.1613692188	0.1206281465	0.1854482824	0.0528276477	0.1663923662	-0.0655025253	0.127856585	0.0937770897	-0.1795175008	0.0137159593	0.0291010568	0.1025993368	-0.0967188479	-0.0518698095	-0.05913823	0.0513996985	0.1401373851	0.1428082645	-0.0779878841	0.05290017	0.1406558253	-0.0416037306	-0.017645788	0.014108019	-0.1545124946	-0.0885323665	-0.0993719448	0.2576915183	-0.0557666212	-0.0948920627	-0.0220213124	-0.0777099614	-0.137315679	-0.1263165807	0.0644947008	-0.1149100471	-0.1176109936	-0.0957826596	-0.1274087845	0.2445743384	0.0428451572	0.1013725313	-0.0330647844	-0.1143529058	0.0107040018	0.0102910405	-0.0207776723	-0.0494802507	-0.0843053655	-0.0987592695	-0.0448045935	-0.0321415271	0.0438543452	-0.0991784613	0.055595093	-0.1165920251	-0.0107442235978396	-0.0035040501808367	0.0001154383407203	1.2278367669822408e-05	0.0170042803307239	0.0035757778116476	1.27861869582713e-05	0.0002891455495658	0.0072120649259375	-0.016371968452006	0.0002680413509934	5.201388049593788e-05	0.0001379988131459	0.000604998114202	3.6602271818797626e-07	1.904367242967702e-08	2.4007665134551104e-05	-3.3075344685363237e-09	5.763679852127407e-10	1.0939784260555863e-17	0.000110998368919	0.0001579927668848	1.2320637902678426e-08	2.4961714387930638e-08	0.0	0.0	0.0	0.0	0.0
919.6541959442194	0.389530192324969	0.1517337707327273	845763.8401178087	993.2830642700196	5.694775211110027	986611.24576564	32.430464705073256	869.2339661356081	-0.4947714138525043	755567.6878838394	0.2447987519656061	870.6534149648728	777.92335480606	1.31161	17.487652	0.0546854024158751	0.0321028497284673	0.0611474824	0.155570575	-0.1004144087	0.0463167281	-0.0146547339	-0.0878183068	0.100988065	-0.0064039286	0.2015873117	0.0560997101	-0.0504359946	-0.0022106474	0.1006693474	-0.0419866086	0.0393796074	-0.2064799574	0.0387609068	-0.1240722854	-0.0103947119	0.0793016665	0.0183004966	0.0275117674	-0.0581548761	0.1076930963	0.0037265447	-0.0965818057	0.0053656264	0.141338923	-0.0440468668	-0.0051373661	0.0206281411	-0.0559790908	0.044507759	-0.1286707597	-0.0989227662	-0.172333889	0.1581189795	0.035857954	0.0349461157	-0.0139884026	0.1674048904	0.0516138775	0.0571790686	0.0076647184	0.0042896834	0.0645184935	-0.0487583584	-0.0219563504	0.1550921375	0.0513424819	-0.0216713642	-0.0684098924	0.123528111	0.043872415	0.005636671	0.1164275136	0.1088055426	-0.0512500965	-0.0406433472	0.0386504612	0.1402094234	0.0653363657	-0.0816146653	0.1195734236	0.134901238	-0.0628940686	-0.0534001635	0.1822908181	0.1578463102	0.1543865217	-0.0028393843	-0.1462935184	-0.0983802982	-0.1326616594	-0.0542040127	0.1107197883	-0.0338789209	-0.1856027859	-0.0874040393	0.0661293846	0.1240506379	-0.1335309703	0.0499642712	-0.1242038795	0.0176049534095312	0.0283491770073708	0.0003099343845517	0.0008036758369952	0.0162161484971647	-0.0007881318335591	6.211517870693839e-07	0.000262963472082	0.0111601848979887	0.0039481199720512	1.5587651313709574e-05	0.0001245497269572	-0.0001359994023107	-0.0002739982154566	7.50750220734014e-08	1.8495837428867637e-08	2.400317247297501e-05	-4.492661576094292e-09	5.761522887673853e-10	2.018400803731405e-17	-4.699839502070308e-05	-0.0001579967639397	2.208849134522048e-09	2.4962977415418265e-08	0.0	0.0	0.0	0.0	0.0
920.1799079160852	0.5257119718658032	0.276373077363031	846731.062932455	986.7243563483744	-6.558707921645237	973624.9554111136	43.01664960145198	871.0585334263935	1.8245672907854669	758742.9686549396	3.3290457986042186	871.5040770325161	779.0925769707081	1.284423	17.125162	0.0263859615682518	0.0201134971255325	0.0653829826	-0.1901370049	0.0398461556	0.0671180378	-0.028881314	0.0756582841	-0.1708848393	0.1828306595	-0.0323502012	-0.0357823237	0.0652006136	0.1088452387	-0.1559728485	0.0006536965	-0.0952669926	0.1479644226	0.0262188937	-0.0765802083	-0.0164947333	-0.0011964618	-0.0419152064	-0.0161868938	-0.0806422245	-0.0431146073	-0.1025521073	-0.0241194585	-0.0049229247	0.1036271257	0.0732901314	0.1329901299	-0.1375243021	0.0364041335	-0.0761311569	-0.1138196273	0.0989052511	0.042954283	-0.1987494978	-0.0616009747	0.0185318378	0.0951696015	-0.0519961664	0.0129107778	0.0688056472	-0.0503730406	-0.0090118224	0.0995648497	-0.0801854794	-0.0942469043	0.0914081232	-0.0479893168	0.0117958043	0.0347716323	0.0080722693	-0.0216692327	0.1645235356	0.0713248508	0.0149159046	-0.1176464341	-0.0422389786	-0.1296523637	-0.1306430264	-0.1390887762	-0.1887408902	-0.064211939	-0.0832873736	0.0677821705	0.0157827571	0.0650632696	0.0225388313	0.0901962656	-0.140681321	-0.0104560986	-0.0530495571	0.1327205569	-0.1161066727	0.0824847287	-0.0933206221	-0.1770072925	0.0207223628	-0.1745635731	-0.0093200447	-0.0368547601	0.0442601199	-0.1310868562	-0.0019030355379214	-0.0195079889474526	3.621544258591793e-06	0.0003805616327739	0.0123661389766596	-0.0038500095205051	1.4822573307979928e-05	0.00015292139319	0.0141881479982828	0.003027963100294	9.168560536742654e-06	0.0002013035436211	-0.0001359994023107	0.0	0.0	1.8495837428867637e-08	2.400317247297501e-05	0.0	5.761522887673853e-10	0.0	-4.699839502070308e-05	0.0	2.208849134522048e-09	0.0	0.0	0.0	0.0	0.0	0.0
921.1380288130742	0.958120896989044	0.9179956532470904	848495.268125636	996.2489641077378	9.524607759363448	992511.9984857409	90.7181529697264	869.500030359456	-1.5585030669375328	756030.3027950949	2.428931809653696	871.180230743131	784.6775060729453	1.320531	17.60659	0.0099893748081397	0.0072267843531973	0.0124076656	0.2010259546	0.0199075357	0.0926903158	0.017916585	0.0497598403	0.1498319583	-0.0413946743	0.1635763209	0.1333258301	-0.0171172976	0.0421851488	0.0547648215	0.0800326538	0.0753041019	-0.2558340371	0.0128666584	0.034404968	-0.0587978828	-0.0666473109	-0.0275311061	-0.0105040928	0.0344304645	0.0721849237	-0.0160631992	-0.0924186245	-0.0405654045	0.1222648724	-0.0498927617	0.1416469325	0.0008750306	0.2021030169	-0.1010094722	-0.0090820083	-0.1460655523	0.2269400338	0.1288022432	0.1640602941	-0.0588154665	-0.0386267494	0.1321755731	0.0116567058	0.021381594	0.0068362201	0.123415621	-0.0267906817	-0.0566356266	-0.0535589403	0.0240592206	-0.1357385854	-0.0436290116	-0.0310606666	0.1716212965	-0.0112266546	-0.0079425379	0.048567194	0.1700495082	-0.1264641565	-0.011150905	-0.0909282925	0.1226171472	0.046765349	0.0294045983	0.1488206196	-0.025729381	0.021947338	-0.1411918836	-0.0073365829	0.0868897579	-0.0601621716	-0.1061658802	0.0551355619	0.1556891277	-0.1074688526	-0.1556108269	0.0143833348	0.0525506923	-0.161104009	-0.1518040813	-0.3125565066	-0.0311452847	-0.086381269	0.0384910108	-0.1372005631	0.0016531839510918	0.0035562194890132	2.733017176147495e-06	1.2646697054037304e-05	0.012950447732507	0.0005843087558474	3.414167221599373e-07	0.0001677140964723	0.0144365501583365	0.0002484021600536	6.170363311934374e-08	0.0002084139804741	-0.0001360006851372	-1.282826500001487e-09	1.6456438291060658e-18	1.8496186357787817e-08	2.3995578239510703e-05	-7.59423346430649e-09	5.757877750484796e-10	5.767238191039255e-17	6.500161598384066e-05	0.0001120000110045	4.225210080510691e-09	1.254400246501792e-08	0.0	0.0	0.0	0.0	0.0
920.0345413208504	-1.103487492223849	1.2176846454944783	846463.5572234676	989.3207662245808	-6.928197883157054	978755.5784831916	47.999925908181886	870.2059153818714	0.705885022415373	757258.3351656006	0.4982736648703516	870.6153077205088	783.9052212308313	1.316788	17.556683	0.019425987198248	0.0099948928962516	0.0390518205	-0.1493288779	-0.0408554046	0.0250032918	-0.0823573766	-0.0744369094	-0.0626804192	-0.0516024123	-0.1430754643	0.0648664008	-0.0911526276	0.0007758878	0.0272590481	-0.1498556821	-0.1218234986	0.0468750303	-0.0484423797	0.2320998418	0.0265871453	-0.0576955731	-0.0556368256	-0.0444776922	-0.2133476943	-0.019494711	-0.1055559098	-0.129776179	0.1290238736	0.1179536787	-0.0611785497	-0.077356842	-0.0731405598	-0.114750769	-0.0099400927	0.194269566	0.0752726803	-0.0713405365	-0.0155981509	-0.1792755895	-0.0844732648	-0.0352959876	-0.1275220983	-0.1406166852	-0.100881255	0.1275049034	0.0561075108	-0.0604230869	-0.0971936086	-0.1023242654	0.0556741701	0.1135343142	0.0173591482	-0.1262699039	-0.0518940559	-0.0376663927	0.1072511448	0.1211628458	-0.0124410254	0.1959566528	-0.0432727338	0.0520896951	-0.1095987359	-0.0533220243	0.0275289122	-0.0271395661	-0.2191236413	0.0281289008	-0.0437394071	-0.0946500004	-0.0055878531	-0.0259097823	0.065902343	-0.0157404353	-0.0091047117	-0.1674856801	-0.0925964518	0.1884948903	-0.0485308848	-0.1540775506	0.0601978859	-0.0126419775	-0.0193238738	0.0634146826	0.0326654109	-0.1425091225	-0.0019423912183782	-0.00359557516947	3.772883645232748e-06	1.292816079930922e-05	0.0183559909254711	0.0054055431929641	2.921989721100053e-05	0.0003369424028559	0.0148614622414839	0.0004249120831473	1.805502784046629e-07	0.000220863059955	-0.0001360014777823	-7.926451000010887e-10	6.282862545557362e-19	1.8496401958969444e-08	-6.399677263657644e-05	-8.799235087608714e-05	4.095586907897659e-09	7.742653812700434e-09	-4.700437554830292e-05	-0.0001120059915321	2.209411320685897e-09	1.2545342139098618e-08	0.0	0.0	0.0	0.0	0.0
920.1136668841648	0.0791255633143919	0.0062608547698198	846609.1599870238	992.7038941327264	3.3831279081456387	985461.0214262792	11.445554442873885	869.467577326483	-0.7383380553883399	755973.8680219838	0.5451430840346352	871.1681130343877	776.7568030612662	1.215157	16.201645	0.036340354055805	0.0225975928239903	0.0753460723	0.1458007445	0.092411389	-0.0641731672	0.0378262134	-0.0117884975	0.0666091287	-0.0748776452	0.1090704935	-0.0288493756	-0.1070901027	0.0577355838	0.0588144731	0.105177585	0.014848919	-0.0970980179	-0.0453419728	0.0778260936	-0.0453543817	-0.0527393499	-0.0488016811	-0.0512011488	-0.1539673575	0.0762524238	-0.042425182	-0.0949962012	0.2705549394	0.0210001779	0.164305195	0.0035384405	0.0125982691	-0.0244833026	-0.0067236196	0.0940040268	0.1920466051	-0.0577025284	0.0978378167	0.1203394774	-0.0360265101	0.0125093756	0.0521409114	-0.1381773146	0.0321323187	0.1096275813	0.0725496266	0.0147685418	-0.0179760749	0.0279081926	0.1180720471	0.1110942255	0.1446722412	-0.0495657568	0.1005976881	0.0506553021	0.0471646276	-0.0033637011	-0.1972231288	0.0106722203	-0.0263251882	-0.0570143631	0.0245665838	0.09967581	0.1327226905	0.0455303332	-0.0137596472	-0.1602334011	-0.0418362513	-0.0816837543	0.1064113562	0.1308473627	-0.0461583447	0.0237420305	0.0415743978	-1.962e-06	-0.1546688253	-0.0287001077	0.0963040208	-0.2054407139	-0.1010900499	0.1127021253	0.0011548612	0.0797121286	0.0267918699	-0.1469813818	-0.0018806003897822	6.179082859599991e-05	3.536657826048963e-06	3.81810649858024e-09	0.0010082343394088	-0.0173477565860623	0.0003009446585692	1.0165364831630996e-06	0.0151928697240606	0.0003314074825766	1.098309195078255e-07	0.0002308232904522	-0.0001360027274384	-1.249656099981027e-09	1.5616403682197906e-18	1.8496741870683722e-08	2.398390786462201e-05	8.798068050119845e-05	5.752278364586774e-10	7.74060014145396e-09	0.0002370016774658	0.0002840060530141	5.616979512160309e-08	8.065943814864946e-08	0.0	0.0	0.0	0.0	0.0
920.9295601661069	0.815893281942067	0.6656818475181973	848111.254787739	988.8019507015453	-3.9019434311811674	977729.2977111812	15.225162540137855	870.6411051379584	1.1735278114754235	758015.9339558457	1.3771675243062975	871.7168586535655	784.5314525676721	1.218202	16.242249	0.0061039651792851	0.0037516099453346	0.0200062865	-0.0893119579	-0.095094295	-0.0478773953	-0.091503687	-0.0524179416	-0.1843708026	-0.0944306958	-0.0843923968	0.1115257533	0.012123729	-0.0624134839	-0.015306135	-0.1858069353	-0.1417446803	0.003976896	0.0874002202	0.01110706	0.0547734322	0.1619554	-0.0945294391	-0.0153932305	0.0341011485	0.0408883264	0.076313546	-0.0951815343	-0.1142901825	0.1730635496	0.057665527	-0.1197200766	-0.0763957638	-0.0097442431	-0.0187929274	0.0635440213	0.024808183	-0.0437574819	-0.0209151648	-0.186649525	-0.1450630802	-0.042270161	-0.0421135795	0.0614692709	0.0535525621	-0.0028802431	-0.1105138657	0.1226249319	0.0588234021	-0.0346835693	0.1151984652	0.0638863966	0.0727785982	-0.0763366221	-0.1230457152	0.181436021	-0.0195627511	-0.0472416166	0.0489158076	0.1065747571	-0.0509012842	0.0472099725	-0.0752063272	-0.0533185116	-0.2010053264	-0.048259058	0.0242353003	-0.0174625873	0.1512214852	-0.10200861	0.0118105375	0.0161757701	0.1027340602	-0.1402063811	0.143886912	-0.1313779697	-0.0187270326	0.1301397148	-0.0757276512	-0.1601708396	-0.20360401	0.0127192417	0.1066417767	0.1406746835	0.0208790082	-0.1505910958	-0.0018575569136913	2.3043476090900145e-05	3.4505176876023477e-06	5.310017903518866e-10	-0.0017484993074816	-0.0027567336468904	7.599580399897645e-06	3.057249828263635e-06	0.0143188776516325	-0.000873992072428	7.638621426671631e-07	0.0002050302572024	-0.000136003181827	-4.543886000156569e-10	2.064689998241887e-19	1.8496865467068023e-08	2.3980536159706745e-05	-3.3717049152670597e-09	5.750661145070027e-10	1.1368394035636049e-17	0.0002860017710498	4.9000093584e-05	8.179701304362223e-08	2.401009171240758e-09	0.0	0.0	0.0	0.0	0.0
921.7822082874912	0.8526481213843908	0.7270088189003309	849682.4395153639	994.377539511288	5.575588809742726	988786.6910845232	31.087190575328307	870.5325271132078	-0.1085780247506136	757826.8807621079	0.0117891874587448	871.9598221593805	789.0110412887547	1.170609	15.607689	0.0917918152296587	0.0492680943265304	-0.0642305956	0.1023929019	0.0707846378	-0.0734095438	0.0716405808	0.0652754094	0.0608664598	-0.0669802764	0.0576790174	0.0090317344	0.0554326648	0.0932113832	-0.0152783949	0.0887522542	-0.0050116706	-0.1184655997	-0.0349824588	-0.0240149457	-0.0537374991	-0.0665560173	-0.0291541714	0.0516693813	0.0125749449	-0.0838732291	0.0720642369	-0.0327179537	-0.19745125	0.0250402313	0.0994697968	-0.1504986437	0.1001057121	0.0684306914	-0.0861623461	-0.1293991047	0.1851432128	0.1689655645	0.0337020349	0.1269648851	-0.0588702391	-0.0177682064	0.0374477465	-0.0464612925	0.0331826151	-0.0074133082	-0.0244407138	0.0271786699	0.0070515386	-0.1418256705	-0.0726636053	-0.0433567729	0.0707957549	-0.0162968765	-0.1077394355	0.1160550863	-0.1312371528	0.0370229903	0.1087320324	-0.2276621289	0.0333008278	-0.1332850006	0.1195853905	0.0008702787	-0.0060212932	-0.0016521299	0.0050503612	0.1160112637	-0.094541742	-0.1179819973	-0.1121862339	0.18322754	0.0736836266	0.1280639857	0.1824755076	-0.0124026822	0.0686704278	-0.0520360791	0.0727697289	-0.1265356817	-0.1239833303	0.0246003747	0.0264237635	-0.0366398635	0.0149355036	-0.1533170814	-0.0019035449784894	-4.598806479810011e-05	3.62348348513221e-06	2.1149021038742543e-09	0.0284211699546261	0.0301696692621077	0.0009102089433849	0.0008077629015897	-0.0169061112494972	-0.0312249889011297	0.0009749999318756	0.0002858165975803	0.0001380005070093	0.0002740036888363	7.507802149589991e-08	1.9044139934823852e-08	2.399677708897485e-05	1.6240929268104222e-08	5.758453106579482e-10	2.6376778349156424e-16	-4.700167921709668e-05	-0.0003330034502668	2.2091578492268583e-09	1.1089129788965755e-07	0.0	0.0	0.0	0.0	0.0
920.8466786659858	-0.9355296215054524	0.8752156727141348	847958.6056101773	986.8983958524816	-7.479143658806379	973968.4437362016	55.93758986906367	870.050458720311	-0.4820683928968492	756987.8007194236	0.232389935430151	870.4278952033927	792.9319530875778	1.172685	15.635372	0.0462012986368013	0.0278689913982262	-0.0409935407	-0.0858431927	-0.1167683476	0.0283352896	-0.0814321055	-0.0559415855	-0.0509984003	-0.0547420805	-0.1562670001	0.0018407634	-0.0517864506	-0.0569483894	0.0179291533	-0.0479840546	0.0070120821	0.0987725066	-0.0003270348	0.0857201223	-0.039952836	-0.1876464217	-0.0368334259	0.0320245291	0.1766591889	-0.1794752502	0.1649402108	0.0205111056	-0.1754884846	-0.0027104824	-0.0725008165	0.0924395875	0.1530475936	0.0688368294	-0.0756224028	-0.0024194856	-0.1792619532	-0.0097191395	0.0118434474	-0.070446688	-0.0127054363	-0.048013672	-0.1159815077	-0.0197729138	-0.1398732661	0.0012553314	0.0582470531	-0.0387511756	0.0507018336	-0.1366051178	-0.0953812279	-0.2051245122	-0.0628631686	0.0271044477	-0.0201272071	0.1086684764	-0.2117327766	-0.0878649341	-0.0148226285	0.1036588422	-0.0155496421	0.1086985617	0.0060365052	-0.0455063241	0.0444867925	-0.054200637	-0.1254008834	-0.0037843855	0.019886422	-0.0485986975	-0.0606828613	-0.0748384412	0.1535828463	0.1278210129	0.197246958	-0.158448517	0.1306003227	0.1149765868	0.0271057167	-0.1141708284	0.0656331151	0.0089222552	-0.0934682592	-0.0788073339	0.0089700792	-0.1551433414	-0.0019030333386922	5.116397971999427e-07	3.621535888173982e-06	2.617752820787985e-13	0.0122751339488189	-0.0161460360058071	0.0002606944787008	0.0001506789134614	-0.0005518397033199	0.0163542715461772	0.0002674621978061	3.045270581601952e-07	-0.0001359994023107	-0.0002739999093199	7.507595030736821e-08	1.8495837428867637e-08	2.400317247297501e-05	6.395384000160766e-09	5.761522887673853e-10	4.0900936509512324e-17	-4.699839502070308e-05	3.2841963936046572e-09	2.208849134522048e-09	1.078594595176584e-17	0.0	0.0	0.0	0.0	0.0
921.5061344315844	0.6594557655986364	0.4348819067812837	849173.5557950414	993.9957390280332	7.0973431755516	988027.5292058858	50.37228015154887	870.7818131520958	0.73135443178478	758260.9661164514	0.5348793048912384	871.9695548097719	784.63875751133	1.142201	15.228928	0.0083825541743787	0.0059651931391701	-0.0099520274	0.0781341724	0.0347732333	-0.0023727264	0.136600676	0.0169239691	0.0966726143	0.0319540008	0.0401657576	-0.0896407758	-0.0857147302	0.1167910454	-0.0383704655	0.0681747498	0.0443067899	-0.0413865553	-0.094785746	0.0212362537	-0.0578709378	-0.1784310178	0.0200070457	0.2049747013	-0.0108186366	0.0748564793	-0.1101012061	0.0125373992	0.009235036	-0.101797231	0.1001050785	-0.0632388792	-0.0239286135	-0.1247899306	0.027920003	0.0534812996	0.1085325745	-0.0715559997	-0.0185134027	0.1073790215	0.0723248523	0.0459061098	0.0578348847	-0.1323993064	0.0836431809	0.1851000625	-0.0317456149	-0.0959929297	0.0550957682	-0.0538130356	-0.0436520781	-0.0119949263	-0.0708064507	-0.0555372522	-0.1107232388	-0.0062515924	0.0540372577	-0.0789928617	0.006314838	0.0108747357	-0.0147429854	-0.0076230846	0.049099449	0.0095769596	0.1144763413	-0.0212630535	0.0040221076	-0.0557543592	0.0245935067	-0.1355453243	0.0393792883	0.1199669048	-0.0194147984	0.2027729647	0.1179839475	-0.005549314	0.0477633517	0.0884885684	0.0445890049	-0.0169934824	-0.1701864483	-0.1009512982	-0.0227743638	0.1344059228	0.0029914899	-0.1560591586	-0.0018923011734699	1.0732165222300092e-05	3.5808037311155605e-06	1.1517937035874759e-10	0.012304645969607	2.9512020788099308e-05	8.709593709972057e-10	0.0001514043124373	0.0051903783030269	0.0057422180063468	3.297306763241342e-05	2.6940026928532405e-05	-8.399941485448556e-05	5.199998745621445e-05	2.7039986954464607e-09	7.055901695895969e-09	2.4001951874019767e-05	-1.2205989552427352e-09	5.76093693762761e-10	1.4898618095396572e-18	-4.699902660596346e-05	-6.315852603823273e-10	2.208908501908061e-09	3.9889994113221223e-19	0.0	0.0	0.0	0.0	0.0
922.5571430449706	1.051008613386216	1.1046191054120165	851111.6821832984	990.3321428186752	-3.663596209358048	980757.7530998288	13.421937185222657	871.6023594752495	0.8205463231537351	759690.673042822	0.6732962684411139	872.4748730332668	791.6428111970733	1.126755	15.022981	0.0622548895956951	0.0354705824336844	-0.0553622658	-0.0838605659	-0.0853604009	0.079932868	-0.0253869388	0.0392393694	-0.1025370018	0.0132703578	-0.0568634911	0.212427488	-0.0254252493	-0.0550737911	-0.0805355618	-0.0735490921	-0.1413767064	-0.0898497275	-0.0190550921	-0.0638645498	0.1778310367	0.1062976291	0.0520062512	0.2612289546	-0.0755576542	0.0436529749	0.1017166377	-0.1085637161	0.1665041629	0.1805151103	0.0576549084	0.142566435	0.042786587	-0.0270558466	-0.0910492056	-0.1516732227	-0.2097833662	-0.0335601001	-0.0553137664	-0.0944695632	-0.1700658775	0.0138022779	0.0797795662	0.1005476776	0.0198939454	0.0732273274	-0.1783674417	-0.0430451791	0.0468333261	-0.0132427848	0.2210959002	-0.1396486285	-0.0451120097	-0.1853654112	0.2513942655	-0.0332770928	-0.0478043886	0.1411887812	0.0214593137	0.1073519651	-0.0434252318	0.0688365868	0.0019334415	-0.0916591465	-0.1692816018	-0.0830228616	-0.0676045194	-0.224327701	0.0233606387	-0.0651135179	-0.0776587395	0.119295363	0.0495377571	-0.0870832899	0.0607041082	-0.0410833243	0.0168566676	0.1152335688	0.1574098547	0.2280130199	-0.1544587428	-0.1325994876	-0.0721218322	0.1965636322	-0.0029914899	-0.1560591586	-0.0084447440966926	-0.0065524429232227	7.131370285862453e-05	4.293450826209125e-05	0.0147257271480896	0.0024210811784826	5.861634072802697e-06	0.0002168470400399	-0.0077379807779749	-0.0129283590810018	0.0001671424685273	5.987634652030904e-05	0.0004609945154286	0.000544993930283	2.970183840454048e-07	2.1251594325524973e-07	-0.0002380103471451	-0.0002620122990191	5.664892534813102e-08	6.865044483728462e-08	-4.694512764840867e-05	5.3898957554792976e-08	2.203845009925384e-09	2.9050976254933748e-15	0.0	0.0	0.0	0.0	0.0
922.0328693678484	-0.5242736771222098	0.2748628885232431	850144.6121947078	997.0063748527976	6.674232034122497	994021.7114971172	44.54537324530692	871.2756379675989	-0.3267215076506318	759121.2373158464	0.1067469435615018	872.9854008543108	796.2685106768304	1.12476	14.996392	0.0534499750368563	0.0344193929442572	-0.0831826474	0.1083723134	0.0197459311	0.0482784567	0.106999817	0.004458933	0.1069137673	-0.0724288338	-0.0078992929	0.0612687128	0.0218975667	0.2208100169	0.0015232845	-0.0031696643	0.1021042535	-0.0893854246	-0.1564203239	0.1789911648	-0.0418472314	0.0851949398	-0.1347861156	0.0570209043	-0.1352091931	-0.1378485881	0.0240527911	0.242141729	0.0787849234	0.054062668	0.1165051633	0.096655332	-0.1892725189	-0.0327887453	0.0249600292	-0.0834187806	-0.048824407	4.56632e-05	0.0312989608	0.0278067223	-0.0543437693	-0.1142413188	0.0042723334	-0.2116651416	0.0770793203	-0.0337721213	-0.1397820613	0.0682268826	-0.0807970908	-0.0324799572	-0.0402060583	-0.1439875677	0.1301711431	0.0713397887	0.1294295715	-0.0021229996	0.2261026123	-0.0068178719	-0.1644966146	0.1141488109	0.0202915395	-0.1417985758	0.128037876	-0.0229210848	-0.0057401332	0.014422447	-0.0149188961	0.0357105244	0.0152309807	-0.1398809149	-0.0093691394	-0.0091482107	0.0755131388	0.2167363789	0.1655937277	0.0499241467	0.1013306269	-0.0539963052	0.1158160044	0.1348016095	0.0647350767	0.0529977007	-0.0545921912	0.1269740622	-0.0089700792	-0.1551433414	-0.0019026834530677	0.0065420606436249	3.6202043225776255e-06	4.279855746486585e-05	0.0241183107825264	0.0093925836344367	8.822062732988996e-05	0.0005816929150025	-0.001425631991708	0.0063123487862669	3.984574719948521e-05	2.0324265757813186e-06	-0.0001360061973402	-0.0005970007127688	3.5640985104645525e-07	1.8497685714941425e-08	-0.0002649963740963	-2.698602695119998e-05	7.022307828418618e-08	7.282456506108917e-10	-4.701802737896378e-05	-7.289973055511008e-08	2.2106948986089873e-09	5.314370715007651e-15	0.0	0.0	0.0	0.0	0.0
919.2343850531176	-2.7984843147307856	7.831514459794235	844991.8546639833	992.1062063778148	-4.90016847498282	984274.7247333792	24.01165108321545	869.0222337159468	-2.253404251652114	755199.6426926536	5.077830721363824	870.4204228446072	788.8123036254461	1.212503	16.166256	0.0632898085543191	0.0305360223904737	0.0289479984	-0.0719983048	-0.1968132802	0.0352965167	0.0015825265	-0.2043501201	-0.0579470189	-0.0915447741	-0.1368165856	0.0423950191	-0.1125013996	0.0744494369	0.1956542483	-0.1207802544	-0.0600256251	0.0895751756	-0.0321843021	0.0677079814	0.0979676171	-0.0758711273	-0.0096283233	-0.0274442627	0.0881276169	0.0259560862	-0.1595009189	0.0867983119	0.1761787902	-0.0427751224	-0.0087484375	0.0512469759	-0.0161987143	-0.0031131428	-0.1124006042	-0.080673506	-0.0066105474	0.1181383609	0.1510916137	-0.1693383011	-0.0290957718	0.0196509367	-0.1025874634	-0.0808228008	-0.110848374	0.039354106	0.0127351917	0.0261183718	0.1361308869	-0.0315537635	-0.0556754454	0.0526473758	-0.082940555	0.1009809659	0.1696524924	-0.0083202129	0.0448846499	-0.0077200889	-0.1816995039	-0.0761300626	-0.1204298277	0.1562768568	-0.0200578518	0.0069060394	0.0188549022	-0.0582031538	-0.0481638418	-0.1616118668	-0.0212460752	-0.0353041193	0.0121118693	0.0456527679	0.1018941845	0.0036321878	0.2035843649	-0.0798285301	0.187553101	0.0114257623	-0.0036987775	0.1793209032	0.1424011818	0.00395569	-0.0522258648	-0.1422598348	-0.0149355036	-0.1533170814	-0.0018526046325462	5.007882052149998e-05	3.4321439245316405e-06	2.507888264824607e-09	0.0195786641359063	-0.00453964664662	2.060839167616911e-05	0.0003833240893466	0.0186199568205864	0.0200455888122944	0.0004018256308315	0.0003467027920005	0.0002030521040991	0.0003390583014393	1.1496053177490323e-07	4.1230156979071754e-08	-0.0003759721157934	-0.0001109757416971	1.413550318541658e-07	1.2315615245221468e-08	0.0002760378149823	0.0003230558423612	7.619687530020249e-08	1.0436507728374572e-07	0.0	0.0	0.0	0.0	0.0
918.3123522435344	-0.9220328095832429	0.8501445019479685	843297.5762830533	991.1915991390453	-0.9146072387695768	982460.7862038178	0.8365064012097095	868.6329429903178	-0.389290725628939	754523.1896480207	0.1515472690607059	870.016387120443	774.0327875140623	1.228265	16.37641	0.0401978712895161	0.0235237113085329	0.1198919299	0.0797766196	0.1168652573	-0.0333761714	0.1109888177	-0.0180391072	0.0015466865	-0.0519441132	0.0817718263	-0.1397022597	0.0063841102	0.1562490394	0.1198529334	0.190037858	0.0142023753	0.0246328506	0.0232445963	-0.0156070572	-0.0679402105	0.0230032798	-0.0995837799	0.0375180242	0.1090923202	0.0651584424	-0.1124637494	-0.0630483128	-0.120085483	-0.07950639	-0.1079518014	-0.1762835812	0.140114283	0.0155712017	0.246843838	-0.0502017398	-0.0209183067	-0.018158801	0.0902381002	0.1523038971	0.0149746372	0.0697546944	-0.1241974544	-0.0507994722	0.0875219435	-0.0236271676	-0.0100048718	0.0589798971	0.0719855325	0.0067543499	-0.0207539654	0.1346337944	-0.1568590627	0.0246027166	-0.1109396453	0.1514644513	-0.1153458028	-0.0261225978	-0.1550867534	-0.0264931935	-0.1010947246	-0.2090574416	-0.0273327548	0.0710039567	0.0329827276	0.0254196739	0.0509540185	-0.044356338	0.0566129501	-0.0328707467	0.0043815193	0.1209167713	0.1598241115	0.053360707	0.0568716407	0.088892524	0.1152003555	-0.0217832251	0.0856460544	0.0748642185	0.1471366709	0.1525449325	0.0284926077	0.099611582	-0.0208790082	-0.1505910958	-0.0018544253464654	-1.8207139192000493e-06	3.438893365613319e-06	3.314999175568804e-12	0.0159070901365367	-0.0036715739993695	1.3480455632846868e-05	0.0002530355166119	0.0255375517731266	0.0069175949525401	4.785311992740964e-05	0.0006521665505651	-6.600885676398251e-05	-0.000269060960863	7.239380066056523e-08	4.3571691712879595e-09	-0.0003759985780864	-2.646229299997204e-08	1.4137493072299462e-07	7.002529508163693e-16	-4.701239433536028e-05	-0.0003230502093176	2.2101652211434153e-09	1.0436143774018412e-07	0.0	0.0	0.0	0.0	0.0
918.9774161272696	0.665063883735229	0.4423099694489861	844519.4913519529	986.168951775046	-5.022647363999226	972529.201445093	25.226986543088376	869.2497120595349	0.6167690692170709	755595.0619155843	0.3804040847428919	869.9837784330083	769.1663446442863	1.198203	15.975604	0.035908227037508	0.0210565646805851	0.1716776135	-0.0422542396	-0.1064468711	-0.0726479609	-0.0716463024	-0.0883895304	-0.0764766521	-0.1168693781	0.0040130455	-0.0369605875	0.0038422705	-0.1417247597	0.1655452336	-0.0291932791	-0.0790026	0.042252872	0.11586494	-0.0566284412	0.0558239672	-0.1337166975	-0.1631435226	0.0678102072	0.2412308346	-0.1856222054	-0.0197558177	-0.0202265669	-0.1282796807	0.0025309842	-0.0004890016	0.1157595124	-0.0979609053	0.035853319	0.0845508748	0.0999486821	-0.0982585312	0.0635494356	0.1255014398	-0.0622896875	-0.0190210504	0.0634631143	-0.0953841452	0.1549042822	-0.0308389488	0.0199900143	0.0471870515	0.0722240145	0.1730026197	-0.1709576913	-0.1541503895	-0.1544143392	-0.0487823161	-0.0241183982	-0.099567566	-0.0768936855	-0.0450004104	-0.1306737007	0.0207486882	0.068179713	-0.1671544244	0.0879824456	-0.0392026618	0.0565941386	-0.1307424526	0.0236935321	0.0648835921	0.1270547044	-0.0518162762	-0.0286160816	0.020512118	-0.0840443359	0.001381343	-0.1740797805	0.161493687	-0.0902030965	0.0922224091	-0.1683127432	-0.00488433	0.0880361227	0.1379057047	0.0672404542	0.0231727759	-0.1732620032	-0.0267918699	-0.1469813818	-0.001817449525177	3.697582128839999e-05	3.303122776566103e-06	1.3672113599516936e-09	0.0231805110558838	0.007273420919347	5.290265186999598e-05	0.0005373360928119	0.0282384065133953	0.0027008547402686	7.294616328031905e-06	0.0007974076024157	-0.0002889534588489	-0.0002229446020849	4.97042955988022e-08	8.349410138074295e-08	-0.0003760358434541	-3.726536770002264e-08	1.4140295556223644e-07	1.388707629817891e-15	0.0002479452493441	0.0002949576436794	6.147684667230793e-08	8.700001156493949e-08	0.0	0.0	0.0	0.0	0.0
919.6723094757712	0.6948933485015232	0.4828767657916593	845797.1568164986	990.1342754588408	3.965323683794736	980365.8834384036	15.723791917263457	870.1949150204041	0.94520296086921	757239.1901273683	0.8934086372359215	871.1358433037528	781.8331202241835	1.182723	15.769209	0.0481728554290514	0.0233249159603871	0.0947041678	-0.0055445684	0.1687115564	-0.2253980919	0.0391289523	0.0532641897	0.0191690694	-0.0476650678	-0.0064290943	-0.2191843637	-0.0064877395	0.0782173878	0.0098349061	0.1004068137	0.0138406486	0.1218358938	-0.1236357585	0.1366605453	0.1133669267	0.0176332243	-0.0371320801	-0.0182408015	-0.0958152823	-0.0505157427	0.0483170524	-0.0952451235	-0.2052388782	-0.1607077769	-0.1209703131	-0.1570662583	-0.1589424066	-0.1132716449	-0.0093969938	-0.0677835777	-0.02536952	-0.0223860434	0.0052161904	0.1096194797	0.0198488934	0.0206645817	-0.1232135551	-0.1614349895	-0.103887739	0.0093868311	-0.0982860132	-0.0448325719	-0.0494420618	0.007518522	-0.1002300851	0.0014192098	-0.0230955121	-0.1305321854	-0.1693006898	-0.1481848149	-0.0133285572	-0.1020894238	0.2165418091	0.0412672771	-0.0661536311	-0.0887118933	-0.073327913	0.0630518379	0.2188737472	-0.0472730933	0.002818781	0.1462698542	-0.082271889	0.0060119665	-0.0620264429	0.0581945689	0.1288088573	-0.1709924298	-0.1475383481	0.0801762922	0.1765354605	0.1006988506	-0.1488502916	0.1279265835	0.0797212696	0.0472759267	-0.1553179514	-0.1813500412	-0.0326654109	-0.1425091225	-0.0019159759094549	-9.85263842778999e-05	3.670963685611531e-06	9.707448398876402e-09	0.0365512391531979	0.0133707280973141	0.0001787763698523	0.0013359930836342	0.0207323172585347	-0.0075060892548605	5.634137590193373e-05	0.0004298289789085	-0.0001360065476908	0.0001529469111581	2.3392757632803732e-08	1.8497781014769857e-08	-0.0002799967895221	9.6039053932e-05	7.839820214268318e-08	9.223499880153604e-09	-4.701901941777754e-05	-0.0002949642687618	2.210788187009341e-09	8.700391984622914e-08	0.0	0.0	0.0	0.0	0.0
919.246899589601	-0.4254098861702005	0.1809735712513429	845014.8624050939	990.6830283669864	0.548752908145616	981452.8626943832	0.3011297541982708	868.5816194998786	-1.6132955205255255	754434.0297330319	2.602722436547727	869.6874031552001	775.9650307689924	1.202025	16.026552	0.01853253122398	0.0144216900775198	0.1062029436	0.0611728817	-0.1684787815	-0.1142850858	-0.0466566274	-0.2203064845	0.060316297	-0.045551828	0.061485166	-0.0128177469	-0.0309420551	-0.1893990385	0.2622806731	-0.0978573475	0.090168656	0.017573507	-0.0135570688	-0.0628643978	0.0013749015	0.0189644149	0.0251924857	-0.1008190994	0.0090526954	0.1007370922	0.081538632	0.1548896508	0.1333749941	-0.0804349526	-0.1442107009	0.1449036937	0.2083741749	-0.1326716744	-0.063697449	0.0329952708	0.0194884742	0.1189414268	0.2506613263	-0.1048519263	0.1144986709	-0.0019559008	-0.0045993682	0.0139452712	-0.0586038839	-0.019009665	0.0367367811	0.0041468636	0.0265586014	0.2098812675	0.0318791855	0.0042023104	0.0087219395	0.1405812023	0.0634179303	-0.1006813762	-0.1568177158	0.0600766041	-0.0720928626	0.1017371104	-0.1379681332	0.1503825658	0.0408126325	0.1013222454	0.0270955988	-0.037264307	0.1271233489	-0.0984905506	0.0671234557	0.0785794597	0.0108563282	-0.004246633	-0.0372306922	-0.0910128597	0.0044058239	0.185184776	0.1189558182	-0.1907848831	0.0290705103	0.0219129503	0.1692542772	-0.0311544269	-0.0023750957	0.0282350232	-0.0384910108	-0.1372005631	-0.0018540139958389	6.196191361600004e-05	3.4373678967665245e-06	3.8392787389566525e-09	0.0229727364944665	-0.0135785026587313	0.0001843757344531	0.0005277466220441	0.0206406961176242	-9.162114091050208e-05	8.394433461742078e-09	0.0004260383362201	-0.0001360088160747	-2.268383899987902e-09	5.145565517724326e-18	1.849839805004157e-08	-0.0003759968968231	-9.6000107301e-05	1.4137366642060092e-07	9.216020601803516e-09	-4.70255539473201e-05	-6.534529542562783e-09	2.211402724052313e-09	4.270007634262577e-17	0.0	0.0	0.0	0.0	0.0
919.2699461927468	0.0230466031458718	0.0005311459165633	845057.2339732157	987.9137122659122	-2.769316101074196	975973.5028830155	7.669111667668787	868.7937801934277	0.2121606935490945	754802.6325027859	0.0450121598872327	869.8126999392773	771.1798659408648	1.250853	16.677576	0.0277154017676938	0.0186062597777788	0.1085629453	-0.0803990754	0.1944898158	-0.1095468303	0.0994962037	0.0207071647	-0.0901187411	0.0146400401	0.0290719619	-0.1427928989	-0.0199058703	0.112314134	0.0385773458	0.2018340849	0.0376744352	0.18282348	-0.0267073925	-0.0691995095	-0.064668822	0.1159331113	0.0580835581	-0.0081224984	0.0312671349	0.018554226	-0.1128428371	0.1963217027	0.0473034537	-0.1367209576	-0.1078666732	-0.0698217021	-0.0269445909	-0.045467496	-0.0085370619	0.1948364253	-0.1368013828	0.1181654445	-0.0575690886	0.0929408403	0.0602298134	0.1465572213	-0.1489025894	-0.1110320466	0.0136019327	-0.1382753179	-0.0553983589	0.0529068482	0.0675456461	0.2393224666	-0.2204506239	0.1405870868	-0.1013108233	-0.0162205829	-0.0162964314	-0.0078083693	0.0704092414	-0.0154121683	0.0797342568	0.1625929373	-0.0279333974	-0.1576761331	-0.0734655204	-0.034222568	0.0921593674	-0.0412914627	0.1890384668	0.1366351827	0.1960910599	0.0243795616	0.032711421	-0.1011162192	-0.0107581222	-0.159813523	-0.122927014	0.0349145638	0.119168748	0.0848982309	0.0111710126	0.131981127	-0.0020302875	0.0541856262	-0.0088290577	0.0699311113	-0.0442601199	-0.1310868562	-0.0018517473489367	2.2666469021998936e-06	3.4289682442940967e-06	5.1376881792523734e-12	0.0179474551204066	-0.0050252813740599	2.5253452888473363e-05	0.000322111145299	0.0190066636932613	-0.0016340324243628	2.670061963869295e-06	0.0003612532647487	-0.0004850104782551	-0.0003490016621803	1.21802160204682e-07	2.3523516401724081e-07	-0.0004479886086132	-7.199171179009999e-05	2.0069379344719089e-07	5.182806566468821e-09	-4.710860642419672e-05	-8.30524768766165e-08	2.2192207992298683e-09	6.897713915340919e-15	0.0	0.0	0.0	0.0	0.0
921.5080454379256	2.2380992451787733	5.009088231269795	849177.077806826	987.8160965863397	-0.0976156795725273	975780.6406750728	0.0095288208984063	869.4271981827336	0.63341798930594	755903.6529398783	0.4012183491763799	870.7726343408485	784.484423807042	1.224987	16.332708	0.0383636055678217	0.021868062991808	0.0637572534	0.0722898594	-0.0751548417	-0.0032469525	0.0104452281	0.0264951004	0.0214010294	-0.0517215137	0.0643192468	-0.0200535105	0.0563228264	-0.2385126906	0.0699629894	0.0655776833	-0.002003117	-0.0414774321	0.1827932694	-0.1313313294	0.0673981575	-0.1081563692	0.0459002168	-0.0855136764	0.1141680623	-0.0353959569	0.1408386685	0.2867012943	0.1223833611	0.1853193283	-0.0801855763	-0.1490346353	-0.0379595872	0.1643186818	0.172165287	-0.1042503471	0.1554788481	0.0062926751	0.0735924025	0.0563092806	0.0272471095	-0.0070176961	0.0142842861	0.2945621276	-0.0948537376	0.0207784944	0.0618870647	0.0863390703	0.0836543821	0.0776275795	-0.152735313	-0.1134661886	0.2266675739	0.1858694345	-0.0148860293	0.176128033	0.0582605373	0.1675200572	-0.0600384429	-0.0510204334	-0.1192165669	0.0772485459	0.1213846748	0.0332010123	-0.0243017744	0.0995371141	0.1014649489	0.1175615579	-0.0100875706	0.0502419261	-0.1998230244	-0.1513047223	-0.0956360037	-0.0169172669	0.0309697967	0.1268110965	0.0872062954	-0.0421725502	0.1511602329	-0.1111053414	0.0901392757	0.0413342397	0.0142403064	0.1385794905	-0.0499642712	-0.1242038795	-0.0018536056787041	-1.8583297674e-06	3.4358540121240874e-06	3.4533895244049387e-12	0.0309510723791248	0.0130036172587182	0.0001690940618112	0.0009579688814178	0.019086034949467	7.937125620570071e-05	6.299796311670983e-09	0.0003642767300922	-0.0003949965731768	9.001390507829997e-05	8.102503107445197e-09	1.5602229282141514e-07	-0.000130510247974	0.0003174783606392	1.7032924826234973e-08	1.0079250947415393e-07	5.097430232091295e-05	9.808290874510968e-05	2.5983794971038315e-09	9.620256987901513e-09	0.0	0.0	0.0	0.0	0.0
923.2898892650798	1.781843827154148	3.174967424367342	852464.2196191233	987.9360212438248	0.1199246574851713	976017.582071079	0.0143819234729356	871.931162265916	2.5039640831823817	760263.9517303911	6.269836129867386	871.2878999213951	792.2980526411883	1.279451	17.058876	0.0785620970920047	0.0396482743709708	-0.0657370842	-0.15939474	0.1270709541	0.1278990051	0.033816554	0.0944393832	-0.0016271615	0.2442526364	-0.137724568	-0.1710090028	-0.0997891942	-0.0172218895	-0.2092507254	0.0742666444	0.0627488264	0.1757696278	0.061550534	-0.0882489513	0.0535453823	-0.1770183451	0.1599130995	-0.0543983497	-0.0270858544	0.1641399114	-0.0800679253	0.1313919125	-0.1198261976	0.0264762093	-0.07394038	0.0665744166	-0.1520636265	0.0442686918	-0.1775629868	0.0046284292	-0.0891896486	-0.0329860787	-0.2614855591	0.0300297184	0.2043880982	0.05779798	-0.0469850425	0.1129016192	-0.1040402224	0.0659731264	0.0735449129	-0.0478457842	0.0552800053	0.0355038301	0.0599724611	-0.0218417886	-0.2127888842	0.2206008931	0.0546786215	0.1204449289	0.1574011646	-0.028522474	0.1528474167	0.0026375361	0.0344665328	0.0165693644	-0.1007214188	-0.1894421205	0.181466835	-0.0942071659	-0.0779876473	0.0285664196	0.0003717198	0.1449606258	0.1115971984	-0.038699517	-0.1250606085	-0.0950154854	0.0275179696	-0.0296665304	0.0278560093	-0.1479104217	0.191765184	0.0594712259	0.0947014851	0.0277412804	-0.0584782337	0.0964474001	-0.055595093	-0.1165920251	-0.0018254210801558	2.8184598548300008e-05	3.332162119877168e-06	7.943715953288348e-10	0.0114790105519233	-0.0194720618272015	0.0003791611918023	0.0001317676832511	-0.0039502401472191	-0.0230362750966861	0.0005306699703302	1.5604397220701574e-05	-0.0002360135378512	0.0001589830353256	2.5275605521340984e-08	5.5702390049039816e-08	-0.0005939942947541	-0.0004634840467801	3.528292222004206e-07	2.148174616196579e-07	-4.7070126964763215e-05	-9.804442928567616e-05	2.215596852478929e-09	9.612710113953956e-09	0.0	0.0	0.0	0.0	0.0
923.6026651119992	0.3127758469194077	0.0978287304161527	853041.8830019877	990.3907972448012	2.4547760009763806	980873.9312671928	6.025925214969591	869.7214344400198	-2.2097278258961524	756415.3735244058	4.882897064539736	870.3719074428819	806.0241727417203	1.319549	17.593498	0.0396074859843725	0.0234170952496065	-0.1172503937	0.1718086671	-0.0597513722	0.1053069321	0.0267244734	0.034488798	0.165569395	0.1086521975	0.1902952912	0.0985899335	0.0339490157	-0.0982931203	0.1025615131	0.1055293384	0.0901332912	-0.1461077162	-0.0101388976	-0.183858679	0.2075678838	0.0001495814	0.1907797052	-0.0549417882	0.0511205013	0.0775678563	0.0380584758	-0.1645842243	0.0452143502	-0.0996942718	0.1134083409	-0.0974235521	0.0764342761	0.1665027375	-0.0135906468	-0.0195698685	-0.1080077234	-0.0728675571	0.1221116895	0.1502583012	0.1123676681	0.0604449925	0.1444637957	0.2172172614	-0.1383629366	-0.0091633834	-0.0819293878	-0.1362268881	-0.0409629028	-0.0039701884	0.1314952896	0.1242041409	-0.0218033866	-0.0627197637	0.0660382808	0.011115686	-0.0454497949	-0.1274521959	-0.0178714956	-0.1630461839	0.0038735482	0.044197597	0.2519820369	-0.0250240181	0.0720459338	0.0104473884	0.038850074	-0.1864583756	-0.1092909971	0.0577995861	0.1283621772	-0.0340192904	-0.0942199787	-0.0977118448	-0.1054791717	0.1024624545	0.0384427588	0.1239319478	0.0160688674	0.0683853905	0.011670075	0.1531991206	0.0202105317	0.0238554507	-0.0611443214	-0.1082959623	-0.0019184034986921	-9.298241853629994e-05	3.68027198379409e-06	8.645730156859654e-09	0.0250554204274493	0.013576409875526	0.0001843189051082	0.0006277740927962	-0.0038623600806175	8.788006660159949e-05	7.722906105901562e-09	1.4917825392347624e-05	-0.000447007027565	-0.0002109934897138	4.451825270160743e-08	1.998152826924967e-07	-0.0002879893512679	0.0003060049434861	8.29378664437059e-08	9.363902543799243e-08	-4.70642876905903e-05	5.839274172915812e-09	2.215047175822649e-09	3.4097122866481637e-17	0.0	0.0	0.0	0.0	0.0
922.4739868711956	-1.1286782408035378	1.273914571263369	850958.2564540388	986.8443683399872	-3.546428904813979	973861.8073243484	12.57715797690008	870.4902867924982	0.7688523524783477	757753.3394000857	0.5911339399114894	870.5484896722064	794.9494276030282	1.239839	16.530731	0.0524413746322892	0.0266167966253213	-0.0553634792	-0.1904620907	-0.0152671728	0.1451563439	-0.0433463701	0.0386356328	-0.1927923764	0.1598676883	-0.0195435657	-0.0285910238	0.2495541026	-0.0637610075	-0.0051275158	0.0184980941	-0.0849465354	0.2149576469	-0.0268368427	-0.177996796	0.0722902419	0.2942968357	0.151933173	0.1532839842	0.0376088343	0.0935752605	0.0429980129	0.0595426622	-0.0854170527	-0.0621257139	-0.0203980595	0.1957823128	-0.0852470703	0.006666411	-0.0374013013	0.0805640524	0.1519854585	0.0633820133	-0.1419224883	-0.0823057312	0.0359820645	0.1552480879	-0.1068839511	0.1875534898	0.0708736964	-0.1830162101	-0.2228064898	-0.1123688311	-0.0732450535	0.1776341886	0.0921351778	-0.0725368007	-0.1681316562	0.0469714209	0.0203627215	0.0234708804	0.0852234651	-0.1736436997	-0.0675015916	0.0669812838	0.0209389889	-0.0283783431	-0.1008914252	-0.2383311682	-0.1293331887	0.0313381983	-0.0169894647	-0.054362524	0.1144746501	0.0019997097	0.156332815	-0.1408529802	-0.1257967848	0.0185569066	-0.0668989041	0.2489320522	0.0135057865	-0.0293467916	0.1425707139	0.0013308448	-0.0954589317	0.0648491694	0.0451561829	-0.0860011603	-0.066603812	-0.0993643757	-0.0018325696227634	8.583387592870002e-05	3.35831142227519e-06	7.367454256943468e-09	0.0139142122348232	-0.0111412081926261	0.0001241265199914	0.0001936053021157	0.0008443305764274	0.0047066906570449	2.215293694111375e-05	7.128941222902255e-07	-0.0003149131589512	0.0001320938686137	1.7448790125359853e-08	9.917029768062377e-08	-0.0004680579865048	-0.0001800686352369	2.1907827873092757e-07	3.2424713396079745e-08	0.0003709260465925	0.000417990334283	1.375861320407415e-07	1.7471591955408958e-07	0.0	0.0	0.0	0.0	0.0
924.3187829115824	1.8447960403867685	3.4032724306266986	854365.212443149	992.335339086196	5.490970746208745	984729.4251993157	30.150759735720225	870.4917012743382	0.0014144818400154	757755.8019874917	2.000758875733547e-06	871.5963440067408	799.867434750361	1.30597	17.412455	0.0300489672734752	0.0198613830318037	-0.069124971	0.1928148768	0.0659942349	0.1483814184	-0.0186816866	0.2239982543	0.1247957315	0.0205257341	0.1010626059	0.0654231761	0.1077378396	-0.0200751506	0.0489308886	0.1140264413	0.1098014053	-0.0471699568	-0.0459743175	0.0128564145	0.230903832	0.2225604458	0.1832264376	0.0224600631	-0.0154206486	-0.0933405879	0.0059221615	0.1761831592	0.0059474479	-0.0415336175	0.1637870738	0.063918675	-0.084406075	-0.0967462138	0.0871045299	0.0918316983	0.170462676	-0.0597201568	0.0519178327	0.1977667067	0.0166162715	-0.0405834371	0.0154529671	0.1708910031	-0.0769247288	-0.0489052759	-0.2189717239	-0.1465432958	-0.1058111812	0.0280191176	0.0074148037	-0.0382874646	0.0730749424	0.0402276226	0.0460515079	-0.2325564429	0.2263678	0.0199187388	0.0650675879	-0.0194133381	-0.0307828564	-0.141047258	0.2725648368	-0.0261305051	-0.0259048702	0.031852543	-0.1116805028	-0.0042023585	-0.1122628582	-0.0333989853	0.0835771633	-0.2885197104	-0.2006164751	-0.0664011415	-0.0235841962	0.1699107714	-0.1075312678	0.0500068724	0.0993894652	0.0459271189	-0.0035937154	-0.0532522292	-0.0159167422	-0.083576537	-0.0719655524	-0.0898496795	0.0002787817799685	0.0021113514027319	7.771928084240516e-08	4.457804745817962e-06	0.0320377511079073	0.0181235388730841	0.0003284626612841	0.0010264174960522	0.0027084657275366	0.0018641351511092	3.4749998616009203e-06	7.335786597240365e-06	-0.0003069408620337	7.972296917499997e-06	6.355751814077996e-11	9.421269278599089e-08	-0.0003170568215149	0.0001510011649899	1.0052502806913117e-07	2.2801351828307e-08	0.0003709514216161	2.5375023600024936e-08	1.376049571990056e-07	6.438918227018224e-16	0.0	0.0	0.0	0.0	0.0
924.6158018285915	0.2970189170091544	0.0882202370612909	854914.3809911293	991.3907365237964	-0.9446025623996092	982855.5924651956	0.8922740008919077	871.7087587346684	1.2170574603302384	759876.1600547364	1.4812288617454898	872.2614182236764	799.4688341868767	1.56273	20.835821	0.1344126364728291	0.065866761504038	-0.0819045119	-0.1450404365	-0.0672738013	0.0293830528	-0.060857377	-0.0565487632	0.0499557826	0.1621738295	0.0042029769	0.0185263826	0.0779167183	-0.0429291192	-0.0710483497	-0.1188749967	-0.0107367003	0.0088142495	0.0112498266	0.0303911706	-0.4107123294	-0.0213389818	0.2694005669	0.2082068096	-0.0893896864	0.0276643624	0.3328121298	-0.0208833135	0.1286552236	-0.169319483	-0.1419265238	-0.0256870571	-0.0663987943	0.0630464336	-0.0037164312	-0.0400837437	-0.0916666561	-0.054163287	-0.0630228698	-0.1443766653	-0.0183655247	0.0384584287	0.1541492503	-0.0739271924	0.2435861856	-0.0142437179	0.1524706729	-0.337000166	-0.1456722413	0.3175885459	-0.3168950244	-0.1485779593	0.0030116644	-0.2066728822	0.0870810477	0.0013456192	-0.0725312342	0.1099560263	0.1221488169	0.0176216135	0.2365638775	0.2194733422	-0.2652889519	-0.1787255756	0.0546761376	0.5175508862	-0.0161207207	0.1046704599	-0.0236784538	-0.0806941782	0.194351021	0.1115487164	0.1484503454	0.0767845098	-0.1673604069	0.0464751959	0.0318322606	0.0167947766	0.2882920588	0.1028223796	-0.0397926879	0.0162671965	0.1377697003	-0.1092642504	-0.0772216734	-0.0798077096	-0.0154359252212259	-0.0157147070011944	0.0002382677874352	0.0002469520161333	-0.0036738549110282	-0.0357116060189355	0.0012753188044516	1.3497209907286024e-05	-0.0476234443284226	-0.0503319100559592	0.0025333011698811	0.0022679924497023	-0.0006499837618801	-0.0003430428998464	1.1767843113502725e-07	4.224788907078066e-07	-0.0002460428926702	7.101392884470003e-05	6.053710503351956e-08	5.042978089960118e-09	0.0001319199823724	-0.0002390314392437	1.7402881749134324e-08	5.7136028946914654e-08	0.0	0.0	1.0	0.0	0.0
929.2323905728998	4.616588744308274	21.312891634073843	863472.8356898263	986.5636646943934	-4.827071829402939	973307.8644952317	23.30062244621544	875.1334749528163	3.4247162181478643	765858.5989829915	11.72868117484501	876.45933867879	806.3237574154025	1.531842	20.423994	0.1179579635227275	0.0561971412150892	-0.1862749115	0.0375918085	0.2647101612	0.0568477668	-0.2741307879	0.3237715113	-0.0640509498	-0.0905713732	0.0588051339	0.2356391628	0.0347189887	-0.044594176	-0.3444058491	-0.0134761708	-0.1385920481	-0.2461284502	-0.1071799766	0.1841144058	-0.3649796072	0.1194610167	-0.0414837216	-0.0453943534	0.2948734151	0.0884944818	0.0776998735	0.0803647647	-0.040645992	-0.0839228921	-0.0285800323	0.21426355	-0.0723681952	-0.0312090362	0.0758364979	0.0839615684	0.0873097301	-0.0398274828	-0.21753222	0.0774599377	-0.3598670514	-0.2235083896	0.2506533913	-0.1308411993	0.2594180406	-0.1476700652	0.2700511774	-0.0633031046	0.200823596	0.2015153313	0.0901922551	-0.1661771438	-0.0494993318	0.1692217741	-0.1427311025	-0.0211446124	0.0669745735	-0.1348260715	-0.0611286867	0.0245055922	0.4326618949	-0.0812132287	-0.2218832659	0.103400715	0.0033805828	0.4293360877	0.0136110124	-0.1051983645	0.0835887759	0.0982802868	-0.1023368482	0.0349548179	-0.1167297028	-0.0901241991	0.2848674424	0.0551872224	0.0322984518	-0.0945751433	-0.3969946025	0.0910115942	0.0189649732	-0.0527151347	-0.0866906924	0.1442861159	-0.0823644609	-0.0692973963	-0.0019005213043357	0.0135354039168902	3.61198122823387e-06	0.0001832071591933	0.0400530382439967	0.0437268931550249	0.0019120411849909	0.001604245872575	-0.0349232670748875	0.0127001772535351	0.0001612945022712	0.0012196345831839	-0.0009729937947268	-0.0003230100328466	1.0433548131962621e-07	9.467169245768582e-07	0.0001940314842141	0.0004400743768842	3.7648216866326535e-08	1.936654571901049e-07	-6.490539184214687e-05	-0.0001968253742145	4.2127098901826255e-09	3.8740227934696415e-08	0.0	0.0	0.0	1.0	0.0
926.9864953328804	-2.245895240019422	5.044045429141898	859303.9625295363	993.4616561889648	6.897991494571329	986966.0623177208	47.58228665917839	873.6110639028599	-1.5224110499564176	763196.2909734867	2.317735405029402	874.8279413779248	820.8566463253042	1.660965	22.145592	0.0588599559441281	0.0353279314805226	-0.2347884744	0.0310237567	-0.040513769	-0.2730008039	-0.2481606775	-0.0436611377	0.1463779379	0.0808982533	-0.4010351482	0.1450521762	0.1118096212	-0.0430687541	-0.1833427082	-0.2246440368	0.2297076457	0.0011701871	-0.0149897569	0.0588100372	-0.0001417478	-0.0101670894	0.1752720355	-0.3581543452	0.1496764996	-0.0366633494	-0.2534968836	-0.1564368193	-0.0817822272	0.0379355734	0.0818636964	0.1400573846	-0.0844269485	-0.0254266395	0.0152153333	-0.0834251356	0.1711984227	0.0804691356	-0.1289599279	-0.1695833494	0.1404735365	-0.2930592372	0.0715379845	-0.0735393813	-0.1132295092	-0.2382143022	0.1843921906	-0.0682695148	-0.0220502403	-0.245245321	0.1365091979	0.2057719431	-0.0406812247	0.2619803353	-0.0360966014	0.0218844489	0.098592371	-0.0580730192	0.0227387268	-0.0613006607	0.2348010904	0.0878461421	0.1131840727	0.1616495513	-0.0193956422	-0.2374532713	-0.2629847988	0.2848384315	-0.0464062693	0.0225545457	0.0829725966	-0.0282948591	-0.0128005287	-0.1991190498	0.1700759706	0.2158170786	-0.1206859062	0.040325086	-0.2223842647	0.0774967973	-0.0526363696	0.2019607662	0.2693467655	0.2168687977	-0.0873863672	-0.0583804184	0.001950987317187	0.0038515086215226	3.806351511824528e-06	1.4834118661663688e-05	0.040088714579312	3.567633531530168e-05	1.2728009015298415e-09	0.0016071050366215	-0.0314963843267719	0.0034268827481156	1.1743525369332347e-05	0.0009920222256597	-0.0003669973597084	0.0006059964350184	3.672316792550099e-07	1.3468706203293672e-07	-0.0001260075872382	-0.0003200390714522	1.587791204159258e-08	1.0242500725605038e-07	3.997686647064306e-05	0.0001048822583127	1.5981498528116254e-09	1.1000288108790793e-08	0.0	0.0	0.0	0.0	1.0
923.22822384657	-3.7582714863103774	14.124604564813614	852350.3533068924	999.2146380256204	5.752981836655636	998429.8928446716	33.09680001288965	870.8328662140999	-2.778197688759974	758349.8808786644	7.718382397831261	872.71762896411	813.4942495184653	1.379075	18.387156	0.1055634269865281	0.0679336009440648	-0.1077867624	-0.0010350987	0.0299474936	-0.4043006288	-0.0185492442	-0.1622252233	0.0556127475	0.1038727152	-0.0363918818	0.0629436312	-0.0698460371	0.0938705696	-0.0340564535	0.0063790721	-0.0482811053	0.0520492103	0.0579248237	-0.1316692188	-0.299568239	-0.0640410969	0.1610280092	-0.1120228785	0.0214779131	0.1527439015	-0.1538607499	-0.1432265875	0.1063079443	-0.0315788011	-0.0605124797	-0.1733649398	-0.0600863298	-0.0084418544	0.0601605183	0.0872859619	-0.1390020726	0.0234187715	-0.0228086864	-0.0602641895	0.0895073714	0.1465678278	0.1299502902	-0.0853482105	0.1052240517	-0.0705300406	0.2602268601	-0.0648510372	0.0790446284	0.0071503688	-0.0308960011	0.4129668568	0.01947595	-0.1510372746	0.0920180264	0.2080524111	-0.0252486192	-0.0214099216	-0.0048800236	-0.0050644236	0.2837923162	0.1197496154	-0.1738700292	0.2922266444	0.0909180139	-0.1958521813	0.3026776452	-0.0186297695	0.0528480279	-0.1204154828	0.1791219183	0.061470737	0.0458722836	0.0202206443	-0.070375686	0.0653759113	-0.1948212407	0.0786838495	0.0745356777	-0.1358197622	0.2693455552	-0.1263161776	-0.1375323474	0.053451646	-0.092280022	-0.0471208409	-0.0019144313869929	-0.0038654187041799	3.665047535503559e-06	1.4941461758623816e-05	-0.0235192517819911	-0.0636079663613031	0.0040459733846206	0.0005531552043846	-0.0090082140660996	0.0224881702606722	0.0005057178016729	8.114792066067469e-05	-0.0003159774455561	5.10199141523e-05	2.603031640108061e-09	9.984174610015813e-08	-0.000207034613769	-8.10270265308e-05	4.2863331298479e-08	6.565379028422967e-09	0.000219967358995	0.0001799904925243	4.83856390232352e-08	3.2396577399160593e-08	0.0	0.0	0.0	0.0	0.0
922.142500275896	-1.085723570673963	1.1787956719170198	850346.790815081	985.2535579008214	-13.961080124798968	970724.5733562273	194.9117582510568	870.8425211140529	0.0096548999530341	758366.6965802797	9.321709310309876e-05	871.239373948139	787.5492513258016	1.436503	19.152845	0.068967829138554	0.0628915972455757	-0.01044145	-0.0349125215	0.107094101	-0.0346745199	-0.2187590463	0.1295323021	-0.2149575038	-0.1188165953	0.0852195733	0.1545007584	0.0916951776	-0.1285721378	0.0079670693	0.0554444227	-0.2633083239	-0.0766024807	0.194631373	-0.0172088793	-0.0705859109	0.1523911873	-0.0022227477	-0.1231567308	0.0866759417	-0.0870709483	-0.0221871132	-0.1448007664	-0.0453243268	0.0737419242	-0.0062966431	-0.1848379024	-0.0079775254	-0.2389734239	0.0169595961	-0.0476748338	0.0018009214	-0.0172606159	-0.0218782234	-0.0258591244	-0.2587991877	0.050555149	-0.068474966	0.2457578448	0.1283831083	-0.1142843304	0.0616566835	0.0405564003	0.0140370146	-0.0658869392	0.0277296289	0.2281057959	0.0938336849	-0.0914539273	-0.167154262	0.0763677981	-0.1424326356	-0.0724141601	-0.0170989247	0.0801074601	0.1794786319	-0.1216436648	-0.1246667397	0.2661228287	-0.3213931724	-0.1443443048	0.1691404282	-0.1031524204	-0.0564267894	0.0648122987	-0.1231057521	-0.1645075811	-0.0142630656	0.0195324216	-0.0634578759	-0.0311998835	-0.1599695499	0.149655713	0.2552574399	-0.0685323851	0.0343799722	0.0562777008	-0.0835140768	-0.0001113547	-0.0970382431	-0.0355847396	-0.0019496543713728	-3.522298437989998e-05	3.801152167813068e-06	1.2406586286266778e-09	0.0386792617066333	0.0621985134886244	0.0038686550801945	0.0014960852861702	-0.0090169349227693	-8.720856669698976e-06	7.605334105343311e-11	8.130511540145659e-05	-0.0003339653586945	-1.7987913138400034e-05	3.2356501907462457e-10	1.1153286080794607e-07	-0.0002070562026963	-2.1588927299998846e-08	4.287227107501127e-08	4.660817819646355e-16	0.0003364652931069	0.0001164979341119	1.1320889346551213e-07	1.3571768652340596e-08	0.0	0.0	0.0	0.0	0.0
924.265995442488	2.123495166591965	4.509231722539438	854267.6303312933	994.5481740614948	9.2946161606734	989126.0705290536	86.38988957425113	871.9053174349929	1.062796320939924	760218.8825714156	1.129536019803438	872.9937647245424	797.1232693660651	1.243162	16.575031	0.0754834161798488	0.0423712006176908	-0.058849275	0.0757284624	-0.0128979402	0.0431932495	-0.1372640032	0.091571108	0.1280425141	-0.0410639968	-0.1700798978	-0.1077228774	0.2747068973	-0.0565841996	-0.1143725611	-0.0207360127	0.2024075144	-0.0553940365	0.4118316294	0.0507069232	0.0426532806	-0.0383925303	0.087933548	0.0434580971	-0.0517750971	-0.2661783652	0.0548664449	-0.1591476364	0.0329853388	-0.0967010528	0.1304729017	0.0699497414	-0.0020706488	0.0398124677	0.0084932193	0.0320089362	0.0130181458	0.1888943026	-0.0812465616	0.0280993687	0.1211214958	-0.281108918	-0.0859270853	0.2793716357	0.1670072713	0.0108989511	0.1549169073	0.0093203107	-0.099376329	-0.1836450613	-0.1470206791	-0.0447372873	0.0734893643	-0.1806987728	0.0626845729	-0.1717801966	0.0456889464	-0.0559700908	0.0624164441	-0.1176383107	0.1492616715	0.068813806	0.0155022653	0.2077209757	-0.1538147096	-0.0710649365	-0.095949694	0.2452756993	-0.0046452744	0.2099491464	-0.1846090184	0.101587619	-0.0219235468	0.0874708596	-0.0391586689	-0.0401198708	-0.0173169955	-0.1677607724	0.2176493255	0.0757739061	-0.191385579	0.0390827116	-0.1634908003	-0.1375486533	-0.1016540472	-0.023839813	-0.0019425390416358	7.115329737000103e-06	3.773457928279332e-06	5.062791726623796e-11	0.0708787097991461	0.0321994480925127	0.0010368044574624	0.0050237915027915	-0.0252184596399729	-0.0162015247172036	0.0002624894031621	0.0006359707066129	6.50200873217086e-05	0.0003989854460162	1.5918938613275294e-07	4.227611755322612e-09	-0.0002069936615276	6.25411686999949e-08	4.284637591260263e-08	3.91139778236122e-15	0.0001940067194839	-0.000142458573623	3.7638607204904656e-08	2.029444519869972e-08	0.0	0.0	0.0	0.0	0.0
923.8852214441856	-0.3807739983024021	0.1449888377831977	853563.9024029719	988.169676657284	-6.3784974042108615	976479.3098649612	40.6852291355247	871.8127876242207	-0.0925298107721346	760057.5366651146	0.008561765881527	872.0409988667924	812.6735230678104	1.284997	17.13282	0.0702594363382172	0.0543434892567264	-0.1386636448	-0.0986676411	-0.0392454396	-0.1232725579	0.0478750433	-0.0630515583	0.0188304448	0.2125246343	-0.0296861707	-0.0541218695	-0.071848719	-0.1663351362	-0.0970586372	0.0041823641	0.0468778887	0.109210382	-0.0653636277	-0.076769113	-0.0655232904	-0.2787771891	-0.0237076907	-0.0523953169	-0.0260862697	-0.0867448567	0.2046978992	0.0579564756	0.0060203207	0.0743818334	0.125598772	-0.0655716969	0.0051599035	-0.1906928517	0.0398266464	-0.1713608965	0.096601279	-0.1247266746	-0.0920078564	-0.0100393711	0.1680376617	0.1112687568	0.07570621	-0.0314103292	-0.0943162774	0.042389881	0.1742196704	-0.0116497545	0.0059021737	-0.0901182709	0.0464575558	-0.2005958531	0.1703312136	-0.0053282956	-0.0417826981	0.0566927134	-0.0399809149	-0.0003764314	0.0076619789	0.0849676152	0.1258463405	0.0890789983	-0.0695645356	0.0046308215	0.0391972977	-0.2783656259	0.0159238785	-0.0011025245	-0.2480160413	0.1404337209	0.0067172034	0.0959718959	0.0442797745	0.0273966091	0.0433769932	-0.1253881524	0.0584904697	-0.0346932771	-0.0093741937	0.0498360063	-0.0335726588	-0.0254566998	0.0975537536	-0.2439726485	-0.10612066	-0.0119549848	-0.0018370843044976	0.0001054547371381	3.3748787418314305e-06	1.1120701584886844e-08	0.0180944118603179	-0.0527842979388281	0.0027861821088949	0.0003274077405708	-0.0252844605203392	-6.600088036630078e-05	4.356116209126748e-09	0.0006393039438045	0.0002680344480061	0.0002030143606843	4.121483064409215e-08	7.184246531793474e-08	-0.0002069550234171	3.8638110499988633e-08	4.283038171757241e-08	1.4929035830093314e-15	0.0003370273763267	0.0001430206568428	1.1358745239365907e-07	2.045490828374596e-08	0.0	0.0	0.0	0.0	0.0
921.1165828392452	-2.7686386049404064	7.665359724766359	848455.7591814481	994.6174702363857	6.447793579101699	989263.9120994275	41.574042038705095	869.2544280531492	-2.558359571071492	755603.2606900076	6.545203694893107	870.9217691838888	801.6997434652325	1.275505	17.006269	0.0604043619365214	0.0390606655682214	-0.0645797811	0.1511460855	-0.0135153498	-0.072746608	-0.17173349	-0.0660473211	0.0798541353	-0.092579125	0.1097385899	0.0374327276	0.0581476537	0.0282362127	0.2105121098	0.0581200644	0.1233923009	-0.1291278992	-0.1653455123	0.0101763529	-0.031089071	-0.0041105994	0.2049031011	-0.0201796001	-0.0655830858	-0.1469330884	-0.0263660685	-0.0388747995	-0.1714161517	0.1734375754	-0.0841781298	0.0992266333	-0.1564680205	0.0720595099	-0.1174859143	-0.1462605959	-0.0697852938	0.0421896108	0.2170701054	0.1081293755	0.0122174496	-0.023882363	0.0430410742	-0.0591076291	-0.0991181104	-0.1893670954	-0.0443243005	-0.1235080731	-0.1022772369	-0.0795344017	0.0377911529	-0.0090889485	-0.0935214429	0.0141150806	0.0144781118	0.1661827375	0.183811938	0.0533740392	0.0943266699	0.0325192022	0.0897696019	-0.0180319704	0.104934413	0.1528136818	-0.0139771501	0.0099973708	0.050174895	-0.1073467086	-0.060771115	0.1326158811	0.1494807822	-0.0993946042	0.1804538525	0.1084601541	-0.1006558897	-0.0194064894	0.2076318914	0.1206889405	-0.1377564429	0.1247824677	-0.1026425681	-0.0018955874	0.0781939897	-0.1546440964	-0.1104315261	-0.0	-0.0019493309952451	-0.0001122466907475	3.799891329023252e-06	1.259931958376492e-08	0.0417060854136224	0.0236116735533044	0.0005575111279878	0.0017393975605283	-0.0151361867080197	0.0101482738123195	0.0001029874613698	0.00022910414806	-0.0002619656305377	-0.0005300000785438	2.809000832564342e-07	6.862599158301474e-08	-0.0002070438374752	-8.881405809998533e-08	4.2867150636457034e-08	7.887936916187568e-15	0.0003364729113256	-5.544650011000117e-07	1.1321402005592509e-07	3.07431437444836e-13	0.0	0.0	0.0	0.0	0.0
919.2660972235216	-1.8504856157236416	3.4242970140001057	845050.157504565	987.859092577766	-6.758377658619679	975865.5867885672	45.67566857652962	869.8120811739116	0.5576531207623248	756573.0565560913	0.3109770030959599	870.5918909981663	789.7527449085717	1.297098	17.294161	0.0158210302783965	0.0098246185443066	0.0613252998	-0.1584911014	-0.1677203879	-0.1602303005	-0.1008772984	-0.1651466231	-0.2169114569	0.0419999228	0.0548324488	-0.0338728497	0.1933147834	-0.036221606	0.1142524773	-0.0778892111	-0.2004790022	0.1396884623	0.0207069901	-0.0097215482	-0.1262442117	-0.0388715771	0.2044512502	0.0708045569	-0.0011753969	-0.1094444033	-0.0428593557	-0.0383143363	-0.0335751787	0.0886335218	0.1274228092	-0.1787461212	-0.0053873187	0.0913817477	-0.0662949799	-0.0251151159	0.0248406686	0.0858152125	0.0251091774	-0.1981489857	-0.0420336958	0.1725238945	-0.0903251341	0.048415248	0.1203100792	-0.0204355903	-0.0624026235	-0.2056437922	-0.0760700535	-0.1009561615	-0.0052748731	0.0858494488	0.212790374	0.0932512518	0.0313416126	0.1721270771	0.0446973485	0.0012172136	0.0866087001	-0.1861884387	-0.0563253699	0.0311040007	-0.1204003536	0.0157182204	-0.2961998925	-0.133601582	0.0122125634	0.0466713294	-0.0163752563	-0.1075854745	0.0373595053	-0.0964368846	0.0420393068	0.133577125	-0.1811302208	0.1043720053	0.1978452379	0.0898261408	-0.1898973186	0.0782690685	-0.1255386461	-0.0341234216	0.0318833702	0.022043473	-0.1145803187	0.0119549848	-0.0019439856107226	5.345384522500128e-06	3.77908005469652e-06	2.8573135693383924e-11	0.0369986057643956	-0.0047074796492267	2.2160364647884456e-05	0.0013688968285091	-0.0065786880485774	0.0085574986594423	7.323078330635675e-05	4.327913644049512e-05	-0.0002109648379353	5.1000792602399965e-05	2.601080846073015e-09	4.45061628450674e-08	-0.0002070355126528	8.324822399979155e-09	4.286370349940772e-08	6.930266799119471e-17	0.0003364779256049	5.014279299989186e-09	1.132173944193766e-07	2.5142996898300042e-17	0.0	0.0	0.0	0.0	0.0
920.3402021747032	1.0741049511816527	1.153701446152941	847026.0877389736	989.962492460363	2.1033998825970457	980025.7364783344	4.424291066109266	869.0831618234902	-0.7289193504213927	755305.5421651148	0.5313234194187451	870.3497219825953	786.1523243536809	1.469819	19.597044	0.0562806002517746	0.0301488166154318	0.0488804174	0.1237292316	0.1935004015	0.0583147591	-0.0379713829	0.1553421411	0.0136846021	-0.2421649728	0.0961382884	-0.1414865342	-0.0015922402	0.0439258731	0.0922738987	0.3050351383	-0.0290119428	0.0022103248	0.144869577	0.2473126074	-0.0919354986	0.0895586213	0.1373977676	-0.1793487613	-0.1003976796	-0.0206065889	-0.0322883392	0.0368889838	0.0049766663	0.1279876754	0.1059728761	0.0188543018	0.1013630052	-0.025028257	-0.1636289717	0.147229905	0.2192802303	-0.2288577581	0.0765999268	0.2801867772	-0.1092115603	-0.0352959635	-0.2355155833	0.0590171341	0.0379881871	-0.0078838155	0.0528493601	-0.0548350888	-0.1685870113	0.0326678019	0.0115149726	0.1728803191	0.1536907986	0.1263965483	-0.0593723274	0.0811864444	0.0008169011	0.0871633357	-0.0659127598	0.0674242893	-0.0012340882	-0.2702384635	0.004962887	0.1557661043	0.0516937431	0.0720468266	-0.1149421484	0.0425419906	-0.0810589317	-0.0236558453	-0.0754857245	-0.0897867543	0.0650239246	0.2024600744	-0.0489084774	-0.1115158093	0.1255027623	-0.1238387108	-0.0619268872	0.0003816481	0.0021030489	-0.1147983265	0.0210134862	-0.0736366918	-0.1185609488	0.023839813	0.0040857680177737	0.0060297536284963	1.669350029506243e-05	3.635792882036429e-05	0.0514628919094377	0.0144642861450421	0.0002092155736856	0.0026484292436824	-0.0042712755561211	0.0023074124924562	5.324152410343394e-06	1.824379487631761e-05	-0.000434890318488	-0.0002239254805526	5.0142620840757617e-08	1.8912958911459405e-07	-0.0006525735828886	-0.0004455380702357	4.258522810840645e-07	1.9850417202944057e-07	0.0003363585166778	-1.19408927099949e-07	1.1313705174168988e-07	1.4258491871160934e-14	0.0	0.0	0.0	0.0	0.0
920.7650884863376	0.4248863116343955	0.1805283778142806	847808.3481752531	987.10134008071	-2.861152379653049	974369.0555891334	8.186192939594306	869.5268817170296	0.4437198935394235	756076.9980285412	0.1968873439226373	870.122123825363	784.9199110106895	1.399032	18.653248	0.0716715177172453	0.0368788094548761	0.0875985139	0.004876684	-0.2580335511	0.0896212918	0.1014943972	-0.1717152255	0.0290462462	0.0004172414	-0.0100910247	-0.1035534132	-0.11042698	-0.2501321335	0.1369761521	-0.1115961571	-0.0252471465	0.0744095983	0.1723447772	-0.1035898018	-0.0057228386	-0.0910495837	0.0012141383	-0.091276425	0.0300581537	0.1362691647	-0.0120125052	0.2421787546	0.0816777614	-0.0591624928	0.1882218377	0.0500855316	0.0196528694	0.061953979	0.0211587781	0.0496412448	-0.1131480765	-0.1604938462	0.1296168627	-0.1279961304	0.1243079676	0.0297125572	-0.0300163237	0.1666786323	0.0065534182	0.1819611219	0.100313549	0.0500553582	0.0868949674	0.1361260502	-0.0372881161	0.026868628	0.1201732078	0.2394219562	0.1196619295	-0.0850753351	0.005623405	-0.1174441217	0.0234170011	0.1636055635	-0.1160266524	0.2698189045	0.0217260089	0.0565572573	0.0445567751	-0.0139367196	0.0469862041	0.0092287514	0.0582470915	-0.0081875826	0.0858703068	-0.1824522283	-0.1440612871	0.1561279111	-0.0089665061	-0.1050768744	0.1265817808	-0.2304435498	-0.1149886013	-0.1853341395	-0.0630348474	-0.0140406571	-0.0538896714	0.1266722935	-0.1223675745	0.0355847396	-0.0019387938967838	-0.0060245619145575	3.758921774206113e-06	3.629534626233673e-05	0.0279165588837599	-0.0235463330256778	0.0005544297989561	0.0007793342599104	0.0125965863164339	0.016867861872555	0.0002845247641515	0.0001586739868273	-0.0004939647305999	-5.90744121119e-05	3.489786166366597e-09	2.440011550766318e-07	-0.0002070831809892	0.0004454904018993	4.288344384860576e-08	1.984616981844889e-07	0.0003364489207556	9.040407779998227e-08	1.1319787627760801e-07	8.172897282865246e-15	0.0	0.0	0.0	0.0	0.0
921.874884068634	1.1097955822963286	1.231646234484447	849853.3018765573	988.29996732824	1.1986272475299984	976736.8254210002	1.43670727852134	870.6592691451157	1.1323874280860764	758047.562948307	1.282301287287399	871.5906728780732	791.426285659711	1.370793	18.27673	0.0693428089680963	0.03637693315996	0.0353901661	-0.1329254409	0.1947477842	0.1994882955	0.1021352709	0.1792694421	-0.0989290674	0.0303566212	-0.0137780083	-0.1170233745	-0.0993688422	0.0437630089	-0.1011637953	0.1843242022	0.0156960545	0.1233588347	0.1559355513	-0.0001519669	0.1479757293	0.1473507259	-0.0837209287	-0.0750012256	-0.0079828238	0.1019867352	-0.0199384028	-0.1211069324	0.0959849825	-0.0391733505	-0.1782168157	0.0933302929	-0.0877261809	0.0314258865	-0.0023366784	-0.1258022295	-0.0928301419	-0.0185156077	-0.1699295298	0.1248696064	0.0274283525	0.0415669351	-0.1535768736	0.0703170781	-0.0310364698	-0.0635395399	0.0393761902	0.1752863219	0.0592795562	0.131083442	0.0634306687	0.1256078986	-0.1312070849	-0.0970998419	0.112631758	-0.0795226437	0.0692285718	0.1287351699	0.030082245	-0.0473585971	0.018561035	-0.1819260366	-0.1303877047	-0.1177855147	0.0293518421	-0.1266133971	-0.0075819817	-0.0365759891	0.0114131927	0.2348652495	-0.0052105366	0.0694159282	-0.074755931	-0.0621573081	-0.0437106094	-0.2091745152	-0.0033622969	-0.2004418645	0.0045452814	0.0100439762	-0.0909580291	0.0361710003	-0.0057962112	0.0953037134	-0.1259946088	0.0471208409	-0.0051073564973478	-0.0031685626005639	2.6085090391000784e-05	1.0039788953692897e-05	0.0180788130784037	-0.0098377458053562	9.678124253080353e-05	0.0003268434823238	-0.004313964924421	-0.0169105512408549	0.0002859667432695	1.8610293369134683e-05	-4.090867467327592e-05	0.0004530560559266	2.052597898117883e-07	1.6735196635239267e-09	-0.0005420065714321	-0.0003349233904429	2.9377112347558016e-07	1.1217367746576725e-07	0.0003369884608125	5.395400569000006e-07	1.1356122272077785e-07	2.911034729996559e-13	0.0	0.0	0.0	0.0	0.0
921.4907779436592	-0.3841061249747781	0.1475375152431398	849145.2538352102	995.9503714168771	7.650404088637174	991917.1423254156	58.52868271943639	870.2632995368285	-0.395969608287146	757358.2105207277	0.1567919306870758	871.6850259341453	789.7645006591586	1.365102	18.200851	0.0618276501776488	0.0336146689932483	0.0490090869	0.1840463641	-0.1090386229	0.1022060267	0.1133961163	-0.0871819148	0.1804814584	-0.0117781874	0.1821519838	0.101039693	0.0203688649	0.0096428369	0.1091628996	-0.0112122441	0.0326717594	-0.1712644267	-0.0056967802	-0.1524323292	0.0406702053	-0.0194054565	-0.1323411482	0.0397537118	0.0188435775	-0.0653877497	0.0776337952	0.0825513519	-0.1125321104	0.0978339347	0.051090098	0.0056053835	0.070584474	-0.2315671813	0.1024394713	0.1928538609	0.126127642	0.0005789963	0.1690250562	0.0425836408	0.0130878679	0.0228200275	0.1597942818	0.1297212119	-0.0107542993	-0.011109019	-0.0476430021	0.073855983	0.0098778058	-0.0871138898	0.0017820145	-0.1410572636	-0.0675423666	-0.0165730242	-0.1340003124	-0.0150294408	-0.0706123333	0.0394328754	-0.0109890537	0.0547324915	-0.0536981119	0.001037187	0.1736399415	0.0620794063	-0.0827127322	0.1226182803	0.0742236674	-0.0008876528	-0.1224268667	0.0526436717	0.1250716484	0.0095476592	-0.0311711087	-0.0328901401	-0.1291237152	-0.2545263382	-0.0062573252	-0.0635199881	-0.0890081205	0.002760856	-0.0993147929	0.2238541327	-0.0665002165	-0.0176115207	-0.1294367287	0.0583804184	-0.0019417100479302	0.0031656464494175	3.7702379102331e-06	1.0021317442710255e-05	0.0334717651663112	0.0153929520879075	0.0002369429739806	0.0011203590633486	-0.0003709068357835	0.0039430580886374	1.554770709036961e-05	1.3757188083092825e-07	-0.0004919651679604	-0.0004510564932871	2.0345196013647734e-07	2.4202972648630455e-07	-0.0002070825227675	0.0003349240486646	4.2883171235752165e-08	1.1217411837388737e-07	0.0003364491317305	-5.393290820000156e-07	1.1319801824220736e-07	2.908758586909795e-13	0.0	0.0	0.0	0.0	0.0
921.5482904303512	0.0575124866920759	0.0033076861255062	849251.251595103	991.1483885821174	-4.8019828347597695	982375.128188928	23.05903914532747	870.9462995380935	0.6830000012649862	758547.4566790985	0.4664890017279711	871.7577400491023	786.0829621020171	1.263726	16.849213	0.0546071842761554	0.0311789273447184	0.0905892042	-0.1227043925	0.0541751778	0.0312114771	-0.0788219405	0.0399292592	-0.1016429337	-0.120231388	-0.1566011839	0.0003562046	-0.0955189925	-0.012857769	0.0030644594	0.0025383151	-0.1127911127	-0.0508549383	-0.0685439767	0.2225987961	0.2308688189	-0.2140714762	0.1918041281	0.2389849394	-0.1240717693	0.0291766168	-0.0994325795	-0.0016369987	-0.1856770947	-0.0272509112	-0.1885022494	0.0511796204	0.1276558136	0.0804344128	0.1266319032	0.051483114	0.1234884654	-0.0562794334	-0.0433125136	-0.0485467962	-0.1510036426	-0.0287645897	-0.1201581787	-0.0175689135	-0.1656918718	0.1714716675	-0.0824333349	-0.2705956597	-0.0530157469	-0.0981963556	-0.0684316722	-0.043288619	-0.2836923358	0.0078512526	-0.073345048	0.1209911781	0.1031384873	0.0843090299	-0.098065777	-0.0739198625	-0.0868809493	0.0197464734	-0.1396193104	-0.0031677926	0.0064663761	0.0325915951	-0.2767516254	-0.0245545658	-0.1072580387	-0.1615037386	-0.1060629226	0.0384485879	0.0650668448	-0.1529328084	-0.2560396565	-0.1192105755	-0.0432226281	-0.0466933143	0.0222114959	0.0184701821	-0.0517019092	-0.0724000109	-0.0598759857	0.1264277614	-0.1326888823	0.0692973963	-0.0017966757718568	0.0001450342760734	3.228043829177228e-06	2.1034941236135237e-08	0.018049331623942	-0.0154224335423692	0.0002378514563687	0.000325778372071	-0.0041851320242329	-0.0038142251884494	1.454831378820186e-05	1.751533006025977e-05	-5.991926380043191e-05	0.0004320459041599	1.8666366330140426e-07	3.5903181743857505e-09	-0.0004790098147779	-0.0002719272920104	2.294504026535581e-07	7.394445214010935e-08	0.0003369857609454	5.366292149000008e-07	1.1355940307995029e-07	2.8797091428419133e-13	0.0	0.0	0.0	0.0	0.0
923.2327406598027	1.6844502294514996	2.8373725754992094	852358.6934262105	990.3718097462372	-0.7765788358801728	980836.321540037	0.6030746883370044	870.841616892444	-0.1046826456495182	758365.1217118462	0.0109584563001826	871.9782546757667	786.3223233264139	1.184593	15.794133	0.0125471392573839	0.0123336088188702	0.0586285753	0.1109086532	0.0539116622	-0.0993890007	0.2025751174	0.0756403243	0.105493301	0.0597910174	0.0950710553	-0.1086699522	-0.0447738781	-0.0371306968	0.0155921605	0.089715908	-0.0200435494	0.0209395752	-0.1746762433	0.0617663181	0.0414748561	0.0407942833	0.0484477174	0.1342666506	0.0120075139	0.1688191431	-0.0848323677	-0.0322104819	0.0492127866	-0.0155785272	0.0984782642	-0.0028498001	0.0747096539	0.1149179945	0.1189845296	0.0327356475	-0.0012739152	0.2626523831	0.0099928464	0.1196687677	0.04205134	0.0754362932	0.0186862808	-0.0931087373	0.0867871963	0.1445774235	-0.1979365764	-0.2148770056	0.1084185721	0.0342701188	0.1517575938	0.0101478755	-0.0658506239	0.0751059632	-0.0221570783	-0.1065066509	-0.1261867707	-0.1470101239	-0.1187373342	-0.1441602825	-0.0557797738	-0.075514779	0.0533071578	0.0764634803	0.0336741948	-0.0479272818	-0.0142453946	-0.1316081249	-0.0656359374	-0.2748394191	-0.0316795652	0.2516855849	-0.0899259133	-0.1006483454	-0.1474189565	0.0092915991	0.0119332237	-0.3192143259	0.0154487357	0.0239961599	-0.0278167153	0.1573027019	0.0303570572	0.1981127812	-0.1357462967	0.0798077096	-0.0017648637031157	3.181206874110004e-05	3.1147438905752618e-06	1.012007717588474e-09	0.0180878684259795	3.853680203750112e-05	1.4850851112775507e-09	0.0003271709841955	-0.0041859626097817	-8.305855487998268e-07	6.898723538751094e-13	1.752228297049042e-05	0.0001805820501842	0.0002405013139846	5.78408820283345e-08	3.2609876848728925e-08	-0.0004879693823529	-8.959567574999972e-06	2.381141181138707e-07	8.027385113099089e-11	0.0003370440754069	5.8314461500016876e-08	1.135987087668921e-07	3.4005764200369502e-15	0.0	0.0	0.0	0.0	0.0
924.6583978259464	1.425657166143651	2.0324983553767457	854993.1526700462	988.0096594866584	-2.3621502595788115	976163.0872389426	5.579753848828247	872.3196747537721	1.478057861328125	760941.6149625268	2.184655041433871	873.0714656284878	794.0136855657443	1.175541	15.673445	0.0351032174065397	0.0234198720460451	-0.0166959158	-0.0652945066	0.0672466384	0.0577114449	-0.0500330212	0.1811279381	-0.1600022739	-0.1294045885	-0.0625077462	0.1846741649	-0.0055534703	-0.071049132	-0.0701788396	-0.0697912222	-0.1679218102	-0.0405342805	-0.0543003318	0.1415268344	0.1344730427	0.2338391844	0.0470889563	0.0202251546	0.0765561779	-0.0727482896	0.010340977	0.0829217926	0.1695928738	-0.1105855023	-0.0601123304	-0.0913429932	0.1653434533	0.1938857339	0.0190004415	0.0658437304	-0.0148875047	-0.1202027663	-0.0878282571	-0.0506055516	-0.2676330475	-0.0537017304	-0.0409581205	0.0567707406	-0.0452570713	-0.0156527418	-0.2288393576	-0.0703714136	0.0662393696	0.1316706517	-0.033435766	0.0878084428	0.0771203965	-0.0094998259	-0.0329817027	-0.0990265688	-0.0698126334	0.0513313719	-0.2577355976	-0.0611423221	0.0501027536	-0.0965276431	-0.0510704202	-0.0255471508	-0.1589495843	0.0873017003	-0.0494634439	-0.126664597	0.0517332878	-0.1810701257	-0.1544710494	-0.1338648634	-0.0033990845	-0.1660226069	-0.1719501577	-0.0895523217	0.0598328364	-0.1487010058	0.022900828	-0.1438189904	0.0729317798	0.0169824183	0.092017847	-0.0049074433	-0.1386044847	0.0898496795	-0.0019176956047601	-0.0001528319016443	3.677556432516205e-06	2.3357590160243544e-08	0.0180687644259478	-1.910400003170276e-05	3.6496281721129906e-10	0.0003264802478803	-0.0188589696163603	-0.0146730070065786	0.0002152971346151	0.0003556607349908	-0.0002219177286122	-0.0004024997787964	1.6200607193115096e-07	4.924747827239805e-08	-0.0004900369018254	-2.0675194724999743e-06	2.401361651506367e-07	4.274636769166572e-12	0.0003364458837101	-5.981916968000184e-07	1.1319583266547013e-07	3.578333061204852e-13	0.0	0.0	0.0	0.0	0.0
927.6071079766072	2.9487101506607587	8.694891552609795	860454.9467687249	996.4982780007756	8.488618514117206	993008.818058511	72.05664427821341	873.4983194380844	1.178644684312303	762999.3140611578	1.3892032918576485	874.4019320902994	806.6882220121657	1.265041	16.866751	0.1235449111923264	0.0663845764946132	-0.1146561757	0.1062411824	-0.0095279745	-0.0619622659	0.0446606616	0.1272633024	0.1550337156	0.0697614967	-0.0181037116	0.0191009886	0.2944914168	0.0758625351	-0.1505026578	-0.0945513969	0.0681280124	-0.0758243458	-0.0009361553	0.0044834914	-0.0389586564	0.1599534334	-0.0911959545	-0.0363635892	-0.0849031991	-0.3279736979	-0.1497378878	0.1940729438	-0.0642467689	0.0134901524	0.1965033611	-0.1301295419	0.1559286359	0.1809400906	0.0156536552	0.1251789526	-0.2465650658	0.1635107	-0.0974827779	0.0148097973	0.0533860096	-0.1504843039	0.0976963101	-0.0215864601	0.1540724996	0.0023301361	-0.1906653415	0.0052750441	-0.1518395091	-0.1795159114	-0.0992738541	0.096737973	0.280721938	0.0888731464	-0.1592942095	-0.1680320889	-0.0876229793	-0.0388740898	-0.0423493341	0.0581968374	0.1114551821	-0.0392369189	0.1469917953	-0.0171404113	-0.0477706178	0.0175225972	-0.2002916468	0.1752863776	0.0251877518	-0.229055314	0.0053307131	0.0972350694	-0.2784417729	0.0484168588	-0.0430983903	-0.1123576608	0.1659999716	0.1846555348	-0.0750367926	-0.0251060706	0.2765520715	-0.1240731506	0.167500566	-0.0880096288	-0.1412592515	0.0993643757	0.0004064125132572	0.0023241081180173	1.6517113093203377e-07	5.401478544233916e-06	0.0709563217511828	0.052887557325235	0.00279709371983	0.0050347995964573	-0.0516713482502098	-0.0328123786338495	0.0010766521916111	0.0026699282299944	4.001769550539314e-05	0.0002619354241175	6.86101664076634e-08	1.6014159535623623e-09	-0.0002069965111646	0.0002830403906607	4.284755563431637e-08	8.011186274541825e-08	0.000171004356184	-0.000165441527526	2.9242489833904345e-08	2.7370899030169297e-08	0.0	0.0	0.0	0.0	0.0
927.2996357710164	-0.3074722055907841	0.0945391572108614	859884.6145010596	993.4550273670868	-3.043250633688785	986952.8914009392	9.261374419447192	873.1883385218487	-0.3099809162357587	762457.8745305466	0.0960881684303604	873.5450580952878	818.8124900251266	1.361545	18.153433	0.0919704449159295	0.0567733990936208	-0.2045578132	-0.0644850948	0.0140210793	-0.0194140597	-0.1532737282	0.0484572986	0.0002724427	0.0315956859	-0.1402060336	0.2133262097	-0.2073613764	-0.1327514528	-0.1201351561	-0.134407147	-0.1720482289	-0.1708812481	-0.0807578044	0.0707888188	0.0578593977	-0.2317153123	0.1763173999	-0.1031572243	-0.062562084	-0.0553559381	-0.0523149261	0.1140359247	0.0074392873	0.0908943128	-0.1007207571	-0.0151254392	0.151496443	-0.1593555808	0.0690477371	-0.1197184434	-0.1289913045	-0.0130030069	-0.0527646951	-0.0721635801	-0.1592841801	-0.0413346868	0.1509788258	-0.0426212841	-0.2677136545	0.1622280966	0.1297512358	-0.1969471004	-0.0826828084	-0.1079889329	-0.0201319057	0.0201256132	0.0459130499	0.0493376725	-0.0023323246	-0.0237704582	-0.0679879415	0.2056415297	0.0702562789	0.1005111601	0.1291368111	0.1252583495	0.0051948497	-0.0247763461	0.0293830243	-0.0109399202	-0.1405411238	-0.1772788535	-0.0964912083	-0.1625093042	-0.015165022	-0.2160998033	0.0458996	-0.0583292249	0.0320555664	0.0602400531	0.0045094273	0.0102032486	-0.0232559032	-0.1750772657	-0.0428866122	0.0469163076	-0.1498343316	-0.1248029796	-0.1437067008	0.1082959623	-0.001948732455844	-0.0023551449691012	3.797558184459788e-06	5.546707825482692e-06	0.0187081448124217	-0.0522481769387611	0.002729871993424	0.0003499946823225	-0.0337789228994722	0.0178924253507376	0.0003201388849317	0.0011410156322484	-0.0001839652490758	-0.0002239829445811	5.0168359463261835e-08	3.3843212867521134e-08	-0.0002070310002038	-3.4489039199998026e-08	4.286183504538583e-08	1.1894938249390006e-15	0.0003364808757102	0.0001654765195261	1.1321937971870306e-07	2.738247851450485e-08	0.0	0.0	0.0	0.0	0.0
924.752393623112	-2.5472421479043987	6.488442560060615	855166.989511675	992.2115886912626	-1.2434386758242226	984483.8367332392	1.5461397405354962	871.3455389151302	-1.842799606718472	759243.0481872987	3.395910390521756	872.3768216549711	809.7754769992334	1.284143	17.121428	0.0310978111307676	0.0173978170160903	-0.1200442588	0.0903198985	-0.0253789158	-0.0029872974	-0.0664183384	0.0190446157	0.1015778259	0.1011624128	-0.0800422774	0.0191754043	0.0857737605	0.0471063035	-0.0383724849	0.0291533357	0.2365311983	0.0071073148	0.0662045645	0.0252277529	-0.0439822247	-0.0226307121	0.0070102261	0.2206335993	-0.0174629029	0.1518774167	-0.064552295	-0.1399219017	-0.0112944309	0.1798573561	0.0275988533	0.1088150193	0.079659718	-0.0797677562	0.1282752808	0.1209851369	-0.1953287897	-0.2628218488	-0.0321012048	0.0326644661	0.16664268	-0.1115629768	-0.0186514702	-0.0606356134	0.2159814347	0.0822724433	-0.0313962894	-0.0825923612	-0.0632481948	-0.1204050905	0.2201832548	-0.0265616443	-0.1400317792	-0.0013042327	0.193197329	0.0894427368	-0.1433814373	-0.0418316715	-0.1317090741	0.2674244878	0.0338154512	-0.04114761	0.1190732834	-0.0299080355	-0.0093729315	-0.0595746268	-0.1507783561	-0.1203456895	0.1149582063	-0.0722497181	0.1674900368	0.1081485436	-0.121346741	0.0672978608	0.0384970656	0.0828716856	-0.0619507538	0.152849768	0.0154262891	0.102605866	0.0797469188	-0.1174663072	0.0037380381	-0.0688212226	-0.1459432408	0.1165920251	-0.001831087935983	0.000117644519861	3.352883029302483e-06	1.384023305332523e-08	0.0321083545471054	0.0134002097346837	0.0001795656209335	0.0010309464317226	-0.0357330950048577	-0.0019541721053854	3.818788617466782e-06	0.0012768540786261	-4.093665009475111e-05	0.000143028598981	2.0457180126481696e-08	1.6758093209800863e-09	-0.000376006734448	-0.0001689757342442	1.413810643502488e-07	2.8552798763366503e-08	0.0003369922379017	5.113621915000133e-07	1.1356376840599597e-07	2.614912908956964e-13	0.0	0.0	0.0	0.0	0.0
923.701109194383	-1.0512844287289909	1.1051989500880406	853223.7391269334	991.1490654440488	-1.0625232472137895	982376.4699306112	1.1289556508697358	871.1147230474443	-0.2308158676859193	758840.8607100255	0.0532759647756038	872.1438800109308	808.5000566077356	1.317824	17.570499	0.0257751273523639	0.0153939478958825	-0.0497212212	-0.0736781297	-0.0041115236	0.0992223794	0.1083226719	0.0244885173	-0.1047876376	0.1162556581	0.201175178	0.1287783133	-0.0563909565	-0.0268463679	-0.0113431791	0.1325329249	-0.115693238	-0.155949158	-0.0083859118	-0.2248475408	0.005885871	-0.0579785186	-0.0733903714	-0.0541417274	-0.1131601581	-0.1434584555	0.1055650844	-0.0847563108	-0.0003392259	-0.1682391431	0.029548677	0.1538539137	-0.0446133465	-0.1452613979	-0.0051043452	0.0795944057	-0.0757917082	-0.0788947989	0.0067844199	0.0712716868	-0.1250678493	0.1939024429	0.1471780949	0.092991999	-0.0124486636	-0.0663626568	0.1147955141	0.1233015542	-0.1005967653	-0.1376557388	-0.0119631354	-0.0760607956	-0.0282639259	-0.1049834282	0.0450052052	-0.147455	0.0065560248	-0.1347859807	-0.0446784368	0.1381840943	0.0337488072	-0.0361600963	0.054974721	-0.1978867258	-0.0483356933	0.0156681001	0.1701530454	-0.0846735432	-0.1180952867	0.0463709171	0.0173134094	-0.054521453	-0.0023660878	0.0420156382	0.0963739032	-0.0834708357	-0.0541275526	0.0793894519	0.0436116145	-0.0201546323	0.139091622	0.0633051996	0.1248149706	0.0180128686	-0.1479655889	0.1242038795	-0.0019005451383833	-6.945720240030006e-05	3.612071823032397e-06	4.824302965276249e-09	0.0191798760961887	-0.0129284784509167	0.0001671455550558	0.0003678676470651	-0.0288309852218873	0.0069021097829703	4.763911945617566e-05	0.0008312257088646	-7.59226683703818e-05	-3.4986018275630683e-05	1.224021474782764e-09	5.7642515724789734e-09	-0.0004580124419837	-8.200570753570002e-05	2.0977539701187217e-07	6.724936068430766e-09	0.0003364823253915	-5.099125101999885e-07	1.132203553008713e-07	2.6001076805845344e-13	0.0	0.0	0.0	0.0	0.0
922.1842597590048	-1.5168494353781623	2.3008322096070506	850423.8089472636	994.83613541547	3.687069971421238	989698.9363283876	13.594484974156208	871.0990387911623	-0.0156842562819292	758813.535382887	0.0002459958951172	872.9296108784506	797.7732828301675	1.286317	17.150417	0.0488017960533203	0.0258984250019743	0.0250461425	0.0819204242	-0.014655491	0.1537394532	-0.0259322573	-0.0429895497	0.0733043318	-0.135761965	-0.1103067484	-0.0130334502	0.0445470084	0.1754677826	0.0195728782	-0.0759722997	0.1841380877	0.0062779258	0.0402700115	0.0903696747	-0.1007554491	0.1322469611	-0.147271167	0.114245128	-0.0886031207	-0.0994926526	0.0123642747	-0.0670465626	-0.027901145	-0.0632295565	-0.2122800672	-0.2201772445	0.0188738358	-0.0180606659	0.0080422569	-0.2359100022	0.1625081815	0.0524046959	0.0248630221	-0.0425880387	0.0802432636	-0.17781949	-0.0867829267	-0.0693786208	0.1050207312	-0.1208259513	-0.0357002648	0.1475465631	-0.0522934153	0.0034088918	-0.1076452459	-0.0294013652	-0.1224451697	-0.149721174	-0.1299113991	-0.0389470343	0.0325758199	0.1977130348	0.0415931177	-0.106222604	-0.0458623693	-0.0309384396	0.1034033001	-0.0443825745	-0.0071268147	0.0647112699	-0.1169396179	0.140328803	0.1306582003	0.1691394432	0.0128009507	0.0524654718	0.1361504478	0.0701777646	0.0170652286	-0.0697688447	-0.1453521272	-0.0368675026	-0.0090766608	-0.021716498	0.1417605716	0.0101478214	-0.0834915557	-0.1620624535	-0.1497707771	0.1310868562	-0.0019492373517948	-4.869221341149998e-05	3.799526253632005e-06	2.370931646911058e-09	0.0366843355270702	0.0175044594308814	0.0003064060999673	0.0013457404730626	-0.0189833963109009	0.0098475889109864	9.697500735978237e-05	0.0003603693354967	-0.0002529651471052	-0.0001770424787348	3.1344039276568554e-08	6.399136564995548e-08	-0.0002070426456795	0.0002509697963042	4.2866657129966984e-08	6.298583865697164e-08	0.0003364734904697	-8.834921800008819e-09	1.132144097888633e-07	7.805584321227107e-17	0.0	0.0	0.0	0.0	0.0
922.0442485047566	-0.1400112542481792	0.0196031513161483	850165.5962007014	991.7795172298656	-3.056618185604407	983626.6107967054	9.342914732567577	871.5386796071739	0.439640816011547	759579.6700514161	0.1932840471032989	872.2453506935932	794.7239022922022	1.225207	16.335644	0.0449959767161882	0.0225627407240327	0.0506396811	-0.1144839635	-0.039146388	0.1073433943	0.1458695315	-0.0894467115	-0.0448044826	0.1172122896	0.1377134741	-0.0202419823	-0.1341064806	0.026919692	0.0272988577	-0.0303910624	-0.1178990783	-0.0353878423	-0.1346790819	-0.0817176443	-0.0212377764	-0.0440328745	-0.1163952147	-0.2035098077	-0.2000312779	0.1677659613	0.0683370474	0.0130538524	0.057628234	-0.1576846508	0.171959365	0.0690011019	-0.0538794869	0.2045093204	0.0908688116	-0.1655431738	-0.0002982294	0.1377222658	0.0441449634	-0.0077621099	-0.0195670728	0.1666430464	0.1133100944	-0.1301981418	-0.0812363194	0.1219625568	0.1027692998	0.1456038299	-0.2035668689	0.1423258338	0.0913384851	-0.0505912614	0.0616105678	0.0218183732	-0.0080137315	-0.1200329956	0.1646362599	-0.1456534629	-0.040261477	-0.1718239793	-0.0950489547	0.1190534177	-0.0510137241	-0.1356392173	0.1332509736	0.0365617171	0.0660738313	-0.1041763089	-0.207579981	0.0938474063	-0.06505575	0.0699594313	-0.1123474647	0.0674377388	0.0661720262	-0.0098132141	-0.0625056697	0.1268421749	-0.1068835889	-0.0131131773	-0.0588431386	0.0841983113	0.0254023111	0.0699745615	-0.1513561561	0.1372005631	0.0001392694619539	0.0020885068137487	1.93959830329288e-08	4.361860711074746e-06	0.0422511424904428	0.0055668069633726	3.098933976745372e-05	0.0017851590417477	-0.0128430246092108	0.00614037170169	3.770416463491656e-05	0.0001649432811127	-8.342460608176238e-05	0.0001695405410234	2.874399505051993e-08	6.959664899897224e-09	-0.0005840103409819	-0.0003769676953024	3.410680783737951e-07	1.421046433016031e-07	0.000258975902048	-7.749758842170003e-05	6.70685178415753e-08	6.005876211179215e-09	0.0	0.0	0.0	0.0	0.0
921.7302582411252	-0.3139902636314673	0.0985898856553583	849586.6689572512	993.5370512120865	1.7575339822208207	987115.872131208	3.088925698660976	870.9364809421678	-0.6021986650060853	758530.353835927	0.3626432321351113	872.3250456100451	789.0694653736701	1.233915	16.451742	0.0794881444243967	0.0423688394436503	0.0590616722	0.0442332147	-0.0025976937	0.2250105553	-0.0723728197	0.0076783077	-0.0423799687	-0.1119087705	-0.1425808313	-0.0241196974	-0.1318411348	0.0929304036	0.0205939275	-0.1002247973	0.0827677936	0.1155590785	0.0214940355	0.0919187578	0.1154840953	0.0714798804	-0.1133218373	-0.0980482344	0.2003539573	0.2288718354	0.0808331551	-0.0033517594	-0.1644727446	0.2300837891	-0.0197569281	-0.0246504376	-0.2435553255	0.0446953404	-0.0690553949	-0.0496068789	-0.0540715424	-0.0179485098	0.0244261314	-0.0486188898	0.0034026157	-0.1702990252	-0.1473344309	-0.0135604154	-0.0641621562	-0.0198944629	-0.0470759783	0.1433023668	0.1953235345	0.0614456846	0.2036373081	-0.0437360809	0.0751432213	0.0160089115	0.0266690523	0.1154623013	0.0443734168	-0.0369091732	0.3628178724	-0.0333012719	-0.0881855049	-0.0169636234	0.0199153704	-0.0527015448	0.0169208541	0.0226211859	0.0183312862	-0.0916501687	0.3334484672	0.1625165979	0.0175606863	-0.0615543709	0.0923112931	-0.0030755272	0.0534629056	-0.0226926644	0.0320920475	-0.023304475	-0.0680241381	-0.0557422949	-0.1136348054	-0.0886781469	0.1740732649	0.0483529978	-0.152719399	0.1425091225	-0.0019492407263612	-0.0020885101883151	3.7995394093051385e-06	4.361874806695975e-06	0.0067654083570545	-0.0354857341333883	0.0012592373269855	4.577075023770287e-05	-0.0021294157438944	0.0107136088653164	0.0001147814149189	4.534411410345341e-06	-0.0002529651471052	-0.0001695405410234	2.874399505051993e-08	6.399136564995548e-08	-0.0002070426456795	0.0003769676953024	4.2866657129966984e-08	1.421046433016031e-07	0.0003364734904697	7.749758842170003e-05	1.132144097888633e-07	6.005876211179215e-09	0.0	0.0	0.0	0.0	0.0
921.9139793569234	0.183721115798221	0.0337534483901433	849925.3853337178	992.84275449865	-0.6942967134364153	985736.7351604666	0.4820479262886077	871.5912752695034	0.6547943273355941	759671.3511259193	0.4287556111108731	872.6127679700403	796.3407231596055	1.330632	17.74127	0.0558787123343601	0.0328753589726527	0.0680990475	-0.0032893899	0.0049278538	-0.192428603	0.2398164163	-0.0564997833	0.0096892255	0.0657153111	0.1051633893	0.0005831819	-0.0204038058	0.1009016025	-0.0149101424	-0.0087718844	0.0172168601	0.0155352847	-0.146163552	-0.1195161678	-0.0415568053	0.0671994413	-0.134337909	-0.0046567641	0.1066459838	0.0901424762	-0.0940789849	-0.177154137	-0.1086528981	0.0791806345	0.0467232642	-0.0597663375	-0.0607592133	0.1956898846	0.054213521	0.2095885604	0.0311385207	-0.0737651166	0.0123042632	0.0080038032	0.0238158861	0.0944598349	0.1278885947	-0.1279869247	0.0294407936	-0.0699307763	-0.1047788964	0.1344488538	0.1371334505	-0.0303539233	0.0290813855	-0.0254599102	0.0797260982	-0.0191272368	-0.0213317754	0.0014278221	-0.1007272424	-0.023140789	0.2762392589	-0.0701498144	-0.0804979399	-0.0671360829	0.0430561954	-0.0591068986	0.0533144135	0.0183568768	0.2355025543	0.1805765655	0.0608601122	-0.1143331944	-0.0567651071	0.0744865425	0.0452351383	-0.0082676545	0.0218705797	-0.0059668849	-0.0657080086	0.0573356781	-0.100681305	-0.0001901037	-0.1160729348	-0.0540465671	-0.1633299608	0.0012445021	-0.1538585052	0.1469813818	0.0037092320292515	0.0056584727556127	1.37584022468252e-05	3.201831392601119e-05	0.0350209041289986	0.0282554957719441	0.0007983730413183	0.0012264637260125	-0.0163418895825628	-0.0142124738386683	0.0002019944126148	0.0002670573551286	-0.0002529390177822	2.6129322999984134e-08	6.827415204374998e-16	6.397814671662409e-08	-0.0003620425606911	-0.0001549999150116	1.3107481575176886e-07	2.4024973653603236e-08	0.0003364541354416	-1.9355028099991498e-08	1.1320138525575453e-07	3.746171127514605e-16	0.0	0.0	0.0	0.0	0.0
920.614513585544	-1.2994657713793458	1.6886112909865183	847531.0826243479	992.1156697890336	-0.7270847096164061	984293.5022409428	0.5286521749579737	870.4767805504675	-1.1144947190358607	757729.8254775068	1.242098478758822	872.4234138192666	788.330838310492	1.145832	15.277335	0.0505879745062577	0.0258356414277802	0.1050566232	0.0231607624	-0.023047392	-0.0423980412	-0.0950057996	-0.0848076593	-0.0164720054	-0.1807573657	-0.1552287346	-0.0250287796	-0.0500884755	0.04516188	0.0779968195	-0.0776501769	0.0350775156	0.0440675414	0.0029465123	0.1008283562	0.1394753569	-0.0532470015	-0.1911618268	0.0741753039	0.1121226577	0.0374159721	0.0627729728	-0.0925874293	0.1650620807	-0.0709220714	-0.10490859	0.0560014923	-0.0200771171	-0.0033370792	-0.1508416279	0.0165970064	0.0742932196	-0.1400503983	0.0668877072	-0.0931935066	-0.0415814852	-0.1133088765	-0.1142743687	-0.1028364715	-0.1327382154	-0.0186978254	-0.0158180864	0.1247203876	0.1220626536	0.0126206194	-0.1111632091	-0.0902089661	-0.0389776951	-0.0921163919	0.2283583651	0.0158041602	-0.0604543087	0.0032324183	-0.0813818702	-0.0426759172	-0.1304332608	0.0318310347	-0.0025342252	0.0108323443	0.0490055572	0.0261927663	-0.0354066768	0.0650489118	0.1208777651	0.0345484369	-0.1109669876	-0.1030419799	0.1839462559	-0.0524919535	0.1806810131	0.057866707	-0.0907014702	0.0388805803	0.0776482495	-0.0347278084	-0.0223439824	-0.019092821	-0.0658622555	0.096082018	-0.1547718027	0.1505910958	-0.0018328716753188	-0.0055421037045703	3.3594185781859447e-06	3.0714913472211844e-05	0.0309474488093712	-0.0040734553196274	1.659303824100077e-05	0.0009577445878086	-0.0051501075112128	0.01119178207135	0.0001252559859325	2.6523607377050496e-05	0.0001870347218476	0.0004399737396298	1.9357689156383104e-07	3.49819871766091e-08	-0.000206968628257	0.0001550739324341	4.2836013082584265e-08	2.4047924520575822e-08	0.0003370191315919	5.649961502999872e-07	1.1358189505895841e-07	3.192206498538057e-13	0.0	0.0	0.0	0.0	0.0
921.2311684518254	0.6166548662813511	0.380263224108471	848666.8657271155	993.7145560769474	1.5988862879137289	987468.6189592044	2.556437361678543	870.715866879478	0.2390863290104334	758146.1208356807	0.0571622727196852	871.9645244242435	791.0322064546311	1.061744	14.156196	0.0408312325071305	0.0236011817546718	0.1043296148	-0.0372628663	0.0286825521	-0.1617394219	0.1570882854	-0.0764559431	0.0455898959	0.0702104624	-0.057796889	-0.1480212643	-0.1508239591	0.1213052292	0.0014077979	0.0313634005	-0.0030651283	0.0821698703	-0.0463280514	-0.1009117769	-0.0827665984	-0.2342408009	-0.1621436928	0.0648118815	0.0889855725	-0.0970204418	-0.0925719149	-0.0131062477	0.2349507376	0.034413617	-0.0629732024	-0.0509732349	-0.0711430586	-0.0919285749	-0.2586616865	0.078723856	0.0329037026	0.0427194733	-0.0280717112	-0.004583556	0.1119926856	0.1078253255	0.0098542024	-0.140382248	-0.0432789047	0.0695041616	0.0666861019	0.0752509984	0.164929318	-0.0606948184	-0.1782959595	-0.0062170535	0.0189603357	-0.0738590345	0.1699104856	0.0846270113	-0.0217078804	0.0641265605	-0.1295694513	0.0104196443	-0.0933103352	0.0587156544	-0.0686083381	-0.0115058523	0.2287492919	-0.0717076879	0.1155098036	0.1678371652	0.0297461809	-0.0765282365	0.0218979601	-0.0079097613	-0.0027774313	-0.0522458161	0.0379550388	0.018749443	-0.0510404317	0.0867981996	0.0666900908	0.0852830463	-0.0233385065	-0.1740263495	-0.0354074708	-0.0388647022	-0.1554579513	0.1533170814	-0.0018681895765126	-3.531790119379991e-05	3.4901322937903275e-06	1.247354144735013e-09	0.0168622456530584	-0.0140852031563128	0.0001983929479546	0.000284335328464	-0.0049423340759489	0.0002077734352638	4.316980040136172e-08	2.4426666118285672e-05	-0.0001199277288039	-0.0003069624506515	9.422594610997456e-08	1.4382660136061784e-08	-0.0004295199622046	-0.0002225513339476	1.8448739793224106e-07	4.9529096241856187e-08	0.0003364741559038	-5.449756881000293e-07	1.1321485759117469e-07	2.969985006201004e-13	0.0	0.0	0.0	0.0	0.0
920.97793783035	-0.2532306214753816	0.064125747652808	848200.3619702441	994.7588995540845	1.0443434771370903	989545.2682420532	1.0906532982387882	870.1455969934019	-0.570269886076062	757153.3599670038	0.3252077429652047	871.4842067375151	791.431446424626	1.14945	15.325575	0.0293101688037802	0.0170973983484867	0.0649100347	0.1072004509	-0.0354737273	0.0397795548	-0.0303762428	-0.0797446614	0.0957577547	-0.1075065253	0.1117352871	0.003447212	-0.0416505887	-0.0019843468	0.1027121551	0.0119448274	0.1155978451	-0.0577461716	0.016280278	0.0922481486	0.0566167623	-0.0293364132	-0.0746365971	-0.0265404957	-0.025390862	0.0136297971	0.0668560729	-0.0104365818	0.070228067	-0.0794591741	-0.1320142331	0.095262305	0.1078279734	-0.0955052848	-0.0066539168	-0.0848285917	0.0083995418	0.1555142752	0.1494957325	0.061448145	0.0091398557	-0.0917780664	-0.0195316831	-0.0313158542	-0.1069767521	0.0262543598	0.0476773583	0.0729345652	-0.0053137031	0.0941401105	0.0164419778	-0.023194961	-0.1577903782	-0.1271538632	-0.1614826273	-0.0535038283	-0.0243418776	0.1515325931	-0.1054334841	-0.0583010682	-0.1282615305	0.035305456	0.0503528921	0.0785576772	0.0978250632	0.0534278261	0.0243710498	-0.1309161352	0.0639635508	0.1589125632	-0.2063190062	0.1418273384	0.1287417493	0.0634093236	0.0525418215	0.2125165611	-0.0766370709	0.1465332737	0.0238332132	-0.0489509268	0.0392464756	-0.1064997769	0.0269943778	-0.0719169364	-0.155915944	0.1551433414	-0.0018346147244301	3.357485208250002e-05	3.3658111870957317e-06	1.1272706923617555e-09	0.0245048440913251	0.0076425984382667	5.840931088859662e-05	0.0006004873839401	-0.0050747399680091	-0.0001324058920601	1.7531320252257204e-08	2.5752985742909e-05	8.703487289131689e-05	0.0002069626016952	4.2833518500452996e-08	7.575069099207689e-09	-0.0002069856645723	0.0002225342976323	4.2843065338436685e-08	4.952151362270109e-08	0.0003370090490037	5.348930999000295e-07	1.1357509911037829e-07	2.8611062832066294e-13	0.0	0.0	0.0	0.0	0.0
920.4772337553928	-0.5007040749571843	0.2507045706787296	847278.3378619801	987.6750012566062	-7.083898297478299	975501.908107237	50.18161508901595	871.6052464302339	1.4596494368320236	759695.7056047089	2.130576478444044	871.8700822976678	784.9138650449446	1.199644	15.994814	0.0265393121008909	0.0140354968570385	0.1059630669	-0.183428715	-0.0851646758	0.0101649783	0.103098567	-0.1081338117	-0.1989335895	0.0868206368	0.1092963029	-0.1274900799	0.1159081531	0.0366460471	-0.0514229704	-0.046912022	-0.0887574766	0.1823551162	-0.0368344929	-0.1460981646	-0.0316582098	0.1168972285	-0.1009973261	0.1005352578	-0.1454808324	0.0611086187	0.0568356495	0.1276677418	-0.139019223	-0.0617531371	0.0767059579	-0.0414189341	-0.0020174707	-0.125618092	-0.0642694748	-0.1514293435	0.0492417733	0.0790357455	-0.0990154558	-0.1149891027	0.0834643232	0.2006046428	-0.0130687865	-0.0308106678	0.0863764059	0.0226710119	-0.1108479257	0.1794159616	-0.0460141438	0.1123124522	0.0126202755	-0.0670489197	-0.0142190158	0.063056089	-0.1022119755	0.036063951	0.0407924782	-0.085660453	0.0432512841	0.0243000267	-0.1545697279	-0.0070552395	-0.0947788817	-0.1875032124	-0.0759319822	-0.0239609857	0.1006331361	0.0527664547	-0.0184445286	0.0364405234	0.0867847864	0.1326760528	-0.0359194233	0.0537143212	0.1580582834	0.1293778846	-0.1321531335	-0.0037216585	0.0831740658	0.033553326	-0.0135497106	0.1233543938	-0.0032774159	0.0510469055	-0.1561451084	0.1560591586	0.0001653423628766	0.0019999570873066	2.7338096961617272e-08	3.999828351068298e-06	0.0206453785846321	-0.003859465506693	1.4895473997353078e-05	0.0004262316569027	-0.0069569141834335	-0.0018821742154244	3.542579777208456e-06	4.83986549556582e-05	8.601262277999023e-08	-8.69488602685369e-05	7.560104301997555e-09	7.398171277492894e-15	-0.0004540001044404	-0.0002470144398681	2.061160948318941e-07	6.101613350335118e-08	0.0003790000546964	4.199100569270001e-05	1.436410414598742e-07	1.7632445590843647e-09	0.0	0.0	0.0	0.0	0.0
