global_signal	global_signal_derivative1	global_signal_derivative1_power2	global_signal_power2	csf	csf_derivative1	csf_power2	csf_derivative1_power2	white_matter	white_matter_derivative1	white_matter_power2	white_matter_derivative1_power2	csf_wm	tcompcor	std_dvars	dvars	framewise_displacement	rmsd	t_comp_cor_00	t_comp_cor_01	t_comp_cor_02	t_comp_cor_03	t_comp_cor_04	c_comp_cor_00	c_comp_cor_01	c_comp_cor_02	c_comp_cor_03	c_comp_cor_04	c_comp_cor_05	c_comp_cor_06	w_comp_cor_00	w_comp_cor_01	w_comp_cor_02	w_comp_cor_03	w_comp_cor_04	w_comp_cor_05	w_comp_cor_06	w_comp_cor_07	w_comp_cor_08	w_comp_cor_09	w_comp_cor_10	w_comp_cor_11	w_comp_cor_12	w_comp_cor_13	w_comp_cor_14	w_comp_cor_15	w_comp_cor_16	w_comp_cor_17	w_comp_cor_18	w_comp_cor_19	w_comp_cor_20	w_comp_cor_21	w_comp_cor_22	w_comp_cor_23	a_comp_cor_00	a_comp_cor_01	a_comp_cor_02	a_comp_cor_03	a_comp_cor_04	a_comp_cor_05	a_comp_cor_06	a_comp_cor_07	a_comp_cor_08	a_comp_cor_09	a_comp_cor_10	a_comp_cor_11	a_comp_cor_12	a_comp_cor_13	a_comp_cor_14	a_comp_cor_15	a_comp_cor_16	a_comp_cor_17	a_comp_cor_18	a_comp_cor_19	a_comp_cor_20	a_comp_cor_21	edge_comp_00	edge_comp_01	edge_comp_02	edge_comp_03	edge_comp_04	edge_comp_05	edge_comp_06	edge_comp_07	edge_comp_08	edge_comp_09	edge_comp_10	edge_comp_11	edge_comp_12	edge_comp_13	edge_comp_14	edge_comp_15	edge_comp_16	edge_comp_17	edge_comp_18	edge_comp_19	edge_comp_20	edge_comp_21	edge_comp_22	edge_comp_23	cosine00	cosine01	trans_x	trans_x_derivative1	trans_x_power2	trans_x_derivative1_power2	trans_y	trans_y_derivative1	trans_y_derivative1_power2	trans_y_power2	trans_z	trans_z_derivative1	trans_z_derivative1_power2	trans_z_power2	rot_x	rot_x_derivative1	rot_x_derivative1_power2	rot_x_power2	rot_y	rot_y_derivative1	rot_y_power2	rot_y_derivative1_power2	rot_z	rot_z_derivative1	rot_z_power2	rot_z_derivative1_power2	motion_outlier00	motion_outlier01	motion_outlier02	motion_outlier03
921.8097048138812	n/a	n/a	849733.1318890549	1005.966879822487	n/a	1011969.36329979	n/a	869.0279898169733	n/a	755209.6470853295	n/a	871.3591086359934	830.8773016126705	n/a	n/a	n/a	n/a	-0.2059526952	0.1816721958	-0.0105049615	0.00119965	-0.1484451553	-0.1736463476	-0.0484941001	0.0091322562	-0.2638049065	0.3609989683	-0.0338377954	0.0710658991	0.0041316017	-0.2084563095	0.1046496445	-0.039401507	0.0389192209	-0.0257984289	-0.1537135204	0.092664131	-0.0464795602	0.1607197786	-0.0997030496	0.1844320827	-0.0244369726	0.1802157524	-0.1548930419	0.0821398488	-0.1266376964	0.0221762536	0.1216431681	-0.0805892227	0.0110942498	0.0071804121	0.0228364303	0.1906916638	0.0181597487	-0.0991343714	0.1788313466	-0.1948011388	0.0843943257	-0.0097152346	0.1301767615	-0.0371967907	-0.0269030995	0.18123274	-0.0022455648	0.0650524458	-0.0589116192	0.0581113113	-0.0277325688	0.1295249283	-0.1589818212	0.0149487518	-0.0726503475	0.2678664966	0.048702325	-0.0990084535	0.0188453582	-0.2558136144	0.0702868586	-0.0591740103	0.1434492498	-0.0891138247	0.0692328461	-0.0270197274	0.0439088111	-0.0306635511	0.1289889293	-0.0722847654	0.2109039296	-0.0673557044	0.0123476684	-0.0133923814	0.0667237164	-0.1564422945	0.0812054032	-0.0610493882	0.0430955164	-0.0322354806	0.0042168183	0.0273625918	0.1561451084	0.1560591586	0.0001513641882979	n/a	2.291111749908213e-08	n/a	0.0317687298307021	n/a	n/a	0.0010092521950561	-0.0691673157558767	n/a	n/a	0.0047841175688731	-1.656024478452961e-12	n/a	n/a	2.7424170732354017e-24	0.0004479995708714	n/a	2.0070361550095853e-07	n/a	-1.7154665132163298e-11	n/a	2.942825357966592e-22	n/a	0.0	0.0	0.0	0.0
918.4549708172108	-3.354733996670461	11.254240188416569	843559.5334188435	998.3863201141356	-7.580559708351416	996775.2441910452	57.4648854918809	867.4181692209552	-1.609820596018153	752414.2802946336	2.5915223513642416	869.5385626955151	813.8002595672083	1.437969	19.088583	0.0603091004649819	0.0448895788449634	-0.1157270127	-0.1041960997	-0.0482270355	-0.034409326	-0.0604942303	0.1183967265	0.1605995604	0.1530116239	-0.1015645115	-0.1207915489	0.1493809914	-0.0060237232	-0.2141238335	-0.0385522889	-0.0658266115	0.044525859	-0.0871892002	-0.0086373957	-0.1555648303	-0.0228477283	-0.2464436156	0.003002868	0.1128675062	0.1634080222	0.075007652	0.1833190878	-0.1140596327	0.0140331871	0.0483872928	0.1189313457	0.0056305453	-0.0908600818	0.1224595258	0.0484523635	0.1763912362	0.0322171199	-0.1788761782	-0.0415414357	-0.1114966074	-0.0380156461	-0.1730303511	-0.2257840607	0.069017484	0.193258294	0.1324959259	0.1457954855	0.0216545178	0.0903324868	0.1229524526	0.1513880968	0.0121650254	0.1000436191	-0.22115922	0.0022821284	0.0240197599	0.0395348802	0.0075696083	0.0566269947	0.026272979	-0.1217275787	0.1030849281	-0.0526911961	-0.1060305744	-0.0617563721	-0.1159563259	0.0080412687	0.0142017531	-0.1948209463	0.094565837	0.0039831832	-0.1028264903	0.2327408044	0.0541060586	0.0166945289	-0.0411160943	-0.1263996194	-0.0022137775	-0.037400309	0.0559332735	-0.0692229576	-0.0364364426	-0.0448787408	0.155915944	0.1551433414	0.0001253520617296	-2.601212656830001e-05	1.5713139379861446e-08	6.766307286052591e-10	0.0289843370470208	-0.0027843927836813	7.752843173816501e-06	0.0008400917940553	-0.031873126588394	0.0372941891674827	0.0013908565456599	0.0010158961985197	-0.0003929998449894	-0.0003929998433333	1.544488768600577e-07	1.5444887816169246e-07	0.0004589997040063	1.100013313490002e-05	2.10680728277871e-07	1.2100292898552532e-10	9.013412205317937e-08	9.015127671831155e-08	8.124159958297436e-15	8.127252693941581e-15	0.0	0.0	0.0	0.0
915.9028513928012	-2.552119424409625	6.513313556448916	838878.0331894635	993.68470737546	-4.701612738675635	987409.2976718536	22.10516234447701	868.7351701896422	1.3170009686870117	754700.7959244266	1.734491551522527	870.64739721781	798.2187839390076	1.245705	16.536341	0.0643159756685418	0.0385589327336423	0.0128132596	0.0961766435	-0.0348365614	0.147701674	-0.0673442971	-0.0118715516	-0.1850791016	0.0413210123	0.0527415425	-0.0917990303	-0.0547638165	-0.0183733994	-0.1125160808	0.0425759967	0.201534707	-0.0677087902	-0.1260069316	0.0537063605	-0.1198761954	-0.1511827592	-0.0344230284	-0.0753971712	-0.0289582004	0.0273790448	-0.2586285203	-0.010289966	0.187268905	0.1522793456	0.1873062862	0.069188709	-0.001223861	0.0148780636	-0.0782448644	-0.0334443256	0.0130300769	-0.0854237873	-0.0276567076	0.1280919895	0.1464289509	-0.065512876	-0.0726699362	-0.0761042468	0.1221670628	0.2183295617	-0.0335888581	0.0128243742	0.0263579785	0.1341802815	0.0393054273	-0.0146578724	-0.2206113409	0.0167655303	0.1611505922	0.1198907861	-0.0204267887	-0.2463191395	-0.0514020047	0.0179166056	0.0227466547	-0.0540089774	0.1136686832	0.0197122195	0.0882230046	-0.0549336687	0.1726570807	-0.0003433328	-0.0869392214	-0.0096391024	0.1203706985	-0.2139356593	-0.0161250527	0.1423304794	0.0070773336	-0.0179189907	-0.1252161611	-0.1164894086	0.041202248	0.0531380244	-0.0109696515	-0.0668219173	0.1290420896	0.0047618886	0.1554579513	0.1533170814	0.00015859338707	3.324132534040001e-05	2.5151862422334844e-08	1.1049857103863194e-09	5.063493175327949e-05	-0.0289337021152675	0.000837159118095	2.5638963136592714e-09	-0.0224293713625485	0.0094437552258455	8.91845127656842e-05	0.0005030766997191	7.500000656625696e-05	0.0004679998515556	2.1902386105611693e-07	5.625000984938585e-09	0.0004089995234906	-5.000018051570001e-05	1.6728061021553785e-07	2.500018051602587e-09	-1.5373848358709024e-08	-1.055079704118884e-07	2.3635521335658016e-16	1.1131931820435918e-14	0.0	0.0	0.0	0.0
915.0401603252096	-0.8626910675915269	0.7442358781022085	837298.4950079854	994.5784722261652	0.8937648507052245	989186.3374157328	0.7988156083561322	867.5032089134954	-1.2319612761467624	752561.8174752117	1.5177285859251597	870.0016337034614	792.1825027203641	1.254159	16.648554	0.0444890516617691	0.0248943425397182	0.0400541973	-0.168514655	-0.0568941139	-0.009694781	-0.1128436728	0.089902327	0.0966690768	-0.0302847818	0.1550110853	0.0701117381	0.0296299408	0.0224823898	-0.1936537798	-0.1117038722	-0.0186552253	-0.0254197216	-0.052155385	-0.1248015309	0.0425113409	-0.0527659904	0.0526425412	-0.1703061354	-0.097159746	0.0872237415	-0.0609793046	0.0252556914	0.0530147402	0.0968612271	0.1175673792	-0.1997714726	0.0512836962	-0.1130275598	-0.2205236327	0.00506187	-0.0983443634	0.0349638795	-0.1718029468	-0.1143431209	0.0704886256	0.030540756	-0.0929292241	-0.0571132989	0.0361656111	0.0115199239	-0.0443486201	-0.1385981388	-0.028196176	0.1119929242	0.0843043507	-0.11420603	-0.1643068434	-0.0914023705	-0.0349710127	-0.1277156865	-0.0036961427	-0.0040048956	0.0139229877	-0.1888975615	0.0078582844	-0.0213366067	0.0812148467	0.0615894773	0.0138065016	-0.0494678804	-0.1476189075	-0.0944819874	0.1071329275	-0.0263870437	0.1304861118	-0.2101434235	-0.108370732	0.1264414032	-0.0035040181	-0.1671697134	0.0381865286	-0.1185155322	0.008447681	0.0881855865	-0.017502135	-0.0424399396	0.0594142322	0.0549307733	0.1547718027	0.1505910958	9.479627487962716e-05	-6.379711219037284e-05	8.986333731053832e-09	4.070071523831019e-09	0.0197416918897346	0.0196910569579813	0.0003877377241224	0.0003897343986692	-0.022291016690886	0.0001383546716625	1.9142015170838232e-08	0.0004968894251133	-0.0001259660616304	-0.0002009660681966	4.0387360566423384e-08	1.5867448682673734e-08	0.0003250129652072	-8.398655828340001e-05	1.056334275527766e-07	7.053741972290947e-09	-0.000206979605767	-0.0002069642319186	4.284055720346274e-08	4.283419329367314e-08	0.0	0.0	0.0	0.0
914.4088995626778	-0.6312607625318378	0.3984901503122773	836143.6355994274	991.4319882947344	-3.1464839314307937	982937.3874140504	9.900361130752184	867.8370356602823	0.3338267467868263	753141.120463626	0.1114402968702758	869.3739792313319	780.0025985298288	1.204901	15.99467	0.0584311296423042	0.0327614603454391	0.1147715927	0.0816858303	-0.1262508137	0.1616728953	0.0153350102	-0.0344945216	-0.2140839373	-0.0458833984	0.1025414898	0.0027837786	-0.0690563567	-0.0194645646	-0.1164352528	-0.1016794845	0.2750630614	0.0865892347	-0.0737374616	-0.0539693693	-0.0013541881	0.088990639	-0.0465217247	-0.1795175391	-0.0541156291	-0.0582514799	-0.1054589013	-0.0002826424	0.0334918551	-0.0884428626	0.2207234341	0.0271524196	-0.1988602014	-0.099395657	0.0901814266	0.1573955366	-0.1829082109	-0.0976945723	-0.0070630519	0.0712814224	0.236463517	-0.1422928786	-0.1199071769	-0.1666721406	0.0671528095	-0.0348351144	0.039568748	-0.1301240289	-0.0593774308	0.162581739	0.1478558032	-0.1388151699	-0.0838568404	0.0643748161	0.1238062616	-0.1088538192	-0.0166794636	-0.0559476186	-0.0483431708	-0.0050357425	0.0374273813	0.0023122353	0.0856099526	0.078242769	0.1274056855	-0.1248090969	0.097307372	0.1073038045	0.1851112708	0.0168227255	0.0156754922	-0.2252602055	-0.009276297	0.0035527317	0.0341406917	-0.0961559838	0.0289582437	0.0723189869	0.0653475367	0.1407200611	-0.1203537891	0.0116580439	-0.1209360501	0.0293093011	0.1538585052	0.1469813818	0.00010578642447	1.0990149590372832e-05	1.1190767602147013e-08	1.2078338801877213e-10	0.0223481148939725	0.0026064230042378	6.793440877020511e-06	0.0004994382393141	0.0018197400328858	0.0241107567237718	0.0005813285897929	3.3114537872872125e-06	-0.0003940000951234	-0.000268034033493	7.184224311052668e-08	1.552360749572483e-07	0.000166000132052	-0.0001590128331551	2.755604384128144e-08	2.528508110804347e-08	3.2722878882745447e-08	0.0002070123286458	1.070786802374828e-15	4.285410421139096e-08	0.0	0.0	0.0	0.0
916.9142023261012	2.5053027634234013	6.276541936416932	840731.6544273105	991.3232475103334	-0.1087407844009931	982721.7810544338	0.0118245581921432	868.3176056105091	0.4805699502268226	753975.4642131676	0.2309474770610107	870.3317941246191	788.8920805101952	1.336293	17.738861	0.0448365101854051	0.022809616105902	0.0354016889	-0.2106123479	-0.1396183245	0.078249125	-0.1018195224	-0.1143642622	0.1947427422	-0.0843689734	0.0478179719	-0.1754047579	0.0062992803	-0.1448111251	-0.0749486268	-0.2123532024	-0.1499057654	0.0815024177	-0.0791047152	0.0499010923	-0.0730160396	-0.0139032603	-0.1445389219	0.0807248198	0.0049751742	-0.0790009111	0.0756931427	-0.2232997243	-0.0487585966	-0.109632398	0.1207141937	-0.0825268668	-0.1062977718	-0.061735112	-0.0360063929	0.0360602717	0.0381087423	0.0325098012	-0.0313701892	-0.2372893239	-0.1114782555	-0.1187017687	-0.1375451871	-0.1287014851	0.0185754987	0.0776371789	-0.0051316069	-0.0103119025	-0.1487066411	-0.0114469228	-0.0745322604	-0.0197947137	0.1579024578	-0.0047886543	0.086425382	-0.0943288371	-0.1780161881	-0.0511466907	0.0218318312	0.0295271227	0.0517182191	-0.0856147645	0.0641665351	-0.0006840423	-0.0177548002	0.0253307344	-0.1286342937	0.0258808212	0.0701562224	-0.1405773892	0.2702225764	-0.0951098943	-0.131795761	-0.0149428958	0.0763338684	0.1539399975	0.0038776253	0.0246137327	-0.0346365275	0.0760385146	0.1314259702	0.025880491	0.0465369741	-0.1331835272	0.152719399	0.1425091225	0.0001631580703929	5.737164592290001e-05	2.6620555934334517e-08	3.291505755902609e-09	0.0336932520952046	0.0113451372012321	0.0001287121381147	0.001135235236751	-0.0120603833832717	-0.0138801234161575	0.0001926578260477	0.0001454528473514	-0.0005419996198257	-0.0001479995247023	2.1903859312106713e-08	2.937635878912034e-07	0.0004090000661998	0.0002429999341478	1.672810541514408e-07	5.9048967995835144e-08	1.108224706349438e-07	7.809959175219836e-08	1.2281619997632981e-14	6.099546231860048e-15	0.0	0.0	0.0	0.0
918.9010348912956	1.9868325651943903	3.947503642116922	844379.111924294	990.679697968239	-0.6435495420944335	981446.2639664412	0.414156013129955	870.4836649445565	2.166059334047418	757741.810935307	4.691813038613944	871.9569791801738	798.5700542934982	1.455033	19.315102	0.0699421507069064	0.0411106745540611	0.018503886	0.1167207212	-0.0603503613	-0.0405994398	0.0683583131	-0.0558413067	-0.0734604569	0.2656361673	0.1924473423	-0.0918216771	0.0582827978	-0.1384681329	0.070221665	0.1058196512	0.1239120567	0.0198344116	-0.0986028461	0.0712131633	0.1139157365	0.1445947427	-0.2520518509	-0.10959702	0.2718528709	0.0495642238	0.2317924739	-0.0186186739	-0.0942359484	0.0946191857	-0.1213661603	-0.0062573349	0.0021336211	0.141632879	0.0043985019	-0.0681652924	-0.145153127	-0.0006808029	0.1196149019	0.1677467485	0.0322415216	0.1930695373	-0.1667685662	-0.1138388573	-0.0566107863	0.0166274283	0.3083843215	-0.016301854	0.0224176473	-0.080010043	-0.1305867232	0.2236157177	0.0026437493	0.0918867066	-0.0438600366	-0.0548127708	0.067819985	0.049922283	-0.1881039649	0.1907964326	0.0675737314	-0.0025537061	0.0235719584	0.0048289279	0.0595191694	-0.1174237607	0.023217869	0.0400227891	-0.0862305554	-0.1596447825	-0.2405407252	-0.148999685	-0.2195072188	0.0120190578	-0.1045121534	0.0146050026	0.0213734012	0.0385114713	-0.0112970099	-0.115946893	0.0668757845	-0.0453558069	-0.3003929081	0.2061701875	0.1513561561	0.1372005631	0.0001912359037845	2.80778333916e-05	3.6571170896274544e-08	7.88364727966448e-10	0.0001206538100433	-0.0335725982851613	0.0011271193556168	1.4557341877964721e-08	-0.0264953702888135	-0.0144349869055418	0.0002083688469631	0.0007020046467413	-0.0003409510665846	0.0002010485532411	4.042052076033943e-08	1.1624762980517636e-07	0.0004090401987297	4.0132529900011045e-08	1.673138841768325e-07	1.6106199561752802e-15	-0.0002369302454146	-0.0002370410678852	5.6135941192222585e-08	5.618846786417255e-08	0.0	0.0	0.0	0.0
920.85266863323	1.9516337419344156	3.808874262656929	847969.6373289413	993.3490998024164	2.6694018341773926	986742.434078271	7.125706152309628	872.2552650107107	1.7716000661541784	760829.2473389051	3.138566794397489	873.8017261046097	808.1035276852112	1.459283	19.371513	0.0902770160612209	0.0591433951910205	-0.0829046114	0.11310855	0.085883066	-0.0632026028	-0.2746979527	-0.1999355778	0.0251574959	-0.185372885	-0.061352215	0.3162884664	0.0035384688	-0.0444354456	0.0625713384	0.0521644802	0.1309721101	-0.2913301779	0.247877057	0.0578256918	-0.0726767771	0.1997358012	-0.0039219839	0.1081559495	-0.1277009293	0.1042902343	-0.2178064461	-0.045469268	0.0600149723	-0.010240399	-0.1057251	0.0099125709	0.0545506813	-0.0576654456	-0.0567875347	-0.0519029583	0.0098704118	0.0566720248	0.0321879597	-0.0561937853	0.1930656826	-0.051226845	0.3994938848	0.1217386535	0.1472076181	-0.0455467462	0.1074477326	-0.08329413	-0.0747481786	0.0834378452	0.0197695791	0.0946575433	-0.0054782545	0.1606570561	0.2435797322	0.1381195105	0.026271596	0.1199383325	0.1089767494	-0.007697028	0.0913897826	-0.1517692089	0.0554019322	-0.1583132887	0.1122225706	0.0095758637	0.016864799	-0.0806277274	0.1750796314	0.0472691139	-0.0447929112	-0.1436686135	0.1591522786	-0.3165741256	-0.0800504098	0.1046172979	0.108970733	-0.0705224186	0.0179592576	-0.0268892737	0.1096501411	0.0352183672	0.0140108858	0.0542439672	0.1497707771	0.1310868562	0.0046721907198445	0.00448095481606	2.1829366122601065e-05	2.0078956063571305e-05	0.0554751784797957	0.0553545246697524	0.0030641234014142	0.0030774954273651	-0.0350304191814103	-0.0085350488925967	7.284705959901778e-05	0.0012271302680253	-0.0005419996198257	-0.0002010485532411	4.042052076033943e-08	2.937635878912034e-07	0.0004090000661998	-4.0132529900011045e-08	1.672810541514408e-07	1.6106199561752802e-15	1.108224706349438e-07	0.0002370410678852	1.2281619997632981e-14	5.618846786417255e-08	0.0	0.0	0.0	0.0
919.8833629767554	-0.969305656474603	0.939553455673661	846185.4014814252	999.7095239328784	6.360424130461979	999419.1322421024	40.45499511936302	871.5396683625252	-0.7155966481855103	759581.3935294603	0.512078562894337	873.7537518513153	808.9749754548483	1.343684	17.836977	0.0574838889150027	0.0305147524255935	-0.0738566675	-0.0172954409	0.0108225179	-0.0020883178	-0.1138116147	0.1279824358	0.0727265344	0.0316077685	-0.3226472731	-0.1129376963	0.2385563679	0.0123300519	0.0124841094	0.2315542915	-0.1452477934	0.0741073713	-0.1228995853	0.1902215592	-0.0747441334	0.1230936963	-0.0476759883	0.2334384269	-0.0128993001	0.0370713378	-0.0551034263	-0.077232789	0.2250180959	-0.1316783731	0.0716202231	-0.0570606096	0.0128468419	-0.0484198282	-0.0386063388	0.0360676467	0.0470347424	0.1119647813	-0.0330443823	0.1592300523	-0.3175052998	-0.1080831892	-0.0076349301	0.1903172513	0.1368472885	0.0431273811	0.1394387949	0.0876551436	-0.0853103855	0.114848439	-0.0765389004	0.0952108107	0.1332150957	-0.0135965844	0.1190144518	-0.0688141208	0.000692244	-0.0809995215	0.1532236259	-0.1770416822	0.0788757458	-0.0514770224	-0.0275630237	-0.1946303407	-0.0880666861	-0.0438336607	0.0158194431	-0.1174174057	0.0082509378	-0.1060556278	0.0723980031	0.2358958784	-0.1424859214	0.024297894	-0.030067798	0.2087490259	-0.1547122073	0.1264497368	0.1724668155	-0.1948030497	0.038948727	0.0181370386	0.0310540009	-0.1339286606	0.1479655889	0.1242038795	8.936821477334433e-05	-0.0045828225050711	7.9866778117746e-09	2.100226211298666e-05	0.0356615279997782	-0.0198136504800175	0.0003925807453442	0.0012717445792789	-0.0417634118574739	-0.0067329926760636	4.533319037592609e-05	0.0017441825699769	-0.0001750001322362	0.0003669994875895	1.3468862389095558e-07	3.0625046282687485e-08	0.000249000147404	-0.0001599999187958	6.200107340721375e-08	2.5599974014662596e-08	2.1763778924334922e-08	-8.905869171060889e-08	4.736620730673249e-16	7.931450569205275e-15	0.0	0.0	0.0	0.0
917.579044233707	-2.304318743048384	5.309884869564084	841951.3024168432	1002.3715505378192	2.66202660494082	1004748.7253275918	7.086385645412749	869.7347452668221	-1.8049230957030888	756438.5271243439	3.257747381402421	872.8620900514214	813.9230993342973	1.30089	17.2689	0.0765661192742221	0.039640802054608	-0.0251301158	0.0968004376	-0.0058404675	0.1242625209	-0.1628723996	0.1291516356	-0.0614790886	0.1312504581	0.0234639113	-0.0110248026	-0.0306494516	0.0150889673	-0.0684136154	0.0224411674	0.167409931	-0.1022010632	0.0812588216	-0.0469987164	0.1129839942	-0.0793307624	-0.1194673912	0.3242222966	0.0316694702	-0.1021096234	0.1015503532	-0.0316781801	0.1373223536	0.0231006988	0.08634113	-0.0924533626	0.1089466072	-0.0119663416	0.1114055895	0.0118614782	0.0247269019	-0.0417950852	-0.0642451052	0.1096755048	0.1676456605	0.1784072138	-0.0414352524	0.0712079903	-0.0313245973	0.0529148587	-0.0663839244	0.2789952103	-0.1402621768	0.0048319773	-0.1728658034	-0.0133264668	0.1476314087	-0.0668758844	0.0454390719	0.0174588706	0.0971476087	-0.1303159032	0.1329276091	-0.1712985067	0.089143726	-0.004183095	0.0506965928	-0.214259083	0.0043052894	0.1182553153	0.0699315647	0.1204756136	-0.0688112876	-0.0158224325	-0.2027380174	-0.0401809563	-0.0164697686	0.0803994821	-0.1537722248	-0.0435980087	-0.1261279625	0.1439010651	-0.0619348552	-0.0913660159	-0.0655989533	-0.2112402719	0.1097340304	-0.1350315336	0.1459432408	0.1165920251	0.0001609728620479	7.160464727455566e-05	2.5912262315892244e-08	5.127225511313532e-09	0.0209690282264034	-0.0146924997733748	0.0002158695495906	0.0004397001447597	-0.0166165366313038	0.0251468752261701	0.0006323653336405	0.0002761092896194	0.0003979997483689	0.000572999880605	3.283288631734588e-07	1.5840379970170772e-07	0.0004089998973837	0.0001599997499797	1.6728091605987714e-07	2.5599919993566512e-08	-8.13981843303716e-08	-1.0316196325470653e-07	6.625664412281153e-15	1.0642390662565418e-14	0.0	0.0	0.0	0.0
915.0217525945928	-2.557291639114169	6.539740527483232	837264.8077212803	995.4379016077796	-6.933648930039567	990896.6159572996	48.07548748503884	867.9972618053805	-1.7374834614415704	753419.2465016383	3.018848778782981	870.7194001763688	787.456161394152	1.413282	18.760868	0.0466093879034371	0.0285115074111628	0.0748004184	-0.1061166632	-0.1388966841	0.0388279446	-0.135708398	0.1505967209	-0.094075351	-0.1712573991	-0.0232419894	-0.0779027277	0.0617034611	-0.0599525089	-0.171002541	-0.1012946798	-0.1009040039	0.1877228609	-0.0467464033	0.0163139908	-0.0089327942	-0.1201501019	0.1499251379	0.0186222505	-0.0708500152	-0.00400804	0.1097599575	0.1110636878	0.1290476852	0.0137742932	-0.0587509239	0.0232752993	0.084353897	0.0154528231	-0.0221438981	-0.0917532532	-0.1453640272	-0.2180590732	-0.1443557668	-0.0585709232	-0.0625417679	-0.2036232815	-0.1117798922	0.0392316101	-0.0926030476	-0.0381179107	-0.1801430826	-0.0434720625	-0.0441807973	-0.1250327521	-0.0558961799	-0.056177536	-0.1387401883	-0.0520200043	-0.1149067525	0.0325544174	0.085538617	-0.1441309679	-0.1843631053	-0.1501719421	0.1155017702	0.1252111364	0.06627519	-0.080643123	-0.0490273529	0.0061700806	0.0379663067	-0.135616036	-0.2034772047	0.0643455913	0.0526653554	0.1054260432	0.0428977012	0.040845236	-0.0553147728	0.0307082448	-0.0032349802	0.3187851312	0.2151223911	0.1216950748	-0.0762222654	-0.140197421	-0.105422099	-0.0462490695	0.1437067008	0.1082959623	-0.0022916417675418	-0.0024526146295897	5.251621990742106e-06	6.015318521277423e-06	0.0209367200488941	-3.230817750930065e-05	1.0438183339724803e-09	0.0004383462464057	-0.0023960464808112	0.0142204901504925	0.0002022223401202	5.741038738207737e-06	1.5000012174516046e-05	-0.0003829997361943	1.466887979249677e-07	2.2500036523562958e-10	0.0001940000802664	-0.0002149998171173	3.763603114336965e-08	4.6224921360472457e-08	-1.452579103953747e-09	7.994560522641785e-08	2.109986053243071e-18	6.391299795018249e-15	0.0	0.0	0.0	0.0
916.214358720084	1.1926061254911249	1.4223093705589522	839448.7511248547	994.0300628307252	-1.407838777054394	988095.7658112556	1.982010022178012	869.0614083370085	1.064146531628012	755267.7314607047	1.1324078407759273	871.4458699713109	784.6134617467926	1.183896	15.715839	0.050870187921303	0.0307020789605419	0.0660786327	0.0255325956	-0.1269247773	-0.0672501205	-0.0370818491	0.0042339475	0.051096813	-0.0276105628	0.230611299	-0.0084403791	0.0333614388	-0.0641171743	-0.0090370898	-0.200635882	-0.0138770174	0.0260417385	-0.055543022	-0.0734329427	0.156871665	0.0839988497	0.0981861833	-0.0665160885	0.1486980089	-0.1468807407	0.0852678472	0.1143032105	-0.0972274928	-0.0230753894	-0.1002325365	-0.023541213	-0.0324290957	0.1590302023	0.0097764086	-0.0882501347	0.0331763309	0.0479844733	0.0285073182	-0.1492436705	0.1031410575	0.0988060925	-0.203947705	-0.0066495167	-0.0697189884	-0.1839138967	0.0936519595	0.0122124986	0.119541137	-0.0864526652	-0.0424576817	-0.0028771227	0.0419573251	-0.0811827855	-0.1452033209	0.0631786191	-0.0025005753	0.085107725	-0.1069954761	0.0144342139	0.0698448424	0.0656672964	0.0145922559	-0.0378185445	0.1271576454	0.0150225546	-0.0836128364	-0.018306508	-0.0144279626	0.0763335455	-0.1832755313	0.1284949586	-0.0110270543	0.0434550361	0.0762761357	-0.2146643311	0.0589941321	0.3002456376	-0.026652978	0.0323807768	0.1606076427	0.1925088857	0.0455295118	0.0292712533	0.1412592515	0.0993643757	7.180662706218754e-05	0.0023634483946039	5.156191690048085e-09	5.585888313956167e-06	0.0209246394963145	-1.208055257960125e-05	1.4593975062851043e-10	0.0004378405380507	-0.0264902053128679	-0.0240941588320567	0.0005805284898243	0.0007017309775178	0.000233999689685	0.0002189996775104	4.796085874969597e-08	5.4755854772676296e-08	-7.499997994986352e-05	-0.0002690000602162	5.6249969924799304e-09	7.236103239635343e-08	8.812535403019198e-09	1.0265114506972944e-08	7.766078022946673e-17	1.0537257584126642e-16	0.0	0.0	0.0	0.0
916.3622565793336	0.1478978592496105	0.0218737767706176	839719.7852831684	994.8433700384096	0.8133072076843746	989713.33090938	0.6614686140713544	870.0349236076108	0.97351527060232	756960.7682969013	0.9477319820959084	872.472268892027	797.3984172729282	1.172828	15.568923	0.0311882422944095	0.0199817734020978	0.0290143195	0.0269061439	-0.091603685	-0.0172766724	0.0576520503	0.0842009281	-0.1016972406	-0.2023922863	-0.0207625197	0.0905068037	0.110633099	-0.1053155058	-0.0456294645	0.0570560161	0.026396734	-0.0026344634	0.0843138696	-0.0242052173	-0.072266179	0.2081823438	0.142461261	-0.0257796639	-0.0956686016	-0.0406657649	0.1525080661	0.0174040268	-0.0789256817	-0.0459249326	-0.2154686741	-0.0685936701	-0.152381617	0.0040235188	0.0079299374	-0.130514196	0.0045196079	-0.0093041934	-0.068673268	0.0404543317	0.017921202	-0.0979592447	0.1171818592	0.0174794116	0.0687363938	-0.1355499676	0.0006124782	-0.0881532587	0.0675283058	-0.2113300074	0.0132091083	0.0044081666	0.0839214562	0.1307478984	-0.1030127374	0.0095686615	0.1937240959	0.1584549597	0.0296298641	0.0896295248	0.0722641013	0.0881959355	0.0936348309	-0.004508094	0.0190277314	-0.1051814821	0.0219042829	-0.0440757026	0.020438577	0.0363152267	-0.0233953046	0.2116794667	0.1198025352	-0.1037492762	-0.0955747882	-0.1701373516	0.2122019193	0.1754709189	-0.1539261392	0.0279373544	-0.0756417982	0.083411856	0.0215644984	0.0974910788	0.1386044847	0.0898496795	6.954394073943604e-05	-2.262686322751506e-06	4.836359693570192e-09	5.119749395166732e-12	0.0209397573747764	1.5117878461902434e-05	2.2855024918885349e-10	0.0004384734389145	-0.0187696099479381	0.0077205953649298	5.960759278897554e-05	0.0003522982575977	-6.999999859846982e-05	-0.0003039996882834	9.241581047644683e-08	4.8999998037857765e-09	8.999999850445306e-05	0.0001649999784543	8.099999730801554e-09	2.7224992889924934e-08	3.151979287336237e-09	-5.660556115682961e-09	9.934973427796652e-18	3.2041895538795767e-17	0.0	0.0	0.0	0.0
917.0012502598316	0.6389936804980607	0.4083129237164577	840891.2929780944	992.6682630139728	-2.175107024436784	985390.280395178	4.73109056775424	871.3600343765751	1.3251107689642367	759268.3095087461	1.7559185500249908	873.2230866871435	789.3376128206548	1.189121	15.785201	0.029380707906974	0.0167673684410827	0.0314539869	0.0578088055	-0.0003626848	-0.2364616754	0.0872963022	-0.0484497488	0.0691082695	-0.0996979393	0.1303126695	-0.0623686724	0.0711928754	0.0392251166	0.0824246447	-0.0119750372	-0.1122604022	-0.1570750833	-0.0597457346	0.0390817108	-0.0194782466	0.1176893077	0.0640112313	-0.2384210562	0.007983364	0.0461785997	0.2952453301	-0.3018546722	-0.0027618874	-0.1538006449	-0.0935986807	0.0737734036	0.0610599781	0.172831539	0.0189986665	0.0423689456	-0.0158449054	-0.0127171536	0.0647158689	-0.1013042117	-0.0128428327	0.0909027891	-0.0069467953	0.1570182759	0.0537005564	0.0203824313	0.0634330671	-0.2887689341	0.1056300752	-0.0925688754	-0.0691153566	0.2103351091	0.1470054397	-0.1241276129	-0.0885260846	-0.1074442965	-0.0211079957	-0.0451626927	-0.0716320689	0.0924138844	0.0545419604	0.0630777577	-0.0072395885	0.0078808884	0.156807739	0.0150876557	-0.1443421662	-0.0132085475	-0.0202075675	-0.008309803	-0.1156693285	0.2689922049	0.0133564042	-0.0610538396	0.0422877904	-0.195005571	0.0205560102	-0.0445139777	0.0256778824	0.0347304032	0.0244966336	0.2404491088	0.1397780667	0.1570550932	0.1357462967	0.0798077096	9.864215006416543e-05	2.90982093247294e-05	9.730273769281332e-09	8.467057859057688e-10	0.0209830879690713	4.333059429489916e-05	1.8775404019491475e-09	0.0004402899807177	-0.0293263395642355	-0.0105567296162974	0.0001114445401916	0.0008600341922368	-0.0003199998319978	-0.0002499998333993	6.249991669969283e-08	1.0239989247862021e-07	0.0002149999049723	0.0001249999064678	4.6224959138098044e-08	1.5624976616970486e-08	3.4401853250267626e-08	3.1249873962931395e-08	1.1834875070529493e-15	9.76554622699097e-16	0.0	0.0	0.0	0.0
916.9474742274648	-0.0537760323668408	0.0028918616571195	840792.6704921272	999.1492534016454	6.480990387672591	998299.2305730656	42.00323640510452	870.5422371944304	-0.817797182144659	757843.7867394839	0.6687922311237446	873.0125121817055	802.6902483713995	1.220698	16.204374	0.0312858423355315	0.0187419123648942	0.0043352164	0.0118397094	0.0850258553	-0.1393353301	0.1351420214	0.0993529241	-0.0017094493	-0.0623061207	-0.1185083563	0.0441200306	0.1301223917	-0.1357111555	-0.0581669593	0.1106830797	-0.1309668181	-0.0606761225	0.0795117887	0.0696939057	0.0602454788	0.1001392489	0.039557316	0.1089068026	-0.1924432591	-0.1708160112	-0.012922138	-0.0130073081	-0.0190496783	0.0331913194	-0.0519996422	0.1973342159	0.110757058	-0.0673282493	0.0512056415	0.0616879156	0.0360519039	-0.1936784365	-0.1181797753	0.0415450583	-0.0918355738	0.014868533	0.0918037248	0.1409270297	0.0887700398	-0.0482247142	0.0781083735	0.1444996245	-0.0562225756	-0.2302298507	0.1423670163	0.0141513242	0.0302646093	-0.0740853036	0.1004546439	0.0813267602	0.1622240524	-0.0396873234	-0.139810788	0.0344680279	0.0111433638	0.0776235313	0.1119639986	0.0243365139	-0.1053784706	0.0009774394	-0.0552661042	0.1086304634	-0.005702043	-0.0539566569	0.0392457207	0.2125964124	0.2210443271	-0.0198588008	-0.1578483987	0.0663049496	-0.1518506978	-0.022328406	-0.1470838841	0.0512555621	-0.03488071	0.1973770684	-0.0992771124	0.2623629862	0.1326888823	0.0692973963	2.526551986647973e-05	-7.33766301976857e-05	6.383464941234819e-10	5.384129859167921e-09	0.0277607139140201	0.0067776259449487	4.593621344964309e-05	0.000770657237016	-0.0130925757989501	0.0162337637652854	0.000263535085987	0.0001714155410512	-0.0002789998174757	4.100001452209996e-05	1.6810011908124074e-09	7.784089815147394e-08	9.200001179321404e-05	-0.000122999893179	8.464002169951522e-09	1.5128973722066557e-08	1.2789652442825709e-08	-2.1612200807441922e-08	1.6357520960827762e-16	4.670872237411931e-16	0.0	0.0	0.0	0.0
918.5164845944428	1.5690103669779774	2.4617935316843678	843672.5324717333	995.6313932551894	-3.5178601464559733	991281.8712352696	12.375340010023242	873.0483016081779	2.506064413747481	762213.3369409239	6.280358845851506	874.9452212005235	793.8014431065301	1.506674	20.000616	0.1128207080534191	0.0673259638712189	0.0113896672	0.0869154921	-0.0769709239	-0.0710956196	0.181894491	-0.038328541	-0.0560130056	0.0053366582	0.0149475263	-0.1148916362	0.1324063157	0.1742706662	0.2639012807	0.1871095245	-0.0026863368	0.1867893908	-0.1028630212	-0.0002352335	0.5020972304	-0.1749677153	0.0772693337	-0.0282372848	-0.2865597702	0.0095389615	-0.0551936166	0.0391047074	-0.176484497	-0.1505764426	0.0096216884	0.0948229352	0.0203951035	-0.2284877037	0.0928252521	-0.0660423082	-0.0331289777	0.1455957486	0.2539555143	0.1525463232	-0.1572527502	0.1240306506	-0.0891671423	0.231897092	-0.2474560286	-0.1465699027	-0.1210480017	0.0572839931	-0.2363012333	0.1210235322	0.5275124652	-0.0611402865	0.0549198092	-0.0937124499	-0.074417617	0.0885072708	-0.0471791098	0.106807328	-0.1707746616	-0.130566364	0.0293699153	0.1669877744	-0.8429691518	0.0170996444	-0.0278157264	-0.210937217	-0.0451467347	0.0238482576	-0.025387098	-0.1071864773	0.2032887453	-0.0966568126	0.2407520832	0.0255709803	-0.0843278839	-0.1092723084	-0.0935555212	0.0223436543	-0.0091686905	-0.0301878534	0.011144447	-0.0436247689	-0.0479688667	-0.0059212494	0.1294367287	0.0583804184	0.0001587718960536	0.0001335063761871	2.5208514976455163e-08	1.782395248261687e-08	-0.0191323182452123	-0.0468930321592324	0.0021989564650868	0.000366045601436	-0.0560859766914774	-0.0429934008925273	0.0018484325203055	0.0031456367814369	-0.0001399998133264	0.0001390000041493	1.9321001153505427e-08	1.9599947731426843e-08	0.0004089995742322	0.0003169995624389	1.672806517221209e-07	1.0048872258650857e-07	2.85955736028528e-08	1.580592116002709e-08	8.177068296761717e-16	2.498271437169921e-16	1.0	0.0	0.0	0.0
923.71690167177	5.200417077327188	27.04433777815625	853252.9144340943	998.599536895752	2.9681436405625163	997201.0350884104	8.809876671011708	874.0210412597656	0.9727396515877444	763912.7805648049	0.9462224297710464	876.257591013295	817.1473881698556	1.50728	20.008656	0.1029974249374113	0.0700002348593819	-0.1282875334	0.0309662167	0.0147044623	-0.0732873638	0.0812590884	-0.1773418738	0.1296273923	0.1288799674	-0.0096754419	-0.0485570531	-0.2368732231	-0.1669321024	0.2946147368	0.0679606166	-0.1197952006	0.0363768524	0.2371683509	0.0363144472	0.2328656201	-0.0153651408	-0.0771151886	0.1673409383	0.0689586035	0.1009948963	0.1128443	0.0867215786	-0.1540688472	0.0912525994	0.1929368713	0.0622422838	-0.21007724	0.0117704316	-0.1738979551	0.0504587578	-0.1444995693	0.0440757128	0.1971970497	-0.0202270132	-0.0904354483	0.1928157183	0.2177840613	0.081275353	-0.3174561144	-0.0416792076	0.0515354741	0.1579015082	-0.130557276	0.0216053274	-0.0770957366	-0.1734314878	0.0095221636	0.2275755426	-0.1308687921	-0.1382133168	-0.1497860364	-0.0952732602	-0.0498722299	0.0927323604	0.037105928	-0.1170475061	-0.2697774922	-0.2092442333	-0.1529744855	0.2660610492	-0.027937333	0.1683824905	-0.0787111297	0.0095977661	-0.281667417	-0.0284844284	-0.0242045222	0.0141101192	0.0429723551	0.3103232593	0.4106276981	-0.1428649709	-0.2112144615	0.1392862777	-0.0279303563	0.0624676644	0.0958143952	-0.05689005	0.1259946088	0.0471208409	0.0076397716302523	0.0074809997341987	5.8366110562407885e-05	5.596535702308103e-05	0.0468187582958279	0.0659510765410402	0.0043495444969221	0.0021919961283631	-0.064597025170201	-0.0085110484787235	7.243794620718323e-05	0.0041727756608395	0.0002809998967391	0.0004209997100655	1.772407558752351e-07	7.896094196738488e-08	0.000408999806583	2.3235080000424607e-10	1.672808417849314e-07	5.398689426261317e-20	-5.74656790736474e-08	-8.60612526765002e-08	3.3023042713954362e-15	7.406539212248411e-15	0.0	1.0	0.0	0.0
919.924242411915	-3.792659259854986	14.38426426136377	846260.6117771358	1004.1821748600448	5.582637964292871	1008381.8403066496	31.16584664036405	871.6115186334425	-2.4095226263231098	759706.6394144959	5.805799286763016	874.1649189802621	817.7965127545124	1.320318	17.526802	0.1042846809455977	0.0754560546404281	-0.1095010846	-0.1336401667	0.1013791957	-0.0219867684	0.0344762599	0.1296775801	0.0071292464	0.1644706295	-0.1683378881	0.0094566043	-0.2370114223	-0.2219805367	-0.0138930251	0.2129484319	-0.2016101299	-0.0282496749	0.0691506718	0.0142603393	0.082373853	-0.0653637645	-0.1131754399	0.0232782532	0.0594672991	-0.0265906195	-0.1708803016	0.1232486204	0.1263478406	0.1477367636	-0.2102878499	0.042680409	-0.1701358905	0.0156635331	0.0882910956	-0.0073587341	-0.149980455	-0.1018708752	-0.1283562566	0.1111762984	-0.1666513264	0.157049336	0.1280347884	0.0745684272	-0.0809257686	0.0273780163	0.0035180401	0.136317069	0.0121406208	0.0204982698	-0.1463930528	-0.0891987793	-0.2770795783	0.1405073163	0.150744996	0.0212522377	0.0629787078	0.094613318	-0.0264536552	0.1094246506	0.0928635557	-0.014009062	-0.0237072694	-0.1123657328	-0.2965434414	0.0565505946	0.0561688963	-0.1233513763	-0.2379940382	0.282083334	-0.0908924485	0.0422639713	-0.070197434	0.0355460853	-0.0421097641	0.1048944449	-0.2098745105	-0.1387509212	0.0146531613	0.0082487626	-0.3197048063	0.0881109898	0.0228599008	0.0535728832	0.1223675745	0.0355847396	0.0058163065788505	-0.0018234650514018	3.3829422219179606e-05	3.32502479368377e-06	-0.0218031672935552	-0.0686219255893831	0.0047089686715948	0.0004753781040307	-0.033608326601481	0.0309886985687199	0.0009602994389829	0.0011295196169518	0.0002239998950386	-5.7000001700500014e-05	3.2490001938570043e-09	5.017595297730381e-08	0.0004089996234875	-1.8309549997029895e-10	1.6728069201291677e-07	3.3523962109373754e-20	-4.581575321630968e-08	1.1649925857337713e-08	2.099083242777791e-15	1.3572077248146583e-16	0.0	0.0	0.0	0.0
914.6721411289568	-5.252101282958165	27.5845678864508	836625.1257574303	997.3159604627032	-6.8662143973416505	994639.124993644	47.14490015026176	870.1028772366432	-1.5086413967993622	757079.0169754849	2.2759988641367306	872.7706282619619	792.280331352732	1.488461	19.758846	0.0574912038927961	0.0343702000009869	0.1302964481	0.0673411429	0.0207567396	0.1327745083	0.0810845752	0.1090078885	-0.2105163016	0.042631529	0.0691099193	0.1294150422	-0.0568909884	0.111851869	-0.0670466743	0.1515388057	0.132212165	0.0144852171	-0.0592120338	0.0483251491	-0.068971991	-0.0350131871	0.180574578	-0.0243594144	0.0096553871	0.0845225425	-0.0884230321	-0.1371209274	-0.0801840176	-0.0403604199	-0.054411639	-0.178771358	-0.1178901918	0.1334221749	-0.0083301963	0.0893921068	0.1368593287	0.1519312105	-0.0504797533	0.2410811724	0.103750226	-0.0358800654	0.0425986443	0.1151372289	-0.0308543058	0.0695480284	-0.1134254016	-0.175021295	-0.0001624034	0.0777320619	-0.2394072214	-0.1775732419	0.0943053442	-0.1704983162	0.0108533356	-0.0363519111	-0.1839838355	0.0504718778	0.0084511044	0.1132927945	0.0421061992	0.1101512858	-0.0671162109	0.0645917353	0.0609393493	-0.0084134431	0.1820703523	-0.062395648	0.1260988388	0.1572310905	-0.0762251968	0.1320028479	-0.1314494847	-0.0265366462	0.0856051099	-0.022092338	-0.1419878559	-0.2615340576	-0.1423448755	0.3104305776	-0.1299781079	-0.0376838581	0.0301191555	-0.2717810688	0.1185609488	0.023839813	0.0001587038503458	-0.0056576027285046	2.5186912114582082e-08	3.200846863358382e-05	0.0010404115127897	0.0228435788063449	0.0005218290926816	1.082456115945352e-06	-0.0102694736002035	0.0233388530012775	0.0005447020594152	0.0001054620880252	0.0001110001719172	-0.0001129997231213	1.276893742551306e-08	1.2321038165647956e-08	0.000409000172781	5.492934999538034e-10	1.6728114133488785e-07	3.0172334909149897e-19	-2.2701034734291965e-08	2.3114718482017722e-08	5.153369780075303e-16	5.342902105029315e-16	0.0	0.0	0.0	0.0
913.5215345924906	-1.1506065364661708	1.3238954017586777	834521.5941642191	998.148503591848	0.832543129144824	996300.4352226454	0.6931280618862551	868.8726118321573	-1.2302654044858627	754939.6155920347	1.5135529654747637	871.791587987876	769.8417221541257	1.534545	20.37059	0.0753884234290322	0.0425215337023788	0.2091029591	-0.1070472145	0.0329703008	-0.0621730626	-0.078343722	0.071841491	0.0795902873	-0.2624396651	0.1553959408	0.0393115439	-0.0721809497	0.122466108	-0.1158541832	-0.2058821388	-0.0431653942	-0.0176862939	-0.0151234371	0.0824036951	0.0545149975	-0.2018290103	0.0942383374	-0.0062223963	0.1156704115	0.0052172499	0.0949732859	-0.0518603269	-0.1078548971	-0.0965296412	-0.0397231611	-0.115813482	0.1265345907	0.0989555484	0.1451953581	-0.008813514	0.0678164008	-0.019430044	-0.0994157831	-0.1911537422	0.1051282572	-0.0424557977	-0.0900343852	0.1333415616	-0.0938698758	0.0504321888	-0.1578072065	-0.0112379308	0.0547260204	-0.0192943349	-0.0347502794	-0.0485990293	0.1020549814	-0.1754759805	-0.0897908517	-0.0968081963	0.028065629	0.0243851005	0.2047202006	0.0495745455	0.0007945468	0.1140330038	0.0228139541	0.1744939086	0.0732467925	0.2837524909	-0.1310113565	0.0132728385	0.0864304732	0.0766016466	0.0835285239	0.1133777945	0.0286804568	-0.0713356078	0.1291643148	-0.098320156	-0.0667728187	0.0351475573	-0.0561088645	0.1850022537	-0.0995339358	-0.0465813626	0.0154726451	-0.1581336277	0.1145803187	0.0119549848	7.55224968429502e-05	-8.318135350284978e-05	5.703647529393423e-09	6.919137570566061e-09	0.0330876370294674	0.0320472255166777	0.0010270246633167	0.0010947917241937	0.0059873271051458	0.0162568007053492	0.0002642835691734	3.5848085864013585e-05	-6.200000344874933e-05	-0.0001730001753659	2.992906067664922e-08	3.844000427644929e-09	4.200003536314334e-05	-0.0003670001374178	1.764002970505291e-09	1.3468910086472565e-07	1.3032515083996892e-09	2.400428624269165e-08	1.6984644941460653e-18	5.762057580210759e-16	0.0	0.0	1.0	0.0
915.6389415209896	2.117406928499008	4.483412100855604	838394.6712296783	989.9512253694757	-8.197278222372347	980003.4286105264	67.19537025497995	870.6623537125126	1.7897418803553364	758052.9341722125	3.203175998297856	872.0999630623338	768.8045177263083	1.199981	15.92937	0.0517363892749891	0.0397751819261474	0.2202065268	-0.0895751791	-0.0553841962	0.0361159347	0.1574967797	0.1010691007	-0.0897425435	-0.0571429369	0.1501029016	-0.0872301358	-0.0708610746	-0.0573411005	-0.0309027444	0.079001699	0.056705367	0.198872214	0.1794027977	-0.0797330329	-0.0693251757	-0.1092926533	0.1120387136	-0.1308591821	-0.049493212	-0.1765594743	0.1086457369	0.087779376	0.1083154855	-0.1543479292	-0.1209458996	0.0814830898	0.0449266932	-0.0036199079	-0.0840309324	-0.0711447783	0.0685359497	0.0880306203	-0.0297093648	0.0497314526	-0.0187031002	-0.0258178741	0.0027618521	-0.1926671432	-0.2827410833	-0.1185378515	-0.106485734	-0.206380476	0.0210878406	-0.2460595156	0.0267776549	0.075323674	0.0343913316	0.1208291465	0.1330736935	0.0339292759	-0.0464960521	0.0747519822	0.1547541778	-0.1586258999	-0.0195973253	0.2425964061	0.0294979882	0.2105971396	-0.191153257	0.0353387084	0.1021505007	0.0981211796	0.0636197786	-0.014531283	-0.054726583	0.0037664207	-0.0389533133	0.0440432746	0.1468958683	-0.0799427289	0.0530417799	0.104655767	-0.1165967865	-0.0173128975	0.0329028339	-0.0327138952	0.1964923024	-0.1152750913	0.1104315261	-0.0	8.873696879163617e-05	1.3214471948685969e-05	7.874249630327811e-09	1.7462226888260834e-10	-0.0042859457561519	-0.0373735827856192	0.0013967846902335	1.836933102467648e-05	0.0060364796193113	4.915251416550033e-05	2.41596964878971e-09	3.64390861943607e-05	0.0001749996322084	0.0002369996356571	5.6168827301621536e-08	3.062487127307528e-08	9.0999955544957e-05	4.899992018181366e-05	8.28099190918415e-09	2.4009921778241103e-09	-7.930974642769554e-09	-9.234226151169245e-09	6.290035878425364e-17	8.527093261093794e-17	0.0	0.0	0.0	0.0
917.6701663869054	2.0312248659157603	4.125874455914499	842118.5342765707	993.1411816796592	3.189956310183561	986329.40674807	10.17582126087992	871.8492259560862	1.186872243573589	760121.0728002267	1.408665722565405	873.5889397712169	791.6762442048063	1.319812	17.520086	0.0709524991053934	0.0374602575339191	0.1099181204	0.0881382477	0.1257081341	0.0060240915	0.0074779197	-0.1576791526	0.027840061	-0.2147889364	-0.0432719766	-0.1730403317	-0.091813305	0.1253668865	0.2019742303	-0.0933640313	-0.0445560941	-0.0217443911	-0.0923329984	0.1028712155	0.0066810717	0.0367824052	0.0615292815	-0.0120923553	0.0992441957	-0.0338558775	-0.0374969976	-0.0110746032	0.0591855701	-0.0022350326	-0.198061276	0.0976923851	0.0341770168	-0.0861986405	-0.0708757325	0.0581304425	0.182660582	-0.237084354	0.2143743271	-0.1112912706	-0.0331611349	-0.0628138065	-0.0321596034	0.1148933076	0.0195544891	-0.0490791387	0.0442973414	0.0024364882	0.1629415521	-0.0597871645	0.0202384173	0.0612749048	0.0140525507	0.0066733774	0.1909707563	0.053328656	0.0361340849	0.0976576608	-0.0523677906	0.1120689586	-0.0966955382	0.0971620141	-0.0021982985	0.1447697876	0.0997621099	0.167980941	0.0173282314	-0.0119325201	-0.2497136133	0.0245627866	0.0556698711	-0.0489856947	-0.047421934	-0.0175850213	0.0647555784	0.0438856199	0.1552660216	-0.0996996401	0.1072572963	-0.1347849202	-0.0934241601	0.0424886477	-0.0462575359	-0.1200494294	0.10612066	-0.0119549848	8.056589574323425e-05	-8.171073048401922e-06	6.4908635569096915e-09	6.676643476232027e-11	0.0141915669106396	0.0184775126667915	0.0003414184743514	0.0002014005713791	-0.0244814680869183	-0.0305179477062296	0.0009313451322001	0.0005993422796907	-0.0001139962171218	-0.0002889958493302	8.351860093008368e-08	1.2995137518080567e-08	6.100685227683478e-05	-2.9993103268122226e-05	3.7218360247275404e-09	8.99586243652244e-10	-0.0001199963315628	-0.0001199884005881	1.439911958852943e-08	1.4397216275704092e-08	0.0	0.0	0.0	0.0
918.0354561054672	0.3652897185618258	0.1334365784869779	842789.0986667733	996.9784284192464	3.837246739587158	993965.9867333104	14.724462540472276	871.935234296245	0.0860083401587417	760271.0528072476	0.0073974345768618	874.1127400631726	787.0972500306225	1.284131	17.046429	0.0236598959834621	0.011718612678367	0.1098211321	-0.1241499555	0.101852219	-0.0675732811	0.1365112343	0.1012554588	0.1332752827	0.1136894612	0.1179216557	0.1541834263	0.0571828082	0.1870599611	0.0210283173	0.2034367651	-0.0756978568	-0.189834553	0.0747028741	-0.1943553856	0.0092591691	-0.0048944821	-0.0242734001	-0.1706973267	-0.0685881584	-0.0025506367	0.0256528532	-0.0628138753	-0.0396637287	0.1117621382	-0.0358866967	-0.0797412739	0.0599384138	0.1393086923	0.0294034655	0.1559911222	0.1411367383	-0.0172846697	-0.0540157824	0.0356136124	-0.06868715	0.2772804937	0.1763860598	-0.0772726027	0.0918040423	-0.0247131246	-0.0296189317	-0.2115227561	-0.0236733706	0.0256190192	0.0329620987	0.0748764786	-0.0040897792	-0.1546298655	-0.0504862899	0.0490158682	0.0113884501	-0.0622169803	-0.0514767382	0.1273414329	-0.0916818988	0.1305351268	0.0148465265	0.1079352689	-0.148654373	-0.068487998	-0.0962734478	0.0661454546	0.085282176	0.2226072637	-0.0908031884	-0.1352511532	0.0335376233	-0.0009781381	0.1569427449	0.0603957198	0.0302435188	-0.1153093341	0.1364816398	-0.1909796909	-0.046099718	0.1324597994	0.0775359099	-0.0600796313	0.1016540472	-0.023839813	0.0001154106665239	3.4844770780665754e-05	1.3319621947490852e-08	1.214158050757138e-09	0.019626906029714	0.0054353391190744	2.95429113393405e-05	0.0003852154402992	-0.0291715269455181	-0.0046900588585997	2.199665209713045e-05	0.000850977984333	-8.599999796175237e-05	2.7996219160047634e-05	7.837882872574181e-10	7.395999649421411e-09	0.0001829995420759	0.000121992689799	3.348883239998909e-08	1.4882216364410953e-08	7.824178233285144e-09	0.000120004155741	6.121776502621304e-17	1.440099739511817e-08	0.0	0.0	0.0	0.0
919.037250994988	1.0017948895207385	1.003593000669868	844629.4687164245	992.6994495835417	-4.27897883570472	985452.1972034666	18.30965987640892	871.9942091025075	0.0589748062625403	760373.9007083076	0.0034780277737041	873.614562773012	797.3486181042858	1.267402	16.824356	0.0502539092297839	0.0266490863234379	0.0297422317	0.0831715731	0.0696886025	0.1181826996	0.1336653163	-0.1899145459	-0.1018639674	-0.0191240071	0.0123504253	0.0279027083	0.1079812945	0.207491239	0.1570024188	0.010997822	0.1342811576	-0.0251094423	-0.1316974817	-0.015811532	-0.0953403481	-0.0331258361	0.1365565687	-0.0991566005	-0.2036535783	0.0616184902	-0.1108782772	-0.0665606957	0.0829772544	-0.0651446826	0.0474793524	-0.0757128822	-0.0201176459	0.0661247572	0.029600609	0.1307407136	-0.0749470674	0.0695206407	0.2027661336	0.0660611202	0.0050154709	-0.1014447358	0.0690415783	0.0346353062	0.1182215196	0.0879002239	-0.1423484952	-0.236640914	-0.0191088671	0.0501720522	0.0128762178	-0.0637462332	-0.0812424028	-0.0782289226	-0.0057706255	0.034616089	0.0347521654	-0.0565719613	-0.166289802	0.0122270607	-0.0957556254	-0.0065595479	-0.026458992	0.1060363497	0.1367694713	0.033967258	0.1640797779	0.0393225463	0.1244314371	0.1025576538	0.0772478936	0.1541726628	-0.0434145434	-0.0571632516	0.0951600612	0.0929009844	0.0280054713	-0.1501483305	0.0007551032	-0.0685362107	0.1723812272	-0.0004819796	-0.0702352639	0.0001290332	0.0970382431	-0.0355847396	0.0001195955437651	4.184877241199996e-06	1.4303094088469952e-08	1.751319752391369e-11	0.0411686904734551	0.0215417844437411	0.0004640484770206	0.0016948610752991	-0.0370798523112085	-0.0079083253656903	6.254161008962218e-05	0.001374915447421	4.70012050651696e-05	0.0001330012030269	1.7689320006608518e-08	2.209113277578124e-09	-3.699849457605709e-05	-0.0002199980366519	1.3688886008945261e-09	4.839913613071586e-08	6.30008753615781e-05	6.299305118334482e-05	3.969110296325099e-09	3.9681244973875e-09	0.0	0.0	0.0	0.0
920.3415038154756	1.3042528204875907	1.7010754197498354	847028.483645331	997.5607604980468	4.861310914505111	995127.4708854414	23.63234380748652	871.2379389412173	-0.7562701612902174	759055.5462505403	0.5719445568579314	873.4522728504481	809.9547981576821	1.256853	16.684328	0.0424059004096305	0.0271870778582319	-0.0649180902	-0.1792335763	0.1333668807	-0.044024278	0.0436141538	-0.055365679	0.1918174987	0.0442439658	0.0117991271	-0.0458504238	-0.1574360999	0.0439880768	0.0249725612	-0.066148775	-0.1007413058	-0.0897898771	0.2067426346	-0.0144920198	-0.0334659159	-0.1409511782	-0.0390704733	0.1205468211	0.058243134	-0.0016684027	-0.0176187945	-0.0220097996	-0.1200946596	-0.00154376	0.0873305285	0.0476156091	0.0046129105	-0.0400827836	0.0557655721	0.0626084691	0.2136788085	-0.0392030286	-0.0112958464	-0.1463863519	-0.0330282657	0.074148873	0.1299725143	-0.0564632995	-0.0699644983	0.1374539483	-0.05440337	0.1238492557	0.0550548813	0.0401353102	-0.0103901098	-0.101165435	0.1081240109	-0.0016142605	-0.0222337563	-0.0945674458	-0.0027303966	0.001642812	0.1615563552	0.0997656216	-0.1057049069	-0.0761042791	0.0003983129	0.0618515788	-0.0877428435	0.2352646268	-0.1043370996	0.0631995071	0.0835922277	-0.0091245841	0.0963939731	0.1042825178	0.0419704939	-0.0552141446	0.0361152614	-0.114077875	0.0192902047	-0.1434514603	-0.0780312324	-0.1871604395	0.1565738501	-0.1313026957	-0.1024404628	0.0124460302	0.092280022	-0.0471208409	0.002590403617745	0.0024708080739799	6.710190902826384e-06	6.104892538444263e-06	0.0412727430846473	0.0001040526111921	1.0826945895913977e-08	0.0017034393217313	-0.0370463784620085	3.347384920000113e-05	1.120498580264416e-09	0.0013724341571503	-0.0002399998937436	-0.0002870010988087	8.236963071744114e-08	5.759994899693929e-08	0.000408999905165	0.000445998399741	1.6728092242497896e-07	1.989145725715837e-07	4.9056406235204674e-08	-6.29518189553429e-05	2.4065309927134278e-15	3.9629315097862706e-09	0.0	0.0	0.0	0.0
920.2826341734096	-0.0588696420659289	0.0034656347569705	846920.1267611497	998.858090689016	1.2973301909692054	997717.4853349064	1.6830656244001951	871.7283715032762	0.4904325620589134	759910.353683754	0.2405240979276699	873.5215205402295	807.3549272858401	1.169525	15.525074	0.0642186748442793	0.0428447574464492	-0.0330965647	0.0001719145	0.1706253166	0.0430586774	0.1566282157	0.0204329786	-0.0619467733	0.0344129099	-0.2155990345	-0.1413071268	-0.220622768	-0.0738782144	0.0457404921	0.1088081549	0.0094109322	0.2573136975	0.1990832576	0.0625088365	-0.1070895383	-0.1069793588	0.0622524439	-0.0080084622	0.0529006243	-0.0853472171	-0.0513445119	0.0687302738	-0.0547313416	0.2701675638	0.1245168811	-0.0797027888	0.06141823	0.1562728433	0.0967147172	-0.0294949982	0.0003395551	0.0300725008	0.0132450086	0.0940655644	-0.0817172036	-0.14494972	0.1217796618	-0.1173882082	-0.1952675282	-0.0294555702	-0.0217372315	0.0915257535	0.1240792953	-0.111484581	0.0856548188	-0.0445075951	-0.1769030729	-0.0089051346	-0.0971396664	-0.0750776469	0.2181982584	-0.0226833478	0.1914338957	0.1502259108	-0.0967254027	0.0362965397	0.0303585364	0.128126872	-0.1810969929	-0.0123638698	0.1680397109	-0.0698834005	-0.0624844281	0.0062151364	-0.002398274	0.0533640278	0.0259309285	0.0221953273	0.0463407265	-0.077952598	0.2133304104	-0.0862043641	0.093146205	-0.2356311255	0.0281542152	-0.0289433985	-0.033417371	0.1178642918	0.0873863672	-0.0583804184	0.0031161539541528	0.0005257503364078	9.710415465982132e-06	2.764134162329152e-07	0.0049351755204725	-0.0363375675641748	0.0013204188164809	2.4355957417871014e-05	-0.0376992148214299	-0.0006528363594213	4.261953121825864e-07	0.0014212307981523	-0.0001369999582327	0.0001029999355109	1.0608986715249558e-08	1.8768988555761548e-08	-2.200000722840656e-05	-0.0004309999123934	4.840003180499409e-10	1.857609244831241e-07	-1.507374965042181e-09	-5.0563781200246856e-08	2.272179285235917e-18	2.5566959692664373e-15	0.0	0.0	0.0	0.0
920.3148690631824	0.0322348897727806	0.0010390881186633	846979.4582187826	994.17816472608	-4.679925962935954	988390.2232181168	21.901707018562018	870.9979821777343	-0.7303893255418643	758637.4849576849	0.5334685668654995	873.2990761784597	815.3515174970594	1.156049	15.346183	0.0217228489707502	0.0150633135385592	-0.0580087359	0.0488119974	0.2193465935	-0.0375702563	0.0632064932	-0.1367733751	0.0733421362	-0.0099787512	-0.0271645391	-0.101130622	-0.1340853113	0.1607576079	0.1267710363	-0.2392050493	-0.0857737507	-0.0150095472	-0.03665143	0.0089716201	0.0011511161	0.0024925202	0.1352157778	-0.0039930685	0.100104705	-0.0430926499	-0.0567342073	0.0730819651	0.0764917779	0.1264036311	-0.0974280922	-0.013870196	-0.1954188477	0.0361929391	0.2040087844	-0.1107908223	-0.0054704238	-0.0410196792	0.1254681186	-0.1864201617	0.0109826413	-0.0221866184	-0.0623842306	0.0189976489	-0.0082383433	-0.0878753847	-0.0056042208	0.050754314	0.239430086	-0.0138721065	-0.0336326927	-0.09930486	-0.0800103718	-0.0479159463	-0.1291364786	-0.0793627494	0.1852536491	0.1041094458	-0.0555207119	0.0148907395	-0.1474352625	-0.0192465699	-0.0283966184	0.1127965046	0.1196876073	0.0703842136	-0.0500083042	-0.0513831675	-0.2121956783	0.1254034557	-0.0584580792	0.0482821559	0.0001783958	-0.0029424254	-0.0067144866	0.009721272	0.0007511637	-0.1137363753	0.1854349718	-0.0744328227	0.0630792506	-0.0937227733	-0.088273524	-0.0102961454	0.0823644609	-0.0692973963	0.0034641286007541	0.0003479746466012	1.2000186962562558e-05	1.2108635467729953e-07	0.0171428990782942	0.0122077235578217	0.0001490285144641	0.0002938789888085	-0.0464663705540289	-0.008767155732599	7.686301963964352e-05	0.0021591235924643	-0.0001290002093366	7.999748896100016e-06	6.399598240065343e-11	1.664105400888662e-08	-2.200000545782288e-05	1.7705836796721997e-12	4.840002401442364e-10	3.134966566721546e-24	-1.3573670842913562e-09	1.5000788075082463e-10	1.842445401517618e-18	2.250236428735363e-20	0.0	0.0	0.0	0.0
919.4589779058724	-0.8558911573099977	0.7325496731614471	845404.8120517116	1001.991060301315	7.812895575234961	1003986.0849237534	61.04133726952603	871.1008960748488	0.1029138971144902	758816.7711424046	0.0105912702192918	873.667677971931	808.5189106341489	1.161902	15.423872	0.0207084462597861	0.0127883923147951	-0.01074342	-0.1159243132	0.1286919606	0.0238519594	0.1729716521	0.1191325588	0.0761607405	0.1142182245	-0.0427271819	0.1396638768	-0.0307329123	0.090622812	-0.0190778295	0.0606794668	-0.1367631203	0.0652879905	0.0460795185	-0.2149232823	0.0299872336	0.0809461328	0.0565012472	0.0319715252	0.0109627218	-0.1305137103	-0.1162855187	-0.0552957433	0.1933356803	-0.0181982403	-0.0029563449	-0.0069763485	0.0363534457	0.0857111502	-0.1358146141	-0.2118582721	0.0546659843	-0.0153565234	-0.0913611915	0.0307255036	-0.1148440528	0.0780595448	0.0474062184	-0.0920063916	0.0366691397	-0.2085812624	-0.050400148	0.0083556142	0.0127865468	0.0073192362	-0.0933470624	-0.0596601345	0.0448383025	0.0051857072	0.1089453532	0.216183847	0.0179812808	-0.0334119912	-0.0075609505	-0.1050958725	-0.1295880362	0.037809738	0.0387179891	0.0991356899	-0.1206003592	-0.1465707326	-0.0908744118	0.0614349982	0.0641458174	0.1492672698	-0.0963007686	-0.0044971986	0.1070543447	-0.0336554106	-0.1003965942	0.156576881	-0.0696265441	-0.0438183128	0.0140529232	0.0104038549	0.1046150951	-0.0960477708	-0.0047554512	0.1226143873	0.0772216734	-0.0798077096	8.892296179396908e-05	-0.0033752056389601	7.907293134211684e-09	1.1392013105268266e-05	0.0208396028241395	0.0036967037458452	1.3665618584546655e-05	0.0004342890458678	-0.0486027963415551	-0.0021364257875262	4.56431514560695e-06	0.0023622318122186	-0.0003589997653296	-0.000229999555993	5.2899795756977153e-08	1.288808315067079e-07	-2.1999951276718832e-05	5.418110404775689e-11	4.839978561780024e-10	2.935592035833858e-21	-3.968942070641359e-09	-2.6115749863500023e-09	1.5752501160106918e-17	6.8203239093290144e-18	0.0	0.0	0.0	0.0
919.6309253041492	0.1719473982767567	0.0295659077741456	845721.0387757656	992.6121592854344	-9.378901015880617	985278.8987612925	87.96378426568643	872.402103547127	1.301207472278179	761085.4302734521	1.693140885912568	874.0820060888267	809.6836528057086	1.175245	15.601005	0.0262251862742242	0.0162685429122632	-0.0165163976	0.0552477015	0.022951018	0.1757264735	0.1606240264	-0.0818190669	-0.1370117436	0.0814717153	0.0643606905	0.0067212535	0.1028153574	0.1654563136	0.1729907471	0.0233428411	0.1357053676	0.0497555171	-0.1138830595	-0.0264120348	-0.1396183399	-0.0666518672	-0.1012668921	-0.0246354002	-0.0312021309	-0.1726235425	-0.0212407717	-0.1497932229	0.0414826367	-0.1905460809	-0.0199389676	0.0321583444	0.1334028949	0.2035774683	-0.0945031458	0.0078888133	-0.0885923109	-0.0814397535	0.1890423331	0.1019338679	-0.0068091207	-0.0461927694	-0.0633472308	-0.0786788009	0.0406659094	0.0777228006	-0.0949889296	-0.0779596051	-0.0548322797	-0.0549707877	-0.1084916209	0.0321508064	0.0974975282	-0.17817881	0.0192139098	0.166708645	-0.0519095788	-0.0669741004	0.0884925889	0.1176286498	-0.146022686	-0.0443609435	-0.0294679245	0.1083425386	0.1100842543	0.0106508306	0.1641055147	0.1277485237	0.043378147	0.0586465395	0.0924200704	0.0730625507	-0.1005423658	0.027605144	-0.0101911738	0.0415483042	-0.0670179295	0.0875461974	-0.0810318102	-0.1685783809	-0.0229304772	-0.0375214096	0.0588829593	0.0570325624	0.0719655524	-0.0898496795	7.100279850646984e-05	-1.7920163287499236e-05	5.041397395750357e-09	3.2113225225063535e-10	0.0279037610869892	0.0070641582628497	4.990233196258771e-05	0.0007786198827997	-0.0540934534201085	-0.0054906570785534	3.014731515426859e-05	0.0029261017029134	-0.0003589997962494	-3.091979997775843e-11	9.5603403066459e-22	1.2888085370711072e-07	-0.0002949999331511	-0.0002729999818743	8.702496055915347e-08	7.452899010341246e-08	-5.297153856206232e-08	-4.9002596491420963e-08	2.805983897632056e-15	2.4012544629010227e-15	0.0	0.0	0.0	0.0
920.5743853935844	0.9434600894352344	0.8901169403571403	847457.1990427757	999.9027383493824	7.29057906394803	999805.4861585934	53.15254308767734	871.3745686980217	-1.0275348491053364	759293.6389736633	1.0558278661259266	874.4716116877512	818.4288246312092	1.318268	17.499582	0.0408170720946417	0.0246771208553605	-0.0870666099	-0.1919230335	0.0911794986	0.0076745218	-0.0074509696	-0.020637126	0.1449204069	-0.1010837478	-0.0028877044	0.0723852121	-0.1387683038	-0.0001511196	-0.0002447682	-0.0377009322	-0.092345302	-0.1410698369	0.1807570927	-0.0008098404	0.0650835795	-0.1095726163	-0.0190184345	-0.0265836688	-0.0188635907	0.1437188657	-0.0236440475	-0.0327964121	0.0105212056	0.0504889798	0.1132158456	-0.0828314109	-0.0369334632	-0.0312830823	-0.1278134537	-0.062598549	0.0334890011	-0.0850606499	-0.0503295771	-0.151433105	0.0305988512	0.1033113219	0.1677610114	0.0912782738	-0.031058568	0.078645008	-0.0296526615	0.0548870186	-0.0126628686	0.0948615965	-0.0271818352	-0.0519840377	0.019671556	0.0138567628	0.0258706026	-0.0405348399	0.0109270988	-0.1211467014	0.0885337705	0.0583322108	-0.1357725631	-0.1149998678	0.0286956594	0.0735954987	-0.060866077	0.2108916259	-0.1221749069	0.0300995458	-0.0547165536	0.056519167	0.0745280687	-0.0336664194	0.0929483861	0.0196010424	-0.0934698163	-0.0866571621	-0.1321412907	0.0838199061	-0.1121919036	-0.0627349078	0.1068400857	-0.0815538654	-0.0011540998	0.0505311768	0.066603812	-0.0993643757	8.685736236202501e-05	1.585456385555517e-05	7.544201396488121e-09	2.513671950498764e-10	0.0194011384285488	-0.0085026226584404	7.229459207182411e-05	0.0003764041723237	-0.0551394162663285	-0.0010459628462199	1.0940382756726317e-06	0.0030403552261914	-6.999999892293709e-06	0.0003519997963571	1.2390385663544433e-07	4.899999849211193e-11	-2.199998420349125e-05	0.0002729999489476	4.839993049538645e-10	7.452897212539699e-08	-7.632076218933911e-11	5.289521779987298e-08	5.824858741161655e-21	2.797904066096e-15	0.0	0.0	0.0	0.0
919.0614836791528	-1.512901714431564	2.2888715975299654	844674.0107825258	999.5017797780592	-0.4009585713231445	999003.807779508	0.1607677759174971	871.6390463945943	0.2644776965726123	759754.6271996778	0.0699484519843548	873.9565749172353	802.4532119646105	1.303569	17.304466	0.0346368799043015	0.0245728320930954	0.0367656908	-0.0517053295	0.0669911916	0.1044360881	0.2109717747	0.1731308043	-0.1244670101	0.0753768689	-0.1553391565	-0.0644972693	-0.0858609369	-0.0265366874	-0.037153089	0.2459780931	0.027027561	0.133030401	0.1600974349	0.0843160815	-0.0699030672	-0.0722043817	0.1497262406	-0.073412504	0.1564454156	-0.0386399163	0.1009509846	0.0387186717	-0.0806497831	0.1548979092	0.188850602	-0.1148864987	0.0447328056	0.0966211018	-0.0773654858	0.043313242	0.1004603093	0.045124007	-0.0779797068	0.2107590815	-0.0826827345	-0.070395236	0.1196915836	-0.0337394546	-0.1929854771	0.002259942	0.0423823229	-0.030405234	0.1625836886	-0.0521265959	0.0137285635	-0.0154212345	-0.0526099946	-0.0858456055	-0.1100982771	-0.0374010624	-0.1092875928	-0.1791644597	0.2135417654	0.0486129081	-0.086447932	0.0794594575	0.043396759	0.1258069014	-0.1774379203	-0.0164095794	0.1733581858	-0.0583201745	0.0164306286	-0.100440546	0.0016163338	0.0212738167	-0.058866204	-0.0078894083	-0.0350576957	-0.0359396884	0.0782402861	0.0447514007	-0.0834718475	-0.1255788217	0.1451891506	-0.1246867322	0.00388992	0.0767089404	0.0611443214	-0.1082959623	8.226195065219599e-05	-4.595411709829023e-06	6.767028525104329e-09	2.1117808782833697e-11	0.0166883166221367	-0.002712821806412	7.3594021533449955e-06	0.0002784999116806	-0.0376701149800027	0.0174693012863257	0.0003051764874324	0.0014190375626066	-0.0002960000832288	-0.0002890000833365	8.352104816850758e-08	8.761604927145651e-08	-2.199997850715896e-05	5.69633228797049e-12	4.839990543154563e-10	3.244820153497511e-23	-3.215285000350348e-09	-3.138964238161009e-09	1.033805763347794e-17	9.853096488453725e-18	0.0	0.0	0.0	0.0
919.6268518638158	0.5653681846629297	0.3196411842290566	845713.5466689526	994.9895992722622	-4.512180505797005	990004.302659977	20.35977291689452	871.0398962402344	-0.5991501543599043	758710.5008421983	0.3589809074694971	873.4898170819421	803.5492732123411	1.351557	17.94149	0.0027973337312595	0.0021002377449802	0.0490692888	0.0405494149	0.213806969	-0.0894771379	-0.0224545158	-0.1242824707	0.0807328153	-0.1323099807	-0.0209345953	-0.0576298737	-0.1792695039	0.102915129	0.087652693	-0.2411852051	-0.0198785194	-0.1112411484	0.030230664	0.1586845917	0.0525764696	-0.0373585002	0.1374942236	-0.064144634	0.0545367988	-0.0046849705	-0.1167714852	-0.0583136982	-0.0460210903	-0.0627657334	-0.0012613221	0.0858304731	-0.0005650809	0.0209054404	-0.0688371417	-0.2042874784	0.1443863218	0.1656460592	0.0901118406	-0.2360357399	0.0906654584	-0.0228737031	-0.0146469506	0.1796972865	-0.0292837067	0.0308780033	0.0195056981	-0.0070336195	0.173212066	0.0023397848	0.0390478409	-0.0045417094	0.0065155943	-0.0145876615	0.0351760594	0.0908440964	-0.091901924	0.0660475169	0.0712582869	-0.0140505753	-0.1098766441	-0.0048413073	-0.0107932285	0.1110012904	0.1776678168	0.142716607	-0.0809095062	-0.1057938855	-0.1677648006	0.0946260703	-0.0019213908	-0.1140008903	0.0905006842	-0.0874707306	-0.068809934	0.1121010766	-0.0341542013	0.0576267543	0.1658851547	0.0876320958	-0.0365808926	-0.109216783	-0.1429490987	0.0629199586	0.055595093	-0.1165920251	8.096477118613166e-05	-1.2971794660643354e-06	6.555294173222655e-09	1.6826745671789546e-12	0.0157265036368556	-0.0009618129852811	9.250842186553464e-07	0.00024732291664	-0.037635914716219	3.4200263783701335e-05	1.1696580428747531e-09	0.0014164620765265	-0.0002599999749146	3.600010831419996e-05	1.2960077986341286e-09	6.759998695559266e-08	-2.1999984167964115e-05	-5.6608051545706156e-12	4.839993033906716e-10	3.204471499801326e-23	-2.8632054322407473e-09	3.5207956810960096e-10	8.197945347212924e-18	1.2396002228024317e-19	0.0	0.0	0.0	0.0
918.3135956616422	-1.313256202173534	1.7246418525472538	843299.8599770141	1002.292694890222	7.303095617959798	1004590.6462303036	53.3352056050636	870.178266562185	-0.8616296780494395	757210.215597169	0.7424057020955807	873.0848746651931	795.401038258346	1.346545	17.874952	0.0294022345019654	0.0210110602495063	0.1010341618	-0.0386260932	0.067394382	-0.0678461425	0.0955058793	0.1952734892	-0.0070524594	0.1836272816	0.0032594269	0.1844884975	0.0660109765	0.0290675992	-0.0807756222	0.15100608	-0.0126928295	0.0577440306	-0.1502634117	-0.2174132365	0.0925404969	0.0916818039	-0.0149461208	0.0305896139	0.1819638294	-0.0882030435	-0.1996795604	-0.0432985485	-0.0703174312	-0.0714871414	-0.0522355177	0.0197643321	-0.0277882074	0.0662812227	0.1428994589	-0.0360104462	0.0155274089	0.014608028	-0.1168207733	0.1557886738	-0.0925635507	0.0976654771	-0.10125808	-0.0960259438	0.0517209593	-0.2101382015	0.0042206402	-0.0168275622	0.0867792006	0.0983810871	-0.0388275586	-0.0924898628	0.0978404879	-0.0714720897	0.0621032601	0.27875008	-0.1233275143	0.1319392683	-0.0309012259	0.0269087362	-0.0910005721	0.1065171852	0.0390769845	0.0847849378	-0.0834467407	-0.1715768108	-0.0282806378	0.0326962525	0.1603166629	-0.0090221006	-0.1283793695	-0.0461135893	-0.0252869809	0.0072495952	-0.0746180161	0.2452932576	-0.1817289614	0.1036812366	0.0606002709	0.0056480319	0.0250940239	-0.0430610156	0.0734253061	0.0177779096	0.0499642712	-0.1242038795	8.892305193342054e-05	7.958280747288882e-06	7.907309165153806e-09	6.333423245266888e-11	0.0351456084150783	0.0194191047782227	0.0003771016303875	0.001235213790866	-0.0326107897253677	0.0050251249908513	2.5251881173678305e-05	0.0010634636065121	-0.0003589997653296	-9.8999790415e-05	9.800958502213929e-09	1.288808315067079e-07	-2.1999951276718832e-05	3.2891245282939956e-11	4.839978561780024e-10	1.0818340162625205e-21	-3.968942070641359e-09	-1.1057366384006112e-09	1.5752501160106918e-17	1.2226535135014844e-18	0.0	0.0	0.0	0.0
918.9392275140252	0.6256318523829805	0.3914152147161595	844449.3038640734	995.3145309270816	-6.978163963140446	990651.0154745964	48.69477229647197	870.5705408108619	0.3922742486769266	757893.0665277165	0.1538790861750472	872.9145856548641	800.7309397143597	1.328346	17.633366	0.0264674430453291	0.0154615445598231	0.0468082096	0.14793553	-0.0105265202	-0.0527975295	-0.0401465907	-0.0712334676	-0.0452638084	-0.1196698626	0.0452817942	-0.0407766849	0.0669421043	0.0551051142	0.0692907326	-0.2074719592	0.0044532703	0.0781375281	-0.0910270308	0.0432362225	-0.0188825592	0.024229125	0.0096780335	0.1245366792	0.0248783771	-0.0120497534	-0.0293514747	0.0685830684	-0.0073446246	0.0139059943	0.0058336019	-0.0553528173	0.2541881244	-0.1888362842	0.0570282949	-0.0128797569	-0.1615665022	0.0176465646	0.1077474393	-0.1191617817	0.0637478018	-0.0670809441	-0.1249856834	0.036368509	0.0490313514	-0.0608893341	-0.1044202853	0.1509928246	-0.0614099863	-0.121147492	0.0351899347	0.0302458521	-0.0172736987	-0.086613236	0.0350064123	0.0421351442	-0.0692584437	-0.1005412007	0.1718691411	-0.0421605313	-0.1004706793	0.0008134733	-0.0118255515	0.0447562441	0.143113202	0.1079126053	-0.0824368114	0.056552971	0.0108694278	-0.1349457003	-0.038709229	-0.0552231885	-0.0505926046	-0.1470575265	-0.0651375968	0.1374886868	-0.0113223218	0.097742184	0.0209736187	0.0271382966	-0.0128474774	0.0292915448	-0.0486003603	-0.0339314169	0.0442601199	-0.1310868562	3.161955433483854e-05	-5.7303497598582e-05	9.997962163338066e-10	3.2836908370306924e-09	0.0461457402505942	0.0110001318355159	0.0001210029003987	0.0021294293432753	-0.0351717688378556	-0.0025609791124879	6.558614014599341e-06	0.0012370533231835	-0.0003589935076	6.257729600017518e-09	3.915917974693541e-17	1.288763384989513e-07	-0.0002220101650425	-0.0002000102137657	4.928851338219809e-08	4.0004085610633486e-08	5.696013155708247e-05	5.696410049915311e-05	3.244456587000142e-09	3.2449087456776162e-09	0.0	0.0	0.0	0.0
920.3913103772288	1.4520828632036	2.108544641609565	847120.1642179124	997.62846951152	2.313938584438461	995262.5631798978	5.354311772553067	870.6114389333418	0.0408981224799163	757964.2776015839	0.0016726564223822	872.9901773539816	801.9831701848925	1.290389	17.129503	0.0600009486809888	0.0404022806202378	-0.0044279724	-0.0572983628	-0.1144763068	-0.13606526	0.1055029856	0.0527560544	0.1019278439	0.1474856288	0.110239839	0.014048051	0.0482729429	-0.1936186601	-0.0066890638	0.0199065827	-0.092463971	0.0801686609	-0.0011245121	-0.2432995625	-0.0590413446	-0.0106191319	-0.1217486521	-0.1202094711	0.1987140592	0.0356040985	0.0940225554	-0.0104334378	-0.035439897	-0.1357685693	0.0281300915	0.0383829718	0.1672180097	-0.1734650431	-0.1923667219	0.1327938637	-0.1799963794	0.0813721391	-0.0374147083	-0.0029965352	-0.1061043787	0.1292650408	-0.0425711766	-0.2400396767	-0.0332579242	-0.0653461031	-0.0284248519	-0.0426046577	-0.0507049393	-0.03370993	-0.1011598562	0.1045446181	0.0041117238	-0.036474808	-0.0375304347	-0.0944860618	-0.2637765134	-0.045877758	-0.0093461148	-0.1687570439	-0.0808759729	0.0515832926	0.0625454397	0.0364368269	-0.2029203991	-0.1256543951	-0.0416717466	0.018509334	-0.0333321025	-0.0685936404	-0.0875530599	-0.0766722534	-0.0515364325	-0.0776651926	0.0961169112	0.0456665855	-0.1473476288	0.0262295197	0.0033606599	0.1183878091	0.0938977574	0.0210369646	0.0101273765	0.0998787508	0.0384910108	-0.1372005631	-0.0093110797723028	-0.0093426993266376	8.669620652618636e-05	8.728603070795537e-05	0.0084255252737222	-0.037720214976872	0.0014228146179014	7.098947613813156e-05	-0.0352607746156081	-8.900577775249746e-05	7.922028473326973e-09	0.0012433222264927	-0.0003589997653296	-6.257729600017518e-09	3.915917974693541e-17	1.288808315067079e-07	-2.1999951276718832e-05	0.0002000102137657	4.839978561780024e-10	4.0004085610633486e-08	-3.968942070641359e-09	-5.696410049915311e-05	1.5752501160106918e-17	3.2449087456776162e-09	0.0	0.0	0.0	0.0
921.6859138302704	1.2946034530415318	1.6759981006270577	849504.9237531405	992.9339399115984	-4.69452959992168	985917.8090283696	22.038608164540804	873.4514904785157	2.8400515451738784	762917.5062191405	8.065892779244534	874.7335818215524	815.1672717091144	1.285135	17.059752	0.0737890326514275	0.0399290678072821	-0.1284518496	0.1636071122	-0.1637498175	0.0135288773	-0.0745120712	-0.2505183482	-0.0763750844	0.0028202579	-0.0013239257	-0.0286584959	0.1389608227	0.0159470189	0.2830254952	-0.0610579552	0.0269723734	-0.0223790147	-0.0862965013	-0.0338445443	-0.1512028287	9.51456e-05	0.0530715392	0.0595093697	-0.0330415141	-0.1116466621	0.0632850987	0.0711085529	0.1392212751	-0.1197757345	0.1135524223	0.1570834537	-0.0224476067	0.1061156806	0.2216108734	0.2733100572	0.0584108416	-0.0080911818	0.2999658994	-0.0166289219	-0.0538073661	-0.0345840296	0.0158501376	-0.0527475646	0.1594691325	0.002346291	-0.086020146	0.04168194	0.0231080805	-0.0254111622	-0.035113841	0.1409224043	-0.0475750493	0.0213444194	0.0497114225	0.1583188344	-0.000629404	-0.1342752641	-0.1491591249	-0.0411865409	-0.11409723	-0.1238459703	-0.0148526688	0.0153434917	0.2028746226	-0.0889028246	0.0815185521	0.0031139007	-0.0165792522	0.0111236754	0.1167210412	-0.030644411	-0.0378541391	-0.1489802891	0.0608860173	0.1131403412	-0.0525291683	0.1431410527	-0.112053845	-0.040297819	-0.2446398972	0.0156840313	0.2015462709	0.0470232924	0.0326654109	-0.1425091225	0.0001292224035012	0.009440302175804	1.6698429566626945e-08	8.911930517048972e-05	0.0321392512809666	0.0237137260072443	0.0005623408011466	0.0010329314729011	-0.0559419792342197	-0.0206812046186116	0.0004277122244768	0.0031295050406418	-0.0003589952430824	4.5222472000298365e-09	2.0450719738177692e-17	1.288775845557915e-07	-2.2071610178198146e-05	-7.165890147931349e-08	4.871559758583398e-10	5.1349981612219546e-15	0.0003989958469046	0.0003989998158466	1.5919768584711904e-07	1.592008530456771e-07	0.0	0.0	0.0	0.0
922.1433093216436	0.4573954913732905	0.2092106355286138	850348.2829266725	1001.1062902406204	8.172350329022038	1002213.8043593372	66.7873099002666	871.5889583070816	-1.8625321714340544	759667.3122428237	3.469026089626854	873.9351288601571	821.2620689942664	1.237033	16.421217	0.0644009886365517	0.0359996581039244	-0.1780747681	-0.1161707828	-0.177333605	-0.0695114678	-0.0569964779	-0.0346808229	0.1685528191	0.1829529037	0.0122126392	0.1085210094	0.1484769726	0.0125185083	0.0347815357	0.0038713758	-0.1229656018	-0.071146299	-0.0121310317	-0.1189277801	-0.1431131054	-0.0458580181	-0.1729519782	-0.2174463356	0.0388084256	0.1200691212	-0.0159279709	-0.0110873958	-0.1411155944	-0.0547601744	0.2059643916	0.198961067	-0.0042110933	-0.059810801	0.039093742	-0.1765936863	-0.0661395571	-0.0978407463	0.0271003744	-0.0895942245	-0.0993600231	0.1263914623	0.0516319947	-0.2059897395	0.1263606177	0.0639607386	0.0317004493	-0.1156024765	-0.0308737414	0.1146523701	0.1782537727	0.0685700886	0.0915380695	0.0055991862	-0.1356673694	-0.0142787556	-0.1168886813	-0.0759749312	0.0722027963	0.0599615867	-0.1162203012	-0.1467602397	0.0032334608	-0.0279092834	-0.065008286	-0.136991116	-0.1383805618	0.0329368483	0.132295517	0.0181066692	-0.0379731372	-0.0260492643	-0.0398268982	0.0789071389	0.2046468179	0.0106692181	0.0703951886	0.2548884605	-0.0277881376	-0.0145622162	-0.074348181	0.1973343574	-0.0856810857	-0.1160926636	0.0267918699	-0.1469813818	-0.0161061414857783	-0.0162353638892795	0.0002594077935599	0.0002635870406173	0.060108047307537	0.0279687960265704	0.0007822535511759	0.0036129773511251	-0.0637864459376658	-0.0078444667034461	6.153565786147454e-05	0.0040687106853587	-0.0003589983900702	-3.146987800017008e-09	9.903532213455889e-18	1.288798440729955e-07	-2.202729133138348e-05	4.431884681466497e-08	4.852015633976417e-10	1.9641601829817395e-15	0.0001519960723941	-0.0002469997745105	2.3102806023232485e-08	6.100888860823786e-08	0.0	0.0	0.0	0.0
923.1206032894175	0.9772939677739032	0.9551034994472588	852151.6482174182	995.087418578392	-6.018871662228435	990198.970613008	36.22681608637648	872.6312232232863	1.0422649162046582	761485.2517441689	1.0863161555511032	873.7817118791129	828.3065065600208	1.182994	15.703872	0.0409504726750375	0.023202209557197	-0.2269772846	0.096789294	-0.1953245778	0.0911233785	-0.0334564678	-0.1900594103	-0.0501304435	0.0678901553	-0.0007909003	-0.0131791363	0.1345539286	-0.0423060707	0.1196107566	-0.0329811065	0.080710403	-0.163268581	0.0500770424	0.0380737607	-0.2208279677	-0.0506694359	-0.0918519403	-0.1843758336	-0.099120567	-0.1130797353	-0.1298728253	0.2066848991	-0.0365060361	0.0313281522	0.003690423	0.0293068823	0.0331752955	0.0289733857	0.0375092065	-0.2570650551	-0.0111822004	0.2132332224	0.1712758157	-0.0281400743	0.065450591	-0.0245559823	0.0896775393	-0.1896220675	0.106188947	0.2158999053	0.05587874	-0.1039809419	0.0355420805	-0.1761975861	0.1425337354	0.047461329	-0.0702152489	0.0118924852	-0.0478290316	0.2160898472	-0.0103524682	0.13453899	0.1474056163	-0.1357910797	-0.1256095881	-0.1975053531	-0.0018433986	-0.0887485947	-0.0088536749	-0.0281664887	0.1091710109	0.1981527271	0.0066924513	-0.1269888847	0.0492824231	0.02480978	0.0282514872	-0.0963368306	0.136358502	-0.0586472594	0.0110926141	0.1941850024	0.0602963415	0.1065634187	-0.2259044176	0.0096123537	-0.1214514106	-0.1401292469	0.0208790082	-0.1505910958	-0.0118697506020879	0.0042363908836904	0.0001408909793557	1.7947007719415127e-05	0.0396084686778692	-0.0204995786296678	0.0004202327239939	0.0015688307910057	-0.0679014392626697	-0.0041149933250038	1.693317006482662e-05	0.004610605453942	-0.0003589997675037	-1.3774334999970723e-09	1.897323046914185e-18	1.2888083306771065e-07	-0.0001119999169794	-8.997262564801652e-05	1.2543981403392491e-08	8.095073365998121e-09	-2.012125789325591e-08	-0.0001520161936519	4.0486501920691333e-16	2.3108923132440312e-08	0.0	0.0	0.0	0.0
923.7542768544208	0.6336735650032779	0.4015421869839634	853321.964006834	997.0902078318042	2.0027892534121747	994188.8825540704	4.011164793583296	871.58921890751	-1.0420043157762393	759667.7665158034	1.0857729940963086	873.8931643284208	829.2370434004007	1.175029	15.598133	0.0453172137543527	0.0262865191526792	-0.2491536435	-0.1337803703	-0.1320656036	-0.04881517	0.0226686235	-0.0510514352	0.1755163911	0.1525529558	-0.0354828699	-0.0895199517	0.0200333595	-0.0869921401	-0.0079913674	0.0827231326	-0.1858031443	-0.181993424	-0.0795027774	0.1193209054	-0.104806443	-0.031055911	-0.0796760029	-0.0751805882	0.051095253	0.0071661255	-0.0473382894	0.0550640738	-0.0641108687	-0.0565174362	0.0543983629	0.0619062025	-0.2498816464	-0.1059474977	-0.0820978209	0.0172452312	-0.092382508	-0.0351409697	-0.0157815115	-0.045869198	-0.1744156302	0.081500463	0.0423800367	-0.042092219	0.0807105042	0.2587041273	0.1060265455	-0.0747118525	0.0541446668	-0.0024884251	0.058172209	-0.1606088709	-0.0188044683	0.2214882179	0.0463545529	-0.102965468	-0.1104792344	0.1283957818	-0.0956221821	-0.042872357	-0.101631737	-0.1217239776	0.030674276	-0.1407584237	-0.1853870252	-0.1328080427	-0.0948816284	-0.1086879634	-0.1611200362	-0.104392429	0.0693651032	-0.0534196251	-0.1332729574	-0.1398822058	0.1816359633	-0.2362214267	0.0147776141	-0.0686515827	-0.0716057401	0.0797400061	-0.0117215168	0.0602033423	0.0330156679	-0.0928561946	0.0149355036	-0.1533170814	-0.0094014042509229	0.002468346351165	8.838640188927116e-05	6.092733709309576e-06	0.015432505563254	-0.0241759631146152	0.0005844771925192	0.0002381622279598	-0.0670773577645462	0.0008240814981235	6.791103155494805e-07	0.0044993719246729	-0.0004679984224885	-0.0001089986549847	1.1880706788495461e-08	2.1902252345172453e-07	-2.2037011065512147e-05	8.996290591388785e-05	4.856298567015047e-10	8.093324440471038e-09	0.0001579947736524	0.0001580148949102	2.4962348501473105e-08	2.4968707013511022e-08	0.0	0.0	0.0	0.0
923.3625994892384	-0.3916773651824314	0.1534111583962517	852598.4901355237	992.9920639215512	-4.098143910252929	986033.239011182	16.79478350914317	871.9848565083165	0.3956376008064808	760357.5899798294	0.1565291111719082	873.6378779241159	833.773171598559	1.2698	16.856186	0.0527116215824445	0.0263886625643467	-0.2085004268	0.1727938837	0.0127265519	0.0025533678	-0.0041287099	-0.2261573939	-0.116238838	0.132886834	0.0108027218	-0.0280375888	-0.0296470597	0.1081475758	0.1485579978	-0.0250546352	0.0672608132	-0.1510268623	-0.2028024308	0.1019116271	-0.0443582881	0.1084849575	0.1151957677	-0.0566392089	-0.0106244045	-0.0780197853	0.1462911095	0.05865445	-0.0326757225	0.3588174127	0.0981555519	-0.0290175143	-0.0577739556	-0.2209738459	-0.0130572086	0.0820282278	-0.206099923	-0.0083643975	0.1954089239	0.0533598751	0.0696905151	0.0578663241	-0.0709266739	0.0388290659	0.2013493125	0.0171975341	0.0725993549	0.0422528799	0.0559553606	-0.1585436322	0.0719853237	-0.1691526092	-0.2598852191	0.0757810614	-0.0059000346	-0.3670051433	-0.0798116263	-0.1090401632	0.0180160414	-0.0541544726	-0.1292595571	-0.1257953094	-0.0262996938	-0.1206233223	0.1669948236	-0.1764256042	-0.0506838885	-0.0966078564	-0.1450021693	-0.0442924929	-0.1919042408	-0.0430632884	-0.0542683932	-0.035146854	0.0112116394	-0.0541587341	-0.0035540582	-0.0422392027	-0.0096393547	0.0996465105	0.0439800843	-0.0571894547	-0.1412347372	-0.1751528939	0.0089700792	-0.1551433414	-0.0161450159879024	-0.0067436117369795	0.0002606615412496	4.5476299259127695e-05	0.0353748859523364	0.0199423803890824	0.0003976985355828	0.0012513825561408	-0.0800541019297611	-0.0129767441652149	0.0001683958891294	0.0064086592357805	-0.0004409997678558	2.6998654632699964e-05	7.289273519758111e-10	1.944807952488695e-07	-9.79997191610238e-05	-7.596270809551166e-05	9.603944955639536e-09	5.770333021203912e-09	-2.1569442743344085e-08	-0.0001580163430951	4.652408602583989e-16	2.496916468516205e-08	0.0	0.0	0.0	0.0
923.9170291829928	0.5544296937544004	0.3073922853165982	853622.6768143271	999.1730760086416	6.18101208709038	998346.8358205708	38.20491042075738	871.6600850554436	-0.3247714528729375	759791.3038788631	0.1054764966011986	874.3211957496231	836.673963802377	1.211728	16.085302	0.0677057188801821	0.0410772199311896	-0.2453630262	-0.0004448104	0.0222319593	-0.0477153285	0.0070555199	-0.0172084107	0.052510972	0.0283800188	-0.1758700716	0.0843619283	0.1788767242	-0.0705772672	0.0731943754	0.0271688433	-0.1170176983	0.046249525	-0.052206926	-0.1847891373	-0.1079130279	0.2250904301	-0.0259867073	0.1077321977	0.0195896559	-0.1187414961	-0.1156615259	-0.0307147337	-0.0084561198	0.0331788816	0.0232579399	-0.0443178515	0.1939137885	-0.2294012354	0.0209530667	-0.1218688133	0.0869921333	-0.0315073502	0.0041659766	0.0003952429	-0.1363589436	-0.0180398026	0.1097087648	-0.1219252757	0.2603160455	-0.1882298468	0.0377526157	0.2148467111	0.0011736306	-0.0326720437	0.0263982509	0.0207135475	0.0006076467	-0.161945755	0.1060501013	-0.1435034077	0.0755925303	0.0550145017	0.0463598062	-0.2161117388	-0.1242072708	-0.1175590074	0.0382032065	-0.1580149698	-0.0972698343	-0.151201445	-0.1035256299	0.0495640845	0.0777073241	-0.1225872645	-0.0767419269	0.2358820767	0.1613238605	-0.0323386027	-0.1178385352	0.0518108091	0.0033250093	-0.0306342913	0.1252400854	0.122528184	-0.0047620876	-0.1691009697	-0.0179479967	-0.0810666088	0.0029914899	-0.1560591586	-0.0062274746708368	0.0099175413170656	3.878144077591392e-05	9.83576257757033e-05	0.0724069240639977	0.0370320381116612	0.0013713718467035	0.0052427626524095	-0.0779970076764726	0.0020570942532885	4.231636766912615e-06	0.0060835332064837	-0.0003589975750698	8.200219278600002e-05	6.724359621712313e-09	1.288792589059967e-07	-2.203878176643137e-05	7.596093739459243e-05	4.857079017483878e-10	5.770064009865191e-09	0.00021599620434	0.0002160177737827	4.665436028928704e-08	4.6663678590052485e-08	0.0	0.0	0.0	0.0
922.2165059479676	-1.70052323502523	2.8917792728606733	850483.2838428777	997.6044262730798	-1.5686497355618485	995214.5913196406	2.4606619928782574	871.826278312437	0.1661932569934379	760081.0595561148	0.0276201986700868	873.5503551942185	835.6480918700753	1.286787	17.081692	0.1181114129054955	0.0622527260068346	-0.2344640603	0.1093817588	0.0306252989	0.1088155389	0.0019826169	-0.0869142131	-0.086989376	0.2144431065	-0.2272121196	-0.2359188529	0.0649451362	0.1007406133	0.1761404654	-0.0368315809	0.0601026539	0.1756473491	-0.0951825038	-0.0713783044	-0.1784986073	-0.0440557824	-0.0774955651	0.1818021579	0.0714325963	0.1980217522	0.0193894432	0.0963481274	0.0741579764	-0.012527107	-0.1500096009	-0.1233450194	-0.0039996934	0.1421194431	-0.1091425398	0.088781492	-0.0464886759	0.0275373862	0.188950591	0.086216361	-0.1038149845	-0.1365462694	-0.0952871891	-0.1038882029	0.0157037545	0.0694782784	-0.1463808545	0.2315536276	0.0381575029	0.1746701883	-0.2726597208	0.0807571559	0.0060493456	0.0081846007	-0.1626342922	0.0298452535	0.0957037021	0.0739301645	-0.1071349013	-0.0764550597	-0.1224647526	-0.1747431604	-0.0056506485	-0.1190647364	0.0778618933	-0.0196436867	0.2778953051	-0.0978505602	-0.1758419853	-0.0183579062	0.111440634	0.0233977763	0.0342957715	0.2726278254	-0.0687142625	-0.0754669116	-0.0442333966	0.0088419498	-0.1773226446	-0.0662952927	0.0382516005	0.30931356	0.1185295514	0.1052815324	-0.0029914899	-0.1560591586	-0.0028422117902238	0.003385262880613	8.078167860487178e-06	1.146000477085623e-05	0.0235863498425175	-0.0488205742214801	0.002383448467315	0.0005563158988936	-0.0866522225001915	-0.0086552148237189	7.491274364472351e-05	0.0075086076642226	0.0002260723570457	0.0005850699321155	3.4230682546563585e-07	5.1108710620198475e-08	-0.0002789410153245	-0.000256902233558	7.780809003026295e-08	6.599875760712447e-08	0.0005190312582601	0.0003030350539201	2.6939344705106266e-07	9.183024390435794e-08	0.0	0.0	0.0	0.0
920.4130158631503	-1.8034900848172128	3.2525764860339974	847160.1197702999	1002.649407586386	5.044981313306266	1005305.8345333308	25.45183645160942	869.79122554656	-2.035052765877026	756536.7760377867	4.141439759903734	872.6642944589196	823.0492576651557	1.472876	19.551964	0.0537259039527235	0.0322581818935512	-0.1258480471	-0.181388031	0.1735025902	0.0196387956	0.0187690627	0.0643042947	0.1284391481	0.1175907765	-0.0111803971	0.1943605834	-0.2211101792	0.0193788728	-0.1177944049	-0.0772579485	-0.0526126863	-0.1121078825	0.1811183682	-0.2592577571	0.1022662079	-0.0768724004	-0.036780343	0.1050180694	0.0487354689	-0.0556721401	-0.1314719442	-0.0270677141	0.0187765206	-0.1299751852	-0.0948466968	-0.1324784285	-0.0422714476	0.0362735373	-0.0421696496	0.1818029755	-0.0704695233	-0.1854600129	-0.1613813603	-0.1204291417	0.098085231	0.1558276387	0.0811464097	-0.1796250186	-0.0186375486	-0.0542220524	-0.0674755072	0.1417440753	0.0246173225	0.144843971	0.0123385479	-0.1238376543	0.0244517855	-0.0035760031	0.0802822302	0.1752764626	0.0277199419	0.0035116964	-0.1083359106	0.064728675	-0.0716159541	-0.098348983	0.0169802648	-0.0870025918	-0.0137906047	0.0056473072	-0.1491399562	-0.1303028846	0.0989843682	0.0942660895	-0.0275787834	-0.1174580512	0.1110549857	0.1981694472	-0.1873927133	-0.2273500058	-0.0375615056	-0.0835908351	-0.188926113	0.0228648836	-0.0005991741	0.0121797356	0.149196065	-0.042612398	-0.0089700792	-0.1551433414	-0.0069864257975211	-0.0041442140072973	4.881014542426833e-05	1.7174509738279146e-05	0.0235391789314149	-4.717091110259877e-05	2.225094854249276e-09	0.0005540929447651	-0.0625179078477771	0.0241343146524144	0.0005824651437417	0.0039084888016631	-8.69781157108081e-05	-0.0003130504727565	9.800059849307325e-08	7.565192612602722e-09	-8.402256175932266e-05	0.0001949184535651	7.05979088459919e-09	3.799320354024021e-08	0.0005189960969436	-3.516131649998911e-08	2.693569486426907e-07	1.2363181780124064e-15	0.0	0.0	0.0	0.0
916.773949233162	-3.639066629988292	13.242805937494348	840474.4739925684	993.551284745682	-9.098122840704036	987144.1554197952	82.77583922454048	869.4848142168598	-0.306411329700154	756003.8421537273	0.0938879029686165	871.8013166118955	802.8065427865359	1.562777	20.745361	0.1089720711735603	0.0555489255824999	0.0707090337	0.0903227723	0.1764581994	0.1362192326	0.0598681887	0.1779475241	-0.089900282	-0.0987881944	-0.1439318415	-0.1034422855	-0.033628709	0.1414509719	-0.1658991887	0.1544681692	0.069155068	0.1028175323	-0.1068658708	0.0886598337	-0.0286360238	-0.0599600664	0.1580911971	0.0567484505	0.068749697	0.1043148438	0.0293295323	0.0606313805	-0.1891756318	-0.0919055568	0.0750544613	0.1088633245	-0.0437307243	-0.0941768154	-0.1085945995	0.1099147054	0.1871428158	-0.1884691768	-0.1308879382	0.1609665818	-0.0277585017	-0.1846389571	-0.0603551152	0.0513180552	-0.0274645637	0.0507826675	-0.0039824459	0.0429815825	0.1838072929	0.0778777195	0.2220547611	-0.0636941842	0.1777381531	0.2010771273	-0.0263345789	-0.087100994	-0.0495521694	-0.0279209476	-0.0320663336	0.0975912628	-0.0376974459	0.0741447456	0.0020364191	0.0393585821	0.0474336308	-0.0282618597	0.1163272909	-0.1280992813	0.1678598371	-0.2341355252	0.0472508009	0.1345896932	0.0177107572	0.1514318478	-0.1978409829	0.0094285841	0.2564473157	-0.158674251	0.1188092742	0.0496689937	-0.1121859621	0.1054722118	0.0382649906	-0.0465084513	-0.0149355036	-0.1533170814	-0.0070388858199521	-5.246002243100047e-05	4.954591358632275e-05	2.752053953461072e-09	0.0664011239240096	0.0428619449925947	0.0018371463285482	0.0044091092583716	-0.0402877474335809	0.0222301604141961	0.0004941800320408	0.001623102593272	-0.0003114620087363	-0.0002244838930254	5.03930182278805e-08	9.700858288605105e-08	-0.0004060294985457	-0.0003220069367863	1.6485995368927258e-07	1.03688467338546e-07	0.0001889368118687	-0.0003300592850749	3.569711887910853e-08	1.0893913166415417e-07	0.0	0.0	0.0	1.0
915.8338646483178	-0.9400845848442714	0.883759026661826	838751.6676366733	999.631072110908	6.079787365226025	999262.2803296034	36.96381440636201	869.2590911668347	-0.2257230500251807	755611.3675761913	0.0509508953126702	872.517199858986	792.4745976949475	1.247396	16.558784	0.068696053527307	0.0376847628017982	0.1940420443	0.0802099249	0.2051946989	0.0453853981	-0.1777697871	0.2068511083	0.0825010275	-0.0953943897	0.0815595941	-0.1065633912	-0.1307018203	0.1534137325	-0.1780753698	-0.0089012916	0.157396654	-0.1445042206	-0.1076910657	0.1450408814	0.1552149882	-0.1349093357	0.0994324251	-0.0068145437	0.190039733	0.0351941952	-0.0632796921	0.0777036634	0.0654059016	-0.0665845551	-0.0464169444	-0.0181480685	0.0633158523	-0.1841278145	0.0231707582	0.0506049435	0.1574749353	-0.0151603105	-0.1312736736	0.0258332226	0.1389242803	0.0608867534	-0.1712528882	0.1474797748	-0.0797576145	0.1270905147	0.0406245218	0.0608917051	0.2513635748	0.0760356064	0.1321334061	-0.0063405765	0.0582635619	0.0639976136	0.1428525767	-0.0081969435	-0.0126131596	0.0064122763	0.0917669657	-0.185902335	-0.0270459522	0.1542264304	0.0287416776	-0.0109649883	0.0566329579	0.2270603424	0.0039641295	0.0508535942	-0.0927100892	-0.2518607824	-0.0859481772	-0.2197771997	-0.036018823	0.1586156684	-0.1852660547	0.0008115564	0.0136744755	-0.0976327121	0.1719585754	0.1984077288	0.0844479179	0.2507392743	-0.0200111817	0.0672433363	-0.0208790082	-0.1505910958	-0.0071150353931841	-7.614957323200024e-05	5.0623728646262426e-05	5.798757503415768e-09	0.0453828702140128	-0.0210182537099967	0.0004417669890177	0.0020596049088619	-0.0330080035826227	0.0072797438509581	5.299467053556369e-05	0.0010895283005104	0.0002520154257013	0.0005634774344376	3.175068191203798e-07	6.351177479140748e-08	-0.0001959805790323	0.0002100489195133	3.8408387357835597e-08	4.4120548588746784e-08	0.0001560250379573	-3.29117739114e-05	2.4343812469576903e-08	1.083184861995109e-09	0.0	0.0	0.0	0.0
915.6951687418988	-0.1386959064190023	0.0192365544573886	838497.6420572544	994.8742978295614	-4.756774281346566	989774.8684818628	22.626901563680136	868.7975796607233	-0.4615115061113783	754809.2344243308	0.2129928702731928	872.1544263910951	780.4170944108996	1.374253	18.242773	0.1022815154766087	0.0524212050648319	0.1969479547	-0.0356429791	0.0367390444	0.0224863929	-0.1879466387	0.1664514246	-0.1235506291	-0.187730419	-0.0661880198	-0.0254414099	-0.0915547706	0.0015921213	-0.1710414389	-0.0560595725	-0.0101450135	0.1248179159	-0.0127184576	-0.0103436766	0.0492307092	-0.0337499217	0.1518247932	-0.0077897732	-0.0619061282	0.0112108022	0.015312014	-0.1617170847	-0.0109758187	0.1102262345	-0.0762027543	0.123645381	-0.0702174423	0.0139375742	-0.015952919	0.1480707989	-0.1085600568	0.1101381845	-0.1712342052	5.86097e-05	0.0281020401	-0.1463115972	0.0019605254	0.0785418048	-0.0627289672	-0.1243484089	-0.1506532952	0.0186068003	-0.0141768424	-0.0171177092	-0.0357094602	0.053018215	-0.1651421733	-0.0311725555	0.150903529	-0.0757784	-0.1490763074	-0.0273071067	-0.165735522	0.134781144	0.06442154	0.1858665404	0.0665504499	-0.0171052736	0.0449311087	0.0138733557	0.0149789099	-0.2680967325	0.0441013714	-0.0201557572	0.0445134829	-0.1553409556	0.0825738337	-0.1622215859	-0.1310633701	0.0406777027	0.0262536868	0.062954138	-0.1508806027	0.2392452211	0.0298716459	-0.1924716852	0.0750396055	0.0558877826	-0.0267918699	-0.1469813818	-0.0069802402639993	0.0001347951291848	4.872375414315702e-05	1.8169726851946935e-08	0.0121727443139292	-0.0332101259000836	0.0011029124622994	0.0001481757041322	-0.0272648613363486	0.0057431422462741	3.298368286093833e-05	0.0007433726636903	-0.0004310056880593	-0.0006830211137606	4.665178418427706e-07	1.8576590313947066e-07	2.188815900372454e-05	0.000217868738036	4.790915045723276e-10	4.7466787013409894e-08	0.000519004230182	0.0003629791922246	2.693653909468104e-07	1.3175389398809568e-07	0.0	0.0	0.0	0.0
916.925017704062	1.2298489621632598	1.512528469734047	840751.4880915945	994.9623691647552	0.0880713351937174	989950.1160539424	0.0077565600828041	870.0556125960811	1.2580329353578463	756996.769009942	1.5826468664450792	872.9573042620267	777.2905263605807	1.242694	16.49637	0.0640108467840374	0.036887290709849	0.1704286828	0.0481864212	-0.0542593145	-0.2256644834	0.00673328	0.0941147241	-0.0055694017	-0.0124437137	0.1262397818	-0.016927528	-0.0302389974	-0.040470338	-0.0340835479	-0.0172710267	0.0073976148	0.1150448009	-0.1194852842	-0.1593720009	0.1903317622	0.0977166549	-0.0002086464	-0.0170636432	-0.0278025222	0.1627680526	0.0113906844	-0.0873045421	0.1617377296	0.3081435254	-0.1460985047	0.0181957377	-0.0738433842	0.0036416158	0.0304761065	0.0738456614	0.0455604913	0.1924001981	-0.0483873388	0.0324317458	0.0180799781	0.0705162577	-0.142406284	0.0601065961	0.0203608423	-0.2626678013	-0.0338066387	-0.0674400637	-0.0078661848	0.1980367116	-0.0464398446	0.1831693995	-0.2098516996	-0.0280276946	0.0297071206	-0.234244841	0.1216871798	0.1719922781	-0.037606284	0.0801981959	0.0993566042	0.1589376472	-0.0411621761	-0.0725447012	0.0678164754	-0.0700487929	-0.1115789765	-0.1755481477	0.1687128272	-0.1070301721	-0.0972886151	0.0168905701	-0.1382651686	0.0323384643	0.1650362799	-0.0506107216	0.0348673346	-0.0264735016	0.0796202112	-0.0359303164	-0.0778241533	-0.0557296555	0.0605733425	0.0821122956	-0.0326654109	-0.1425091225	0.0010409793127621	0.0080212195767614	1.0836379295986538e-06	6.433996349862033e-05	0.0450835008391692	0.03291075652524	0.0010831178950636	0.0020325220479153	-0.0388411295465545	-0.0115762682102058	0.0001340099856746	0.0015086333444522	-0.0004310027463494	2.9417098999784397e-09	8.653657135631162e-18	1.857633673607253e-07	2.193770778102788e-05	4.954877730333978e-08	4.81263022685771e-10	2.45508133225596e-15	0.0002890046712326	-0.0002299995589494	8.35236999942632e-08	5.289979711691853e-08	0.0	0.0	0.0	0.0
917.6292920678402	0.7042743637781541	0.4960023794751237	842043.5176609255	996.480733782746	1.5183646179908692	992973.8528002	2.305431113166558	870.8467500945061	0.7911374984249733	758374.0621501631	0.6258985414141246	873.0488566418406	795.6052060602457	1.421797	18.873907	0.0387990284972237	0.0204767563803392	0.1145219446	0.1563265696	0.0589772429	-0.0131443945	-0.1737625149	0.0035697372	-0.0992118275	-0.1030439164	-0.0867765824	0.0608443928	-0.0027168192	-0.0979347318	-0.0542743699	0.0170445015	0.141354003	0.0005429647	0.1323829048	0.1193660187	-0.05545166	-0.0500502999	-0.0933732093	0.2239790889	-0.0242477332	0.1836806375	0.0163370084	-0.2472705198	0.0740173944	0.1332714508	-0.2058624198	0.1191923786	-0.0173261731	-0.0417920286	0.0416083848	0.0126890617	-0.1286821402	-0.0582557048	-0.0430333338	0.0675863835	0.1310328906	-0.1140731877	0.1035715345	0.0962401958	-0.0547754624	0.1217438798	-0.0348318312	0.1551168537	-0.0759655589	0.0012795103	-0.0742094244	0.3509479943	0.0103544175	0.0499796827	0.0560028264	-0.0536306721	0.010125956	-0.0107697242	-0.1561049185	0.1086574253	0.1671018064	0.0470349351	-0.0136584777	-0.1550510191	-0.0098451444	0.2063738503	0.123280944	-0.012730699	0.1875593773	-0.0583741835	0.0346884954	0.032216535	0.0230030593	-0.1104211356	-0.0101751915	0.077771582	-0.1642992508	-0.0900130387	-0.0616275668	-0.0626721061	-0.0494910341	0.1052963404	-0.2583773019	-0.0622672235	-0.0384910108	-0.1372005631	0.0029948536854789	0.0019538743727168	8.96914859742655e-06	3.817625064359471e-06	0.0306368275175543	-0.0144466733216148	0.0002087063700614	0.0009386152003403	-0.0322953443207438	0.0065457852258106	4.284730422244157e-05	0.0010429892647953	-0.0004309793718977	2.3374451700044173e-08	5.46364992277698e-16	1.85743219001336e-07	-0.000207043313962	-0.000228981021743	4.28669338563673e-08	5.2432308318481015e-08	0.0002009551558857	-8.804951534689998e-05	4.038297467704599e-08	7.752717152823976e-09	0.0	0.0	0.0	0.0
916.070978609997	-1.5583134578431554	2.428340832895092	839186.0378514776	999.11455908487	2.6338253021240234	998229.9021753544	6.937035722108703	869.6549609375	-1.191789157006042	756299.7510832048	1.420361394757172	872.9067469553335	782.9055886022824	1.275521	16.93214	0.0405295034878122	0.0178847701434979	0.1759386962	-0.1149805777	0.0117331843	-0.0463470583	-0.1225110996	0.1036203828	0.06621604	0.0125121164	0.0845958775	-0.0104491404	-0.0293154275	0.0566785825	-0.1323789361	-0.0319503179	-0.0053560659	-0.0474087605	0.0078156605	0.1020860869	0.1094049258	-0.0418912289	0.0588943336	0.0038775862	0.1100737608	0.1942830075	0.0250697246	-0.1292591817	0.1025605699	0.0244009544	0.0838834532	-0.0909669939	0.1220778693	0.1381796933	0.1375316428	0.0476914241	-0.2012259138	0.079240786	-0.1022991576	-0.0392273745	0.0235763972	0.0432632123	-0.0882393815	0.0878122119	-0.1147561147	0.0979156934	0.0705892827	-0.11473576	0.0909422525	0.1702759986	-0.1171797138	0.0535529423	0.0156357452	-0.071340125	-0.0098115608	0.0368039468	0.1229328132	-0.2247661812	-0.1299498609	0.0283630366	0.1602260263	0.0825480752	-0.0209082526	-0.0503151131	0.0248249747	0.1686193969	-0.0402670589	-0.1226300983	0.1312843318	0.011131008	0.0300825778	0.0095928301	-0.0970819464	0.1942088915	0.0061771212	-0.0730428017	-0.0658749	0.1040905078	-0.0414384227	-0.1517874737	-0.1886510687	-0.0567167612	-0.2844920218	0.1107019516	-0.0442601199	-0.1310868562	-0.0069840833139238	-0.0099789369994027	4.877741973582884e-05	9.957918363804816e-05	0.0280512662528735	-0.0025855612646807	6.685127053417769e-06	0.0007868735383895	-0.0273334359822001	0.0049619083385437	2.4620534360109544e-05	0.000747116722593	-0.0002599437244307	0.0001710356474669	2.9253192704455897e-08	6.75707398709037e-08	-0.0002530576469272	-4.601433296520002e-05	6.403817266833142e-08	2.117318838232293e-09	0.0004439671131572	0.0002430119572715	1.9710679756513802e-07	5.905481137692535e-08	0.0	0.0	0.0	0.0
916.0169137287232	-0.0540648812738027	0.0029230113871503	839086.9862370952	995.3401206260504	-3.774438458819645	990701.9557278806	14.24638567941682	869.4417592694682	-0.2132016680318429	755928.9727615879	0.0454549512515601	871.6339431699381	783.1143271193881	1.16216	15.427308	0.0549885502765835	0.0368331935282758	0.1862910941	0.0494944469	0.0245856627	0.1244509763	-0.2101366744	0.0082959171	-0.1361430128	-0.1374412095	0.0686969092	0.0735673679	-0.2163346597	-0.1462427433	-0.1534171861	-0.0653486484	0.2009279432	-0.0168422763	0.1296314029	0.0216878966	0.0349147816	0.0426401253	0.1162365312	0.1161425304	-0.0056695523	-0.0490293644	-0.0080103878	0.1036434788	-0.0970822848	-0.1934178558	0.0143666198	-0.0249002765	-0.0418973083	-0.0027836059	-0.1738922757	-0.0841660678	-0.052441999	0.1174062279	-0.1047680255	0.0200501258	0.2560429496	-0.1175958686	0.0472863113	-0.0192219089	-0.0718539521	-0.0038170548	0.0035064568	-0.0095387695	-0.0043153583	-0.0446860013	-0.01271843	-0.0969180165	0.1793154596	0.1034421749	0.02384051	0.1011243195	-0.02752651	0.04836324	-0.1722152509	-0.1640704101	0.1860136948	0.1063754277	0.0399949315	-0.1315786778	-0.0245212873	0.1501433945	0.1412462444	-0.0054578098	0.1305691803	0.0400974672	-0.0028318725	-0.1311219795	0.1279222642	-0.0253759356	0.0301748344	0.0030974177	-0.0643250245	0.050288245	0.1009476686	-0.1199792554	0.1438488841	0.1352483954	-0.0405346313	-0.1784107884	-0.0499642712	-0.1242038795	-0.0069301394240852	5.394388983859938e-05	4.802683243725995e-05	2.909943250918945e-09	0.062884988871815	0.0348337226189414	0.0012133882314933	0.0039545218254082	-0.0273827243228765	-4.928834067640178e-05	2.4293405266330423e-09	0.0007498135913426	-9.689177508635972e-05	0.0001630519493443	2.6585938184989303e-08	9.38801607938572e-09	-0.000416025116851	-0.0001629674699238	1.730768978508882e-07	2.6558396253364653e-08	0.0005189796024316	7.501248927439997e-05	2.693398277400616e-07	5.626873547141971e-09	0.0	0.0	0.0	0.0
916.5734074138684	0.5564936851451421	0.3096852216064205	840106.8111782691	996.2293175098508	0.8891968838004232	992472.8530661432	0.7906710981603833	869.9913699833039	0.5496107138357047	756884.983845426	0.3020719367629929	873.2751614899062	786.1509271470951	1.178152	15.639595	0.0524983042513181	0.0299628408022234	0.1422529218	-0.138657634	-0.0768541458	0.079361835	-0.1780563729	0.1024060159	0.0608974141	-0.1055921944	0.0803642556	-0.0365329004	0.0267869868	-0.017220022	-0.0878923106	0.0113086947	-0.1009655257	0.1004913245	-0.0886772874	0.0552570673	0.0198930513	-0.0477634958	0.0308532453	-0.0152437459	-0.1808118695	0.102711953	-0.1006932043	0.1417370379	-0.0104287588	-0.0686467615	-0.0055838814	0.0193116492	-0.1348368912	0.1908280724	0.1258114696	-0.0387460606	0.0666568389	0.0225267945	-0.0913339006	-0.0234614592	-0.1375911927	-0.0524174454	-0.1087837924	0.1171888792	-0.041029345	-0.0241952735	-0.0715831073	-0.1775934881	-0.0404485117	0.1104775553	-0.0135139603	-0.0130769016	-0.0050638652	0.2068536718	-0.0480844592	0.1301289798	0.0215361992	0.0875020937	0.0596970396	-0.0136735252	0.1592641638	0.1483017746	0.007725989	-0.1056890648	0.0188338811	-0.0617213173	-0.033016891	-0.1287614821	0.0290596867	0.0877490419	0.1188609826	-0.1123082409	-0.1060177155	0.0108053797	0.0236028956	0.1089009921	-0.024772717	0.0240847787	-0.0337251561	-0.0987183929	0.1161012992	0.0812174785	0.1009261426	0.0081507981	-0.055595093	-0.1165920251	-0.0049298512248583	0.0020002881992269	2.4303433099236885e-05	4.001152879966394e-06	0.0384522347046498	-0.0244327541671652	0.0005969594761931	0.0014785743537814	-0.0441480953653155	-0.0167653710424389	0.0002810776661906	0.0019490543243849	-0.0002469017286241	-0.0001500099535377	2.2502986160395e-08	6.096046359756873e-08	-0.0003800640801505	3.59610367005e-05	1.444487050206457e-07	1.2931961605747074e-09	0.0005189527758201	-2.6826611499927714e-08	2.693119835313871e-07	7.196670845680536e-16	0.0	0.0	0.0	0.0
918.431248691439	1.8578412775706283	3.4515742126452644	843515.9585729159	990.175638598065	-6.053678911785823	980447.7952730858	36.64702836700039	871.1762698856477	1.1848999023437727	758948.0932118709	1.4039877785742825	873.4351509569096	797.4803949074237	1.222254	16.225035	0.0311655995159594	0.0191750761200241	0.085420457	0.1553477792	-0.0372934664	0.0790863721	-0.1854868176	-0.0680757978	-0.1318359588	-0.0667406025	0.1849425805	0.0227362767	0.0229287542	-0.0415417326	0.0232671071	-0.0135949057	0.1461054443	-0.0880202187	-0.0720788988	-0.058756513	0.1230438453	0.214007896	-0.01078697	-0.0083496106	-0.0750416527	0.129881659	0.1737708252	0.043982382	0.0429305812	-0.0156768539	0.0672112812	0.1048118341	-0.122020949	0.0423746769	-0.1458062617	-0.1761958722	0.1977945062	-0.2065003874	0.0603676613	0.0686159982	0.1799205089	0.0984750245	-0.0691307799	0.1113102922	0.1010018978	-0.1483731416	0.0326606237	-0.05910241	-0.1500885227	-0.0453143564	-0.0483789881	0.0657095779	0.0013229684	0.2589616373	-0.0421368311	-0.0612844963	-0.0530397952	-0.06966308	0.0202215226	0.0150367133	0.1418824132	0.0710512495	-0.0026983636	-0.1392208037	0.1876166569	-0.0257994845	-0.001631835	0.0794904037	0.0323711876	0.0684521706	-0.0892107526	-0.1131516336	-0.0308837776	-0.0388217644	-0.0302157325	0.0447412738	0.0805554222	-0.0193572652	-0.0920403306	-0.201019249	-0.0492461764	-0.1790117613	0.1307102101	0.1032148064	-0.0611443214	-0.1082959623	-0.0069971138011624	-0.0020672625763041	4.8959601546417336e-05	4.273574559387466e-06	0.0442663355084107	0.0058141008037609	3.380376815629315e-05	0.0019595084593431	-0.0623303319012649	-0.0181822365359494	0.0003305937254492	0.0038850702749218	-0.0003398989902062	-9.29972615821e-05	8.648490661769532e-09	1.1553132354319447e-07	-0.00038908778065	-9.02370049949997e-06	1.5138930105114249e-07	8.142717070467602e-11	0.0005189337459028	-1.9029917300056494e-08	2.692922326367118e-07	3.621377524469895e-16	0.0	0.0	0.0	0.0
918.6848218280752	0.2535731366361915	0.0642993356235166	843981.8018572823	999.5720922780592	9.396453679994238	999144.367661137	88.29334176027726	870.8985271232359	-0.2777427624117763	758464.2445454217	0.0771410420721244	874.3683194362276	805.534545452734	1.175573	15.605353	0.0158896594107054	0.0087597386118286	0.0021275819	-0.0811404245	-0.0329672076	-0.0985290599	-0.1593905685	0.0545084162	0.067202664	-0.0628446248	-0.0069962322	0.1244180921	0.1432139066	-0.0010793434	-0.0664157993	0.1001912512	-0.1291569222	-0.0969605207	0.0051523614	0.035651517	0.0146794038	0.0567001326	-0.0413412745	-0.0314147486	-0.0707083616	0.1467301382	0.1351403061	-0.0172728031	-0.0048437263	0.0317031194	0.0436757055	-0.031169053	0.1206479802	-0.0755085421	-0.0267141286	0.0809289159	0.1969750949	0.0300642647	-0.0994010226	0.0190406419	-0.0456036795	0.0662277522	0.0873835413	0.1464755849	0.1145597664	0.0331498838	0.0427489797	-0.0358071834	-0.1248304356	0.0276017521	0.0157345588	0.0788526757	-0.0382279246	-0.0490537333	-0.0776157739	-0.1387102652	-0.0335410154	-0.0174964448	0.1088817473	-0.0307299679	0.1651507755	0.0042339407	0.0027710038	-0.1136126751	0.0338479051	-0.01218669	-0.1498235109	0.0006622042	0.0894461279	0.0142878453	0.0851838485	0.1134822354	-0.012288954	0.0562335939	0.077711633	-0.0083900773	0.077331774	-0.0988019	0.0897494793	-0.1778852627	-0.0280536535	-0.0266204438	0.084991509	0.0565985755	-0.066603812	-0.0993643757	-0.0069669142507251	3.0199550437300625e-05	4.853789417695648e-05	9.120128466150643e-10	0.0482665033563449	0.0040001678479342	1.6001342811646537e-05	0.002329655346248	-0.0689387286365388	-0.0066083967352739	4.367090741077874e-05	0.0047525483060223	-0.0003098796425799	3.001934762630003e-05	9.011612319086454e-10	9.602539288544657e-08	-0.0004640803308388	-7.499255018880003e-05	2.153705534714501e-07	5.6238825838196915e-09	0.0005189277381767	-6.007726100019234e-09	2.692859974491857e-07	3.609277289285232e-17	0.0	0.0	0.0	0.0
917.2838565908446	-1.4009652372305936	1.9627035959285732	841409.6735621731	997.7048457833224	-1.8672464947368328	995414.9592995232	3.486609472106988	869.8324570391255	-1.066070084110379	756608.5033187221	1.1365054242351105	872.3650160666818	797.3001478267289	1.161867	15.423419	0.0720684243513793	0.042011658261546	0.0177731072	0.0681013277	-0.0840141545	0.103788672	-0.055013649	0.0580170332	-0.1352376122	-0.0072311912	0.0463367531	0.0748951602	-0.0120613697	-0.1019809595	-0.0945781045	0.0279748441	0.23229776	-0.0043963518	0.10670384	-0.0553757473	-0.007486194	-0.0430756392	-0.0983224572	-0.0191432748	-0.0310585911	0.0614051654	0.1448687976	-0.0953012761	0.0423160125	-0.1107597454	-0.1650505184	0.2100640407	-0.049259649	-0.142263917	-0.0368508183	-0.0083945073	-0.1206791461	0.0743358903	-0.0667534954	0.1042566833	0.193597255	-0.0125760381	0.0472903739	-0.0500653772	-0.0997187956	0.0790426451	-0.0479644416	-0.0458205706	-0.1240794093	0.060561533	0.0122629709	0.1745906497	0.0899930649	-0.0337734191	-0.0311051345	-0.1863959305	-0.0060014882	0.1687709066	-0.1079923164	-0.0959225227	0.1741524856	0.0635161927	0.0797328424	-0.1028709981	-0.0717229988	0.0127784057	0.1245543699	0.149423116	-0.0001001944	-0.0134115651	0.0439615149	0.0215141191	0.0094888137	-0.1489910362	0.0412816745	-0.2727851306	-0.0464686364	-0.1574894442	0.0111519104	0.0574773373	0.1482099318	-0.129692349	-0.0659962665	0.0093465792	-0.0719655524	-0.0898496795	-0.0070343683444207	-6.745409369560054e-05	4.948233800498802e-05	4.5500547562948555e-09	0.012114964175069	-0.0361515391812759	0.0013069337851753	0.0001467723569632	-0.052543224473041	0.0163955041634977	0.0002688125567752	0.0027607904380243	-0.0004309360626161	-0.0001210564200362	1.4654656831980891e-08	1.857058900630673e-07	-0.0003890699865534	7.501034428540002e-05	1.5137545443666284e-07	5.626551749814244e-09	0.0003259159642401	-0.0001930117739365	1.0622121574655417e-07	3.7253544878153173e-08	0.0	0.0	0.0	0.0
919.3493826207006	2.06552602985596	4.266397780012523	845203.2873250633	993.4775868792866	-4.227258904035807	986997.7156314905	17.869717841750013	870.8744604885962	1.0420034494707124	758422.3259313036	1.0857711887088637	873.6365810030229	797.3246714536267	1.157729	15.368481	0.0475516848683646	0.0252412581895857	-0.0115540078	-0.0904081652	-0.1738857809	0.070931048	-0.0636057569	-0.1111210302	-0.0046703491	-0.2436936335	-0.1293646645	-0.0831748199	0.0923328265	-0.1205526518	0.0193359018	-0.0738226201	-0.0473189228	0.2118521029	0.0920977288	0.0659569947	-0.0059668447	0.0994571317	0.1099938236	-0.0607070345	-0.2282286197	-0.0128713561	0.1060258736	-0.0826796956	0.0436786597	0.0296207686	-0.0262564525	-0.1956382775	0.0048007102	-0.1835970863	-0.1026642267	-0.0502474032	-0.0548811119	-0.1888527824	0.0195352568	-0.1052725526	-0.0821007822	-0.2308239116	0.0264759961	0.0591123476	-0.0855635147	-0.145129488	-0.0043749262	-0.1229913993	-0.1623720167	-0.0700714323	0.0008099616	-0.0827086002	0.005187221	0.0015320831	0.0815358566	-0.1023036054	0.1618042005	-0.0695679181	-0.034402909	-0.0587425454	0.1466708961	0.0429563438	0.0283490986	-0.0279728803	0.0147548387	-0.1093276777	0.0734493391	-0.0597337221	-0.2164830733	0.0849309712	0.1005128296	0.048771726	0.0978134599	-0.0430542117	0.081413212	-0.0052579273	0.2368613238	0.1520084742	0.0271926998	-0.0500199183	0.1360573082	-0.2233144579	0.09383907	-0.1583176735	-0.0772216734	-0.0798077096	-0.0062879216861801	0.0007464466582406	3.953795913153399e-05	5.571826135985598e-07	0.0240823677556676	0.0119674035805985	0.0001432187484609	0.0005799604367192	-0.0688272366603115	-0.0162840121872704	0.0002651690529151	0.0047371885062945	-0.0002528986016032	0.0001780374610128	3.169733752391988e-08	6.395770269285409e-08	-0.0003890653113902	4.6751631999878045e-09	1.513718165271533e-07	2.18571509465202e-17	0.0005189502769091	0.000193034312669	2.693093899040316e-07	3.7262245867593264e-08	0.0	0.0	0.0	0.0
919.7020779852692	0.3526953645686035	0.1243940201881801	845851.9122504222	996.4511639794638	2.973577100177181	992914.9221960282	8.842160770698133	870.7108346852949	-0.1636258033013291	758137.3576383629	0.0267734035060052	873.3730044036486	815.6505036239362	1.238107	16.435471	0.0363938855522992	0.0203718638389146	-0.0756346152	0.0524199719	-0.1328452769	-0.0914196462	0.0421675935	-0.0771380454	0.0881437859	0.0030790301	0.0603093803	-0.0050796387	0.1340513062	-0.0256182859	0.0009429058	-0.1004755365	-0.0493017521	-0.0837150587	-0.035815647	0.0526251081	0.0626623909	0.1344775101	0.0559264147	0.2341684734	0.0413996049	-0.0656176826	0.0090643031	0.0152071499	0.0300925211	-0.1052279611	0.1002435741	-0.0747581784	-0.152556756	0.0704004552	0.0483996192	-0.0482653131	0.0429224295	0.1396404926	0.0069436599	-0.1322954499	0.0399127961	0.0191049139	-0.0443002966	0.1007990235	0.0605111121	-0.0982417483	0.164115109	0.0007891948	0.0711743523	-0.012678476	-0.0427428327	-0.1483120047	0.2822844252	0.1242408735	-0.055942264	0.0483217011	0.1179254498	-0.0562910511	-0.0379680527	0.1566849368	0.1261613341	-0.0444268291	0.0092610682	-0.02890509	0.1497384388	-0.0806223941	-0.1421365613	0.0861940653	-0.1982853892	0.1001067395	-0.0784885413	0.1819608806	0.056981263	0.0477365245	0.0246513381	-0.1102749522	0.060785444	-0.1181768086	0.1335759006	0.0200478751	0.0507530984	-0.0200770586	-0.0322864056	0.0421379215	-0.0823644609	-0.0692973963	-0.010223135405539	-0.0039352137193589	0.0001045124975199	1.5485907017030505e-05	0.0285908438706457	0.0045084761149781	2.032635687932803e-05	0.0008174363532356	-0.0857270267371888	-0.0168997900768772	0.0002856029046425	0.0073491231131986	-0.00011687734722	0.0001360212543832	1.8501781643979214e-08	1.3660314293184441e-08	-0.0004740303505146	-8.49650391244e-05	2.247047732089945e-07	7.219057873410824e-09	0.0005189720962232	2.181931409996844e-08	2.693320366583024e-07	4.760824677930813e-16	0.0	0.0	0.0	0.0
916.291960460148	-3.4101175251212226	11.628901535138892	839590.9568039014	996.9147552667662	0.4635912873023926	993839.0292685964	0.2149168816626895	869.3694072108115	-1.341427474483453	755803.1661940777	1.7994276692990547	872.1651479380754	801.8410895370536	1.167683	15.500613	0.0475006287275992	0.0312918856264326	0.0312503839	0.0039788789	-0.1599795457	-0.081202353	0.0853769083	0.1567453791	0.0189620027	-0.0227826845	-0.0059732644	0.0321361166	0.266992263	-0.0546932397	-0.219540128	0.1535444352	-0.0533044823	-0.0543661713	-0.1647889887	0.0723365996	-0.0164450381	0.1314348305	-0.058325446	0.1889394669	-0.0352411133	-0.2092712449	0.1531964439	-0.096290507	0.0547857601	0.0081202025	0.2580464807	0.0600023517	-0.0491444763	0.0304089194	0.1619232863	-0.2296836226	-0.0724038218	0.1334780755	-0.2050556128	0.1144142696	-0.062547883	-0.0170609365	-0.0910473525	0.0605368607	0.1917132507	0.0098602697	0.1633116053	0.0171423961	-0.0624950546	-0.1875785108	0.0804029518	-0.0349773089	0.1723844337	0.0050675258	-0.0324596832	-0.0896926035	0.0958530434	-0.1456434758	-0.1036180996	-0.0237042259	0.1103597264	0.0404700084	0.1382253492	0.0425843227	-0.0326435992	-0.1351448156	-0.0907146688	0.2151759446	-0.0548429214	-0.0428471433	0.0135306933	0.1311426714	0.2194207139	0.1863708459	-0.0472063376	0.1166900905	-0.0870378122	-0.0989312683	-0.0624824547	0.176415987	0.0346125511	-0.0516521408	-0.047140993	0.0114823791	-0.0873863672	-0.0583804184	-0.0102372570447499	-1.4121639210900108e-05	0.0001048014318002	1.9942069400283143e-10	0.0360996641133084	0.0075088202426627	5.638238143662116e-05	0.0013031857490936	-0.0576996929991082	0.0280273337380805	0.0007855314364657	0.0033292545721913	-0.0002708991443943	-0.0001540217971743	2.3722714004801216e-08	7.338634643356381e-08	-0.0003890702899425	8.496006057209999e-05	1.5137569051594106e-07	7.218211892414899e-09	0.0005189468918167	-2.520440650004112e-08	2.693058765262137e-07	6.35262107019315e-16	0.0	0.0	0.0	0.0
916.0952249245016	-0.1967355356463258	0.0387048709860467	839230.4611294732	997.740051446959	0.8252961801928222	995485.2102613804	0.6811137850408633	870.3425383143272	0.9731311035156978	757496.133999426	0.9469841446296796	873.1257886957826	792.3436426903374	1.152042	15.292996	0.0493508531119786	0.0267237056757157	0.122555259	0.0885479141	-0.2230292178	0.001267341	0.0627829332	0.0481948017	-0.0723790816	-0.0415467933	0.0906518736	-0.1135443691	0.1347441996	0.0275512464	-0.0420983697	0.0427983412	0.0746393122	-0.0603792427	-0.09634671	0.2153404618	0.0405464166	-0.0839919842	-0.1176906696	0.1270060156	-0.1099020143	-0.2405102794	0.1487314157	0.175685726	-0.1370312082	0.0533551315	-0.0602166234	-0.0257339536	0.2118317786	0.1002512278	-0.0488050263	0.0063103252	-0.0849419905	-0.0089363012	0.0059628358	0.0858109639	0.0434849495	0.0048085462	-0.1685424269	0.1591637706	-0.0049906098	0.181193573	0.051513934	0.1339634313	-0.1288940627	-0.2432514696	-0.0183303439	-0.0252730031	0.0415442109	-0.0721125865	-0.0856661502	0.1967891486	0.0305161612	-0.0116375092	0.1286409908	-0.0307177017	0.1271634943	0.0444657724	0.0613922579	0.0300646271	0.1105083733	0.0430757856	0.0323292155	0.301835826	-0.2242031341	-0.1241198601	0.1609165988	-0.0205891692	0.0578121473	0.1462559099	0.065040527	0.091503904	0.0085636713	0.046848735	-0.1048488596	-0.0008473419	-0.0388065746	-0.0531118118	0.1079932521	-0.0286969703	-0.092280022	-0.0471208409	-0.0020189740448017	0.0082182829999482	4.076256193582937e-06	6.754017546723758e-05	0.0309995677592098	-0.0051000963540985	2.601098282108983e-05	0.0009609732012578	-0.0600538974525051	-0.0023542044533968	5.5422786083937735e-06	0.0036064705992359	0.000119674373441	0.0003905735178353	1.525476728342414e-07	1.4321955658495926e-08	-0.0006719686250307	-0.0002828983350882	4.5154183302564965e-07	8.003146799567551e-08	0.0005190404249839	9.353316720000627e-08	2.694029627674675e-07	8.748453366464325e-15	0.0	0.0	0.0	0.0
917.191759513313	1.0965345888113234	1.202388104459618	841240.7237191269	997.3078261974246	-0.4322252495344401	994622.9001946324	0.186818666335109	869.0037219632056	-1.3388163511215223	755167.4687859043	1.792429222030348	871.8304984698157	788.370678839405	1.251128	16.608322	0.0570087348555219	0.0267959978279658	0.0940433847	-0.124771597	-0.2118890274	-0.1139401527	0.1288937816	0.0878532672	0.0525850806	0.0642658687	0.213445739	0.06570382	0.0089151495	-0.1985278034	-0.1562152068	-0.0418248282	-0.0842301044	0.0311842554	-0.0003309917	-0.0069178199	0.0494291962	-0.0725158224	-0.2587039599	-0.1598323941	-0.1135473833	-0.0852314161	0.0109916226	0.155794079	-0.0036372883	0.0675594157	-0.1113050857	-0.1567618684	0.0329002587	0.010431585	-0.0323544107	-0.117529763	-0.015704868	0.0668554713	-0.1442796021	-0.0744984901	0.0029413713	0.1295680565	-0.1214665082	-0.1147119805	-0.110393291	0.0834944625	0.0344076103	-0.0888534713	-0.2099145539	-0.1737491714	-0.048482623	-0.0402125936	-0.1672891148	0.0446621648	-0.0344675944	0.0883091794	0.1224931871	0.1121994705	0.0877215678	0.0517869377	0.1704835597	0.0479687018	0.0536558025	0.0574901419	-0.1063585247	-0.1213633924	-0.1108012676	0.1314725697	-0.1867628556	0.0774817414	0.0839076909	-0.1365455711	0.0434424594	-0.0158123415	0.121625698	-0.0121624697	-0.0864783183	-0.1232117157	0.0128933466	0.0326031777	-0.0411732759	0.0480531612	-0.056302294	0.0531938214	-0.0970382431	-0.0355847396	-0.0104475989552241	-0.0084286249104224	0.0001091523239291	7.104171788059301e-05	0.0120909886645108	-0.018908579094699	0.0003575343633804	0.0001461920068853	-0.0675481167586156	-0.0074942193061105	5.616332300807947e-05	0.0045627480776355	-0.0001838615926177	-0.0003035359660587	9.213408269118828e-08	3.380508523991708e-08	-0.0005320476943257	0.000139920930705	2.830747490372935e-07	1.9577866849353422e-08	0.0005189510908618	-8.933412209998806e-08	2.693102347066522e-07	7.980585371375573e-15	0.0	0.0	0.0	0.0
918.2368987352186	1.0451392219056288	1.092315993165503	843159.002198872	993.0867116174032	-4.221114580021322	986221.2167910674	17.817808297668577	871.0513107201361	2.0475887569305087	758730.3859072672	4.192619717508226	873.2851676845946	796.3308726241908	1.226466	16.280947	0.0819965192175424	0.0437251483926069	0.0353999808	0.1315082998	-0.1923265444	0.0483634418	0.0683020429	-0.1363743873	-0.1923695663	-0.0056582919	0.0619974865	-0.0460791473	0.0594395203	-0.0608666339	0.0873591853	-0.0571393624	0.161672129	0.0908797626	-0.0381305014	-0.0251554739	0.0892180983	0.0992034629	-0.207508854	-0.0311739674	-0.2019592418	0.0642155537	-0.0077421005	0.0720529904	0.0845666773	0.1513563089	0.1368448245	-0.0318572147	0.1040375155	0.2843575852	-0.103640427	0.0682681421	0.1661134523	-0.188487784	0.146762439	0.0730493071	0.0795529286	-0.0718920906	-0.1194749407	0.011379109	0.0295122072	-0.0890350593	0.0435185379	-0.0214758517	-0.2745500795	0.0882874892	-0.1026296692	-0.041902808	-0.1770735738	0.1305856859	-0.0531258084	0.1300181386	0.0653983469	-0.1398408222	0.2397906482	0.1367222717	0.121873767	-0.0762969743	-0.0609096942	0.0681720055	0.14291187	-0.088919505	0.1106825786	0.0979161562	-0.0160594556	0.0959462869	0.0784965179	0.0115043132	-0.1335959211	-0.0260200918	0.1043759229	0.0857647913	-0.0530858128	-0.0138641664	-0.0930990732	0.0381690148	-0.1679110575	0.0665000602	0.0259605034	0.251087091	-0.1016540472	-0.023839813	-0.0062383768058253	0.0042092221493988	3.891734517145908e-05	1.7717551102989456e-05	0.0372073156377297	0.0251163269732189	0.0006308298806256	0.0013843843369656	-0.0935614895365404	-0.0260133727779247	0.0006766955632832	0.0087537523242961	0.0002061007647809	0.0003899623573986	1.5207064018787345e-07	4.247752524327188e-08	-0.0003889464897801	0.0001431012045456	1.5127937191226146e-07	2.0477954742401666e-08	0.0005190394752576	8.838439579999732e-08	2.694019768756848e-07	7.811801420930584e-15	0.0	0.0	0.0	0.0
918.6575140383476	0.4206153031290114	0.1769172332263101	843931.6280991168	1000.1840628690496	7.097351251646387	1000368.159617239	50.372394789246535	869.4196250866305	-1.63168563350564	755890.4844857771	2.6623980065887016	872.8022118786064	800.4600832437732	1.253335	16.637617	0.0486680453407379	0.0319448716406731	0.0118415022	-0.1696581764	-0.1244187306	-0.0657651386	-0.0398905296	-0.0189588044	0.1408497696	-0.0081268869	0.0551495619	0.1009483989	0.0258652786	-0.1793430158	-0.1246855515	-0.0830536727	-0.0563831247	0.0270854735	0.0477182776	-0.1604384695	0.0547399321	0.1502021465	-0.1306573036	0.0213763828	-0.2127519327	0.0224010972	0.1216842295	0.1842259488	0.0601383155	-0.1389896511	0.0196317092	0.0319592481	-0.0142625953	0.0761797872	0.098954115	0.0676895886	0.0271529126	-0.0899578407	-0.1073677119	-0.1305756631	0.0136518118	0.0443546167	-0.004069081	-0.0610153731	0.0874225404	-0.0890412661	0.0604760205	-0.0027109652	-0.2752015546	0.0127377811	-0.0010791105	0.0155306621	0.0235111806	0.0760736222	-0.1636498274	0.0713417927	0.1417518008	0.010120464	-0.0497321304	-0.0503933129	0.1816864141	-0.0948683892	0.0277293923	0.0368774949	-0.0405784987	-0.0542063561	-0.195010404	0.1336898434	0.0586708236	0.1278462784	0.0794162377	-0.0598259277	0.0078413407	0.1155864783	0.0748891544	0.0702932126	0.1279227083	-0.0210490559	0.1362690677	-0.0278828888	-0.0749027162	0.0193175823	-0.0737297816	-0.0345770091	-0.10612066	-0.0119549848	-0.0025282919951195	0.0037100848107058	6.392260412585342e-06	1.3764729302629891e-05	0.0633609870699132	0.0261536714321834	0.0006840145293826	0.0040146146824737	-0.0755825728157617	0.0179789167207786	0.0003232414464526	0.0057127253134499	0.0001896004115564	-1.6500353224500018e-05	2.7226165653326817e-10	3.5948316062356256e-08	-0.0003889506174721	-4.1276919999946705e-09	1.5128258283192785e-07	1.7037841246819996e-17	0.0005190365086327	-2.9666248999461044e-09	2.693988972936229e-07	8.800863296980236e-18	0.0	0.0	0.0	0.0
919.73355306724	1.07603902889241	1.1578599916997208	845909.8086376896	995.3195450361384	-4.864517832911247	990660.9967309457	23.663533746711533	872.1673796622983	2.747754575667841	760675.9381469997	7.550155208103557	873.6148447630317	804.3004488305947	1.268779	16.84264	0.1144770375437039	0.0566189445339736	-0.0214078395	0.0748019106	-0.1122669493	0.1301659202	-0.0100663315	-0.0329542634	-0.094767749	0.0544431592	0.0150675182	-0.0638179619	0.0542729214	-0.0550333428	0.0931285186	0.1188281702	0.131973818	0.0221852888	0.0469749056	0.1236644921	-0.0503307922	-0.2705635595	-0.17416755	-0.0034007607	-0.0538029503	-0.0101262941	-0.0366490453	-0.1401741343	-0.0881944117	-0.1290437016	-0.1522666384	-0.0288128551	0.0544900017	-0.0354035691	0.0181203299	-0.1727652536	-0.1101859398	-0.1086115849	0.1079781305	0.1250063	0.0209095174	-0.0341735864	0.0456937774	-0.0133844113	-0.1574289645	0.24100679	-0.051862702	-0.0481029192	-0.1079767588	-0.0170655667	0.0873786313	0.092070627	0.1456168542	-0.1111866631	0.0721744546	-0.0414626153	0.1177049445	0.1837736296	0.0016613221	0.05815102	0.0869333454	-0.0808139658	-0.1059138227	0.0143023892	-0.0412295815	0.0566251105	0.1902033998	0.1837023385	0.0503384929	0.0805079981	0.0551017317	0.0619181916	-0.1067229296	0.0006433618	0.0474949994	0.0744325699	0.0123652422	0.1164317852	0.0995325977	0.2557344608	0.3949475816	0.0138845959	0.0740249376	0.1264456065	-0.1104315261	-0.0	0.0088430223504616	0.011371314345581	7.81990442907634e-05	0.000129306789946	0.0388012943362809	-0.0245596927336322	0.0006031785071704	0.0015055404421707	-0.1106943529472772	-0.0351117801315155	0.0012328371040038	0.0122532397744163	0.0007031933681177	0.0005135929565613	2.637777250293774e-07	4.944809129647151e-07	-0.0007438177182237	-0.0003548671007516	5.532647979435116e-07	1.259306591958463e-07	0.0005192614579793	2.249493465999791e-07	2.696324617427884e-07	5.060220853575752e-14	0.0	0.0	0.0	0.0
921.9603386546302	2.226785587390168	4.958574052208576	850010.8660521604	997.150364897972	1.8308198618336744	994308.8502161588	3.3519013664846757	870.5493301490045	-1.6180495132938404	757856.1362228805	2.6180842274704337	873.1870991307176	811.1878004762315	1.225743	16.271351	0.040930113535386	0.0254233074037102	-0.0997303677	-0.1544577369	-0.1058398964	0.0247345475	-0.0165432753	-0.0929609934	0.1311908778	0.0201655881	0.0737304827	0.0289210379	-0.1020696534	-0.0664304035	-0.037582226	-0.0350470245	-0.12859416	-0.1109970786	0.0872003107	0.0827782958	-0.0441813617	-0.0922568091	-0.113621251	-0.1310994513	-0.1434183607	-0.182806908	0.0732122477	-0.1656043248	0.22288234	-0.0064475744	-0.0343052536	-0.1732546896	-0.214322871	-0.1013954121	-0.0050280062	0.051745038	0.0390160418	0.1407791665	-0.0297493132	-0.1386037484	-0.0140444275	0.0973536418	0.045601882	-0.0014918601	-0.0894880424	0.1827456087	0.051970114	-0.1716273255	-0.139426818	-0.0830543889	-0.0625310304	-0.059910425	-0.0480266513	-0.0756181194	0.2610284523	-0.0569173726	0.1544572297	0.0593589552	-0.0831870893	-0.1208580344	0.0141558955	-0.1251352014	-0.1118012817	-0.0255552268	-0.2211277706	0.0515275757	-0.0837084427	-0.0382561229	-0.0183602916	0.1194329192	0.0208681048	-0.1264173245	-0.2540148803	-0.1800508754	-0.0315153516	-0.0917468599	0.0991897866	0.1181280703	0.0657669534	0.1212430888	0.092310088	0.0828496255	0.0510626423	0.2140726741	-0.1145803187	0.0119549848	0.0087095566893111	-0.0001334656611504	7.585637772432373e-05	1.7813082706340072e-08	0.0515038885045555	0.0127025941682746	0.0001613558986038	0.0026526505310896	-0.1329600893034381	-0.0222657363561609	0.000495763015482	0.0176783853475782	0.0005921947468634	-0.0001109986212543	1.2320693920355543e-08	3.506946182126064e-07	-0.000749346055427	-5.528337203299983e-06	5.615195107840046e-07	3.0562512233390675e-11	0.0005192220694409	-3.938853839998476e-08	2.695915573944909e-07	1.5514569572870741e-15	0.0	0.0	0.0	0.0
921.7591784341996	-0.2011602204305518	0.0404654342836681	849639.9830276907	992.1914624946062	-4.958902403365869	984443.8982471856	24.59071304610779	871.475700092931	0.9263699439264884	759469.8958524643	0.858161273010365	873.5084189387278	819.4984545363593	1.282702	17.02746	0.0547781520805828	0.029006802249617	-0.1177994534	0.0795107572	0.0105237719	0.1434317635	0.100851033	-0.2045776647	-0.1573389991	0.0762305331	0.0092933329	0.0518346717	0.0441856144	0.0166693235	0.0596947432	-0.0131784907	0.0378549067	-0.0065902524	0.0321743155	0.1535407388	0.0323616176	0.1392860608	-0.0557894484	-0.0053485917	-0.0005302955	-0.0074430235	-0.0975125428	0.0005246423	-0.2392001096	-0.0955789419	0.0808932448	-0.4189852203	-0.0892636808	0.0952627136	-0.0406781706	-0.0307294701	-0.0446548113	-0.221107367	0.1093170145	0.0325007515	0.0501324511	-0.1210504824	0.0484273348	-0.0358507208	0.0379167173	0.0465966406	0.2112535726	-0.0408482407	-0.1204851117	-0.0027739673	-0.1076553229	-0.4002331674	0.0154698502	-0.2021949419	-0.1425095474	0.0258512016	-0.0215246581	-0.002260092	-0.0585553898	0.1145390412	0.0622384152	-0.168777328	-0.0704978884	0.0847819794	0.0520463107	-0.1310771025	0.1550967789	-0.0383814589	0.0712661047	0.1789723185	-0.0580058463	0.1041402845	-0.1583623571	-0.1209386917	-0.161297561	-0.0206327635	-0.0305566091	-0.1263363014	0.0062006248	0.0469392	0.0141576696	0.0387570779	-0.1155729873	0.0248594283	-0.1185609488	0.023839813	0.000560183448286	-0.0081493732410251	3.138054957335937e-07	6.641228422153596e-05	0.0478706566637896	-0.0036332318407659	1.3200373608755184e-05	0.0022915997694224	-0.1102491866092663	0.0227109026941718	0.0005157851011841	0.0121548831480048	0.0007097695571035	0.0001175748102401	1.3823836002995526e-08	5.037728241908986e-07	-0.0010373178502605	-0.0002879717948335	1.0760283224690652e-06	8.292775461962745e-08	0.0005193683504597	1.462810187999406e-07	2.697434834592297e-07	2.1398136461148575e-14	0.0	0.0	0.0	0.0
921.571368484234	-0.18780994996564	0.0352725773060962	849293.7872099037	1002.8294620957486	10.637999601142385	1005666.9300472484	113.16703551390547	871.4070288479712	-0.0686712449597735	759350.209925649	0.0047157398843252	874.8317266060603	819.7051148824265	1.236629	16.415854	0.041012823854301	0.0218531226089471	-0.1223159294	-0.1790468574	0.1112251532	-0.0192369024	2.83195e-05	-0.0289725884	0.1962581416	0.0014271494	-0.0625239287	0.1131036027	0.0564471147	0.0820799071	0.0356898186	0.0099453284	-0.0761678444	-0.1336110716	0.0492597846	-0.0156858391	0.0508411142	0.0413286319	-0.0383393935	-0.1057452265	-0.0645121759	-0.0403866596	-0.0156354479	0.0302471348	-0.1237515024	-0.0239385312	-0.0400053209	-0.2038846453	0.0890028606	-0.0953606721	0.2328607415	0.2715080778	-0.0733831729	0.1687761428	-0.0323516542	-0.0939938668	-0.0222670629	0.1009881187	0.1492811327	0.0400791685	0.0500278883	0.0219814414	0.0530638751	0.0579958515	-0.0771701718	0.0533864746	0.0673832859	-0.037812267	-0.1165691159	-0.214961857	-0.0644023179	-0.0705996534	0.0313924059	0.1488878703	0.084752726	-0.0355456887	0.0451745499	-0.2123060951	-0.0535755195	0.0999126444	-0.0379148965	0.0560781485	-0.1682487169	-0.0077504469	0.1184406929	0.1656376731	-0.0402225755	0.0318193512	-0.060663793	0.024077396	-0.2275409658	-0.0353920584	-0.0205032417	0.0330185702	-0.0167625904	-0.0811080628	-0.0505684022	-0.1182741435	0.0901867472	-0.0515407543	-0.1223675745	0.0355847396	0.0169512364247452	0.0163910529764591	0.0002873444163276	0.000268666617677	0.0561524748377735	0.0082818181739839	6.858851226693002e-05	0.0031531004304067	-0.1084904920899134	0.0017586945193528	3.093006412401925e-06	0.0117701868739115	0.000580227355408	-0.0001295422016955	1.6781182020117603e-08	3.366637839637616e-07	-0.0008753491262931	0.0001619687239674	7.662360929020935e-07	2.6233867543627852e-08	0.0005192541124325	-1.1423802720000703e-07	2.696248332780633e-07	1.3050326858549543e-14	0.0	0.0	0.0	0.0
920.0896181930034	-1.4817502912305829	2.1955839255619165	846564.9055065467	997.7048312342444	-5.124630861504215	995414.930268152	26.261841466681435	870.743871046497	-0.663157801474199	758194.8889650386	0.4397782696560931	873.1025828887813	815.5822072242133	1.265445	16.798376	0.0552279915561477	0.0320076885339202	-0.0597316338	0.0429529128	0.0255183004	0.1995762894	0.1289727076	-0.0314661042	-0.1307396095	0.0605490874	-0.085842851	0.0568649202	-0.0138771987	0.0551406207	0.0210457606	0.0189771835	0.1770752996	0.1052193514	0.0034912745	0.0126933761	0.0185588598	0.0570375025	-0.1285953579	-0.0926066828	0.0891144814	0.0760998514	-0.0304337768	0.0953421943	-0.0007786166	-0.0908556611	-0.1293522213	-0.0456361119	-0.1728082214	-0.0391198861	0.2455300301	-0.0086651448	0.0925673226	0.0168971518	0.0387981529	0.1047577761	0.0785929213	-0.1282068218	0.0068542268	-0.0635838153	-0.0420901692	0.007111205	0.0549516904	0.0262014361	-0.0195198442	0.1684964653	-0.0159279279	-0.030724241	-0.04318393	-0.1353084901	-0.1541420949	-0.0513973581	0.0525908659	0.2623611027	0.0217987457	-0.0071292282	0.0489642004	-0.1417509087	-0.0444004334	0.1702375933	-0.0299318296	-0.043670738	0.1734243249	0.058094301	0.045683162	0.0805765373	-0.0259655371	0.0715202749	-0.0923080893	0.0547794223	-0.1691628499	-0.0967784304	0.010429863	0.0435052089	0.1060306215	0.0212133652	-0.0058947262	0.0108013	-0.1000712129	-0.1836634638	-0.1259946088	0.0471208409	-0.0035303005246163	-0.0204815369493615	1.2463021794106124e-05	0.000419493355808	0.0336200407362667	-0.0225324341015068	0.0005077105865387	0.0011303071391082	-0.1098754539437578	-0.0013849618538444	1.9181193366041227e-06	0.0120726153793468	0.0006997525233557	0.0001195251679477	1.4286265772925894e-08	4.896535939426695e-07	-0.0009723186057295	-9.69694794364e-05	9.454034710477588e-07	9.403079942166402e-09	0.0005193406380771	8.652564460005698e-08	2.697146983583294e-07	7.48668717345537e-15	0.0	0.0	0.0	0.0
920.2245623571388	0.1349441641353905	0.0182099274341992	846813.2451653876	1000.5944798491722	2.8896486149278644	1001189.3131046356	8.350069117754526	870.4326141948085	-0.3112568516885403	757652.9358540083	0.096880827723062	873.6316016232819	811.6546898019272	1.285713	17.06743	0.0387138071271228	0.0282551197628933	-0.0419941494	-0.2486145354	0.0474897089	0.0910787694	-0.0260643157	-0.0168034993	0.1948932749	-0.0771066207	-0.0718902282	-0.0086378988	-0.1198852646	0.0237033848	-0.0445800115	-0.0867508754	-0.0765755833	-0.0109415339	0.0833079163	-0.0044862311	0.0701132575	-0.0201282352	-0.0449866258	-0.0015722342	-0.0959001774	0.1971600999	-0.1332251359	-0.0181030923	-0.0792817232	0.0314596305	-0.0410460592	0.1776358025	-0.0036849019	0.1409350582	0.0766026213	-0.0078274753	0.0230874235	0.0220672948	-0.0686503733	-0.1513309762	-0.0370882343	-0.0115243254	0.0698737153	-0.0145057431	-0.0509419001	0.0782588454	-0.0714809382	0.1277420809	-0.0675851711	0.1915940572	0.0972178876	0.1188807226	-0.0907809207	-0.0384213694	-0.0671160983	0.1479960299	-0.0807958744	-0.0358776588	-0.0764164137	0.1236646662	0.0424925347	-0.206430413	-0.0319314793	0.1391132839	-0.0704371939	0.1737247095	-0.1172755732	0.0216165708	0.0733226339	0.0526258704	0.098645742	-0.0513786017	-0.0331513571	0.1056273814	-0.2149283185	-0.0704907914	0.0078156832	0.1710682438	-0.0716680915	-0.0075814143	-0.0055525156	0.009530884	-0.0463400475	-0.1005898251	-0.1294367287	0.0583804184	-0.0036453221261751	-0.0001150216015588	1.3288373403581754e-05	1.3229968825151353e-08	0.061142092713311	0.0275220519770443	0.0007574633450271	0.0037383555013631	-0.1111513424815626	-0.0012758885378047	1.627891560901644e-06	0.0123546209354536	0.0007342560443884	3.450352103270002e-05	1.1904929636539728e-09	5.391319387209001e-07	-0.0008752857283358	9.703287739369996e-05	7.66125106228332e-07	9.415379295300806e-09	0.000583821139865	6.448050178789997e-05	3.408471233532679e-07	4.157735110819372e-09	0.0	0.0	0.0	0.0
918.6999879158402	-1.524574441298569	2.324327227060843	844009.667796565	999.5501428648485	-1.044336984323763	999100.488101139	1.0906397368264522	870.7594943926412	0.3268801978326792	758222.0970749281	0.1068506637351314	873.4342856885982	797.0591283581921	1.371902	18.211563	0.0583212174150779	0.0373168328354757	0.0889979689	-0.0022429335	0.0985094063	0.0956934859	0.2131642537	0.1430561991	-0.1698413189	0.0111578861	-0.1977850853	-0.1028747942	-0.1263696006	-0.0537790054	-0.0835796071	0.1878964856	0.0580846305	0.0633472358	0.0786060811	0.201742959	0.011177364	0.1568797091	0.0459731116	-0.2177008809	0.0428580137	-0.0686766827	-0.094236956	0.0594035989	0.0287754646	-0.0360658994	-0.023903249	0.1002297895	0.0678748319	-0.1007409338	0.1060764327	0.0966146324	0.1030592534	-0.0391286548	-0.0777791497	0.1897298285	-0.0093215542	-0.1162006172	0.0562310004	-0.0110390413	-0.0960520393	0.0186400165	0.2671898443	-0.0284003071	0.138751474	0.0121973125	0.1786364888	0.0507387889	-0.1156404097	-0.0762351675	-0.0324221468	0.1371611834	0.0105958601	-0.0002304127	0.0504071685	0.0249374948	0.0765006023	0.0237600709	-0.0026766373	0.2039789238	-0.1590498665	-0.0714525422	0.1359387905	-0.0787621735	-0.0517204194	-0.1263430402	-0.0381243661	0.0079243388	-0.1111890302	-0.0059351605	-0.1684785375	-0.0721816946	0.0715839128	-0.0276567356	0.1615761394	0.040444794	-0.0345163246	0.0648328282	0.0180937904	-0.1666258581	-0.1326888823	0.0692973963	-0.0036838513943848	-3.852926820969993e-05	1.3570761095910835e-05	1.4845045087749935e-09	0.033570090811807	-0.027572001901504	0.0007602152888565	0.0011269509971129	-0.0867704166269334	0.0243809258546292	0.0005944295455289	0.0075291052016116	0.0006722272119537	-6.202883243470005e-05	3.8475760532120975e-09	4.518894244910448e-07	-0.0008753253190016	-3.959066579998019e-08	7.661944140852528e-07	1.5674208184857213e-15	0.0005192943551508	-6.452678471419995e-05	2.696666272914853e-07	4.163705945552708e-09	0.0	0.0	0.0	0.0
918.6125836138298	-0.0874043020104409	0.0076395120099323	843849.0787736754	994.7430755260378	-4.807067338810612	989513.7863070008	23.107896399859733	869.9516214087702	-0.8078729838709933	756815.8235917481	0.6526587580686222	872.8973593051008	790.5525910420106	1.313832	17.440697	0.0546884125438447	0.0265026168618618	0.0794761923	0.0623085698	0.1437127213	-0.1751758941	-0.0270820952	-0.0920318281	0.0758032425	-0.1296058127	0.0546266943	-0.0040261223	-0.0210953677	-0.0076366781	-0.0538403888	-0.1959061648	-0.030368382	-0.0698301234	0.0477669616	0.1575576544	0.1876875199	0.0582196718	0.0509586361	-0.095747435	0.1104273598	-0.1239442682	-0.2038091477	-0.0937065402	-0.0242622778	0.0852723694	0.0579643583	0.2456719729	0.060497661	0.1168047065	-0.0499849406	0.060763217	-0.1514074986	-0.1855473289	0.0064408233	-0.1724602769	0.1035040579	0.0217548075	-0.0737262319	0.1142677383	-0.0383987664	-0.0213026984	0.1889909842	0.0966901989	0.0718259001	0.0143487887	0.1376771128	0.0073299998	-0.1968001266	-0.0474559851	0.0590432842	0.1436018614	-0.189417766	-0.1496959942	-0.0591155482	0.0819566813	0.0518938919	-0.0425395318	-0.0176969163	0.2060830513	0.1169189442	0.1036524034	-0.0894090698	-0.0879232263	-0.1182039355	-0.0556508308	-0.1128932972	-0.0239567821	0.0371877519	-0.0850365719	-0.0712823957	0.038421642	-0.1496032995	0.0485767218	0.0930125253	-0.0337752636	0.0486237686	0.1109303685	0.3015951901	-0.0287824196	-0.1357462967	0.0798077096	0.0128757030742292	0.016559554468614	0.0001657837296557	0.0002742188441989	0.0495387295319176	0.0159686387201105	0.0002549974225734	0.0024540857236364	-0.0972510597182036	-0.0104806430912701	0.0001098438796065	0.0094577686163136	0.0008057534991455	0.0001335262871917	1.7829269371227052e-08	6.492387013852172e-07	-0.0009752915308141	-9.99662118125e-05	9.511935700777106e-07	9.993243504141613e-09	0.0005193933814235	9.902627269998532e-08	2.6976948466653737e-07	9.806202684851856e-15	0.0	0.0	0.0	0.0
918.6600903945738	0.0475067807440154	0.0022568942166599	843936.3616837665	997.4593988462937	2.7163233202558104	994925.2523468096	7.37841238016555	870.2902103547127	0.338588945942547	757405.0502392501	0.114642474314485	873.1960307014434	801.3999252253791	1.19688	15.888205	0.024343595606731	0.0120284110617885	0.047407948	0.1014921259	0.027313683	-0.1776657281	0.0168945296	0.0816955583	-0.092932448	-0.0676015234	-0.1292730838	0.1059976317	0.1526723068	-0.1264466277	-0.0442914978	0.0279419921	-0.01143695	0.1684359957	0.0473371945	-0.0427898051	-0.0347391678	0.2538209855	-0.0043651275	-0.0305134794	0.168700958	-0.1085510674	-0.2372585933	-0.1816689729	-0.1390800787	0.1366559772	-0.071264618	0.0456262364	0.1575761436	0.0024732596	0.0054046856	-0.0847441914	-0.0389156289	0.0702461228	-0.0725002352	0.0511155393	-0.0485866025	-0.120829916	0.0276643855	-0.0937469743	0.0359166225	-0.2536638014	0.1600892487	0.0541908472	0.0550828674	-0.0454563312	-0.0274010207	0.0184965547	-0.0133181668	-0.2513165416	0.1639323792	-0.0018901774	-0.1652065871	0.0419142606	0.0726880104	0.1609380265	0.0513458517	-0.0076966766	0.063800487	0.1959697278	-0.0498177362	-0.146776811	0.0117004624	-0.084520057	0.0385060614	-0.1200806233	-0.1202274554	-0.0281129907	0.120034171	-0.0063635496	-0.0832478332	0.1580340294	0.1332304076	0.0208106065	-0.0700170983	-0.1001618202	-0.1673409061	0.0037376727	0.1138108938	-0.0010354776	-0.1386044847	0.0898496795	0.0054412494502997	-0.0074344536239295	2.9607195580386785e-05	5.527110068635848e-05	0.051895291622344	0.0023565620904264	5.553384886034853e-06	0.0026931212925681	-0.1043265401011837	-0.0070754803829801	5.006242264993624e-05	0.0108840269694838	0.0006742486146701	-0.0001315048844754	1.72935346408883e-08	4.54611194384549e-07	-0.0009573250677084	1.7966463105700066e-05	9.164712852628924e-07	3.227937965284817e-10	0.0005193227388167	-7.064260680003828e-08	2.696961070520784e-07	4.990377895504813e-15	0.0	0.0	0.0	0.0
918.4648432316228	-0.1952471629509773	0.0381214546404054	843577.6682524894	997.2293171549952	-0.2300816912984373	994466.310993418	0.0529375846707494	870.2349265215473	-0.0552838331653902	757308.8273379629	0.0030563022094586	872.8081950207469	801.6133839584298	1.144741	15.196069	0.0426724843443663	0.0301898585621909	0.0141218138	0.148085235	-0.039220445	-0.2528149952	-0.0143831603	0.0449031469	0.0452589041	-0.0154792643	0.0462355375	-0.0590930177	0.1182893952	-0.0566062152	0.0476641629	-0.1364079642	0.0319376714	0.1773691687	0.0180518718	0.0492091308	0.0137057522	-0.0197574651	-0.1868736841	0.0223615741	0.0609771661	-0.1398299523	-0.0566413908	-0.1904806631	-0.0806865949	0.0348813419	0.02978628	0.1092987156	-0.1619188819	0.0013192892	-0.3209935885	0.0995547683	0.2140330654	0.2416631091	0.0647309993	-0.0761520185	0.0059006548	-0.0324513247	-0.126487166	-0.0420614884	-0.0845323869	-0.0617970083	0.0342413851	0.0711893112	-0.0930581542	-0.0082701088	-0.0309175183	0.0872610413	0.1168093125	0.0144116253	0.2082790926	-0.1060577545	-0.2761223345	0.144113148	0.1574098666	0.1810832539	0.0547478437	-0.0326963798	-0.0510077878	0.1181261181	0.0972761041	0.0164954625	-0.1393353801	0.0406465509	0.033353618	-0.3027988592	-0.10663186	0.0909109545	0.0068583815	-0.1984217722	0.0654376192	-0.0133814249	-0.1925639536	-0.08450946	0.0953473442	-0.1336305147	-0.0134280759	0.1194578225	0.1552129716	-0.1273272171	-0.1412592515	0.0993643757	-0.0036838396858627	-0.0091250891361624	1.3570674831136996e-05	8.326725174290906e-05	0.0804831226949005	0.0285878310725565	0.000817264085433	0.0064775330387224	-0.1051836522535012	-0.0008571121523174	7.346412416503357e-07	0.0110636007013854	0.0006742272646733	-2.1349996799993612e-08	4.558223633597373e-16	4.545824044288401e-07	-0.000875324971161	8.20000965474e-05	7.661938051380054e-07	6.724015833782921e-09	0.0005192951456943	-2.7593122400035652e-08	2.696674483416642e-07	7.613804037833496e-16	0.0	0.0	0.0	0.0
919.8729182273368	1.408074995713946	1.982675193554829	846166.1856880765	994.1934446734052	-3.0358724815899905	988420.6054315713	9.216521724475369	870.9252808404738	0.6903543189264383	758510.8448070581	0.4765890856603864	873.2155254949672	800.2913604749438	1.172148	15.559896	0.0728746424074339	0.0490819874701506	0.0003129309	0.0805814383	-0.0527236175	-0.2249508093	0.0296208331	-0.0267098857	0.0002601659	-0.0807314261	-3.36228e-05	-0.067575776	0.0395267939	-0.3030661907	0.0111588523	-0.1111497933	-0.0451786667	0.1238437863	0.2395859178	0.0878247285	-0.1906264152	-0.0385450244	0.1015746057	-0.0368291931	-0.0244070071	-0.1131390637	0.1988480417	0.0906682834	0.1008078127	0.1267382397	0.0028028434	0.1809662687	-0.0524072012	-0.0266583842	0.049996087	0.121950665	0.0473094785	0.0369164457	0.0031585343	-0.0993449124	-0.0220905917	-0.1096199237	0.103352327	-0.120076153	-0.1804025078	0.0029482865	-0.0362505373	0.0768068522	0.0257865455	-0.274136525	-0.0071174865	0.1803926067	-0.0952715818	0.0569388481	-0.0196567576	-0.0382643401	-0.1261595044	-0.1829394197	-0.1292757884	-0.074501498	0.0931251265	-0.073940215	0.0448947359	0.1534142622	-0.1716355042	0.0973868846	0.0615809577	-0.0687098387	-0.065403831	-0.2324930775	0.0121662695	-0.031024733	0.1489816581	-0.1850193793	0.0814376657	-0.0001365501	0.1649639666	0.0100232447	-0.2027703577	-0.0089974725	-0.1988850855	-0.0701445428	-0.1476596446	0.1003424534	-0.1437067008	0.1082959623	0.0134698651334161	0.0171537048192788	0.0001814372667124	0.0002942495890269	0.0350942024604705	-0.04538892023443	0.0020601540800474	0.0012316030463364	-0.1119128807158063	-0.0067292284623051	4.528251569789707e-05	0.0125244928701102	0.0006742587149772	3.1450303900016844e-08	9.891216154034145e-16	4.546248147227051e-07	-0.0008753006318273	2.433933369997213e-08	7.661511960772705e-07	5.924031649585988e-16	0.0005912951338851	7.199998819080002e-05	3.496299353561984e-07	5.183998299475342e-09	0.0	0.0	0.0	0.0
922.1398818359768	2.266963608640026	5.139124002898209	850341.9616724693	996.0236722369526	1.830227563547396	992063.1556563844	3.349732934368638	872.4667279643397	1.5414471238659644	761198.1914048012	2.3760592356746537	874.7988253518259	805.4219502452313	1.166469	15.4845	0.0781251960793488	0.0408888071523498	-0.071034773	0.0706052639	0.0401498911	-0.3269706676	0.0442950995	-0.1043459143	0.1015893292	0.0940105941	0.0227854443	-0.1025565516	-0.0352164985	-0.0723289915	0.154014455	-0.0188438818	-0.1213230909	0.032174093	0.032869451	0.1565576581	0.1695418476	-0.0663774966	-0.1056990359	-0.0966107707	0.2154463383	0.0643093163	-0.0475422745	0.1475450826	0.4178642976	-0.1699888585	0.0700226203	-0.0347501975	0.187831229	-0.002310896	-0.0430050186	0.0307937631	0.0325052794	0.0798664484	0.1444768911	-0.0924456741	-0.1280927685	0.0932967997	-0.0637355608	0.0335107606	-0.2006556771	0.0324481087	0.1981549039	-0.0636167206	0.1517885737	0.1555886853	-0.1643005873	0.0536407922	-0.0694797194	0.0005583789	0.1232740346	0.0887850287	0.0810913748	-0.011854881	0.0263895055	-0.3119384937	-0.0126050014	-0.0817016388	-0.0705851365	0.0529146149	0.0101691403	0.0864504477	-0.017863143	-0.1864868667	-0.1075261195	-0.1552193607	-0.0969431355	0.0427612608	-0.0261923651	-0.0692979985	0.2700459518	-0.0438510345	-0.2146604851	-0.0252522196	-0.0955411952	-0.0099876745	0.013883061	-0.1045690461	-0.1012841207	0.1358360111	-0.1459432408	0.1165920251	0.014077454769648	0.0006075896362318	0.0001981747327914	3.6916516605641166e-07	0.0483095338246641	0.0132153313641936	0.0001746449830654	0.0023338110583563	-0.1404075587596196	-0.0284946780438133	0.0008119466768205	0.019714282556836	0.0010712947884866	0.0003970360735094	1.5763764366776165e-07	1.147672523838549e-06	-0.0011232233340154	-0.0002479227021881	1.2616306580766708e-06	6.146566626024933e-08	0.0005201019688804	-7.11931650047e-05	2.7050605803326854e-07	5.068466743386441e-09	0.0	0.0	0.0	0.0
921.6819614708296	-0.4579203651471744	0.2096910608165215	849497.6381007158	997.1769449988076	1.1532727618549643	994361.859637155	1.3300380632365771	872.0410071588332	-0.4257208055065575	760455.5181665921	0.1812382042411522	874.5741483316382	815.998421239689	1.241893	16.485729	0.0451591962309051	0.0286861740088383	-0.0750166949	0.1146349616	0.1493146576	-0.0819900013	-0.0207314218	-0.0892172909	-0.0784269296	0.0484358849	-0.1276258646	0.2698421242	-0.1239121249	-0.0646735953	0.046262978	0.0814470348	0.0638642516	-0.0199370055	0.2270450902	-0.0404892905	-0.0691513883	0.2408980476	0.2246535963	-0.0158247753	0.1741893604	0.1528030952	0.0198013274	0.1745115679	0.0831711577	-0.2018617347	0.1427202616	-0.0018581068	0.0207745421	-0.0203856279	-0.0177118711	0.0268247614	-0.2106803046	0.0240402785	0.027868577	0.0850960456	0.084903423	-0.0574124141	0.2732158285	-0.0056328813	-0.0387712945	-0.1359093769	0.1397260132	-0.0533880122	0.1215258849	0.0523412336	-0.1451939594	-0.0521251249	0.0776834546	0.0739869258	-0.2556768941	0.0102225076	-0.1775270306	-0.116515136	-0.098188647	-0.3111586962	-0.0035799083	-0.1048811717	0.0264637357	0.0038776999	-0.0421835501	-0.0277789031	0.1719048724	-0.2216348777	-0.0050052027	0.0699388507	-0.231570555	-0.1336955374	0.3574888576	0.1122549195	0.2211629294	0.0364488038	-0.1402146878	0.0405390949	-0.1129659023	-0.0837552834	0.2026869363	0.1128572706	-0.0709828581	-0.1682964766	-0.1479655889	0.1242038795	0.0119093148724829	-0.0021681398971651	0.0001418317807319	4.700830613679092e-06	0.0605237853014415	0.0122142514767773	0.0001491879391379	0.0036631285872149	-0.1427679978946372	-0.0023604391350176	5.5716729101226365e-06	0.0203827012228431	0.0015667712046551	0.0004954764161685	2.4549687897918054e-07	2.454772007736393e-06	-0.0010505944423433	7.262889167210002e-05	1.1037486822826294e-06	5.274955905517639e-09	0.0005203239754787	2.2200659830005733e-07	2.7073703945795885e-07	4.9286929688763034e-14	0.0	0.0	0.0	0.0
920.174710555189	-1.5072509156406113	2.271805322699461	846721.4979453258	1001.6532841172328	4.476339118425244	1003309.301582838	20.037611903144093	871.9792419039818	-0.061765254851366	760347.7983114428	0.0038149467068542	874.7687517474795	803.4710555060213	1.291005	17.137676	0.0659482553108389	0.0395605364338907	-0.0179779553	-0.0482553179	0.1545315192	-0.1245197473	-0.041763493	-0.0001300279	0.1132435192	0.0146638128	-0.1120056832	0.0593088634	0.0331212487	0.238462506	0.0969139094	0.0294869909	-0.0557554619	0.0170220743	-0.0706866384	0.0125783851	-0.0522707489	-0.0589443172	0.1103376901	-0.0631359332	0.0522971669	0.2714444133	0.1337864449	-0.1279665378	0.0936098292	0.0575283814	-0.014849949	-0.1251366731	0.0965642599	-0.1229170401	0.102370311	-0.3243062665	0.1258051145	-0.0760284935	0.0513959727	-0.0449594702	-0.1189124711	-0.0342389926	0.0214812476	0.0952947822	0.0409123961	-0.0279580775	-0.0435474473	-0.1161867932	0.1514388019	0.1737109413	-0.0107992238	0.1642641068	0.0204242157	-0.0633472893	-0.0586819222	-0.0452632688	0.170797372	-0.1317555972	0.1869086205	-0.0675374994	-0.1182183703	-0.0292572668	-0.0795615617	0.0357576434	0.1219434639	0.0689702672	-0.0264366722	-0.2436434211	0.1192385289	0.0220819993	-0.0628892604	0.1095963103	0.0097264495	0.3698363611	0.2440964913	0.1683693401	0.1002057073	0.0015398944	-0.0123707524	0.2030199033	0.042927021	-0.2081575044	-0.0255084266	0.1321178819	-0.1497707771	0.1310868562	0.0120294123800732	0.0001200975075903	0.0001447067622098	1.4423411329402396e-08	0.0870407962490986	0.0265170109476571	0.0007031518695981	0.007576100211677	-0.1523934432159137	-0.0096254453212764	9.264919763288343e-05	0.0232237615352019	0.0021022864233041	0.000535515218649	2.867765494046865e-07	4.4196082056087465e-06	-0.0011079515265048	-5.73570841615001e-05	1.227556585084317e-06	3.289835103509406e-09	0.0005211657033545	8.41727875800012e-07	2.716136903529908e-07	7.085058168988005e-13	0.0	0.0	0.0	0.0
920.9116806286554	0.7369700734664093	0.5431248891850847	848078.3235182946	996.7235236944156	-4.929760422817253	993457.7826858122	24.302537826375342	871.4753123818674	-0.5039295221143902	759469.2200910734	0.2539449632584377	873.194813923816	811.6925806261829	1.35565	17.995815	0.0907492314700989	0.0571082665028045	-0.0387985565	0.1065389933	0.169692561	0.06297655	-0.134746425	-0.0592999019	-0.0625976315	0.0192082309	-0.0059909631	0.0962012043	-0.1701395759	0.0177763846	0.0938002922	-0.0154591506	0.0930054197	-0.039429501	0.1183941161	-0.224286922	-0.0527726155	-0.1640177308	0.0693895307	0.0502520711	0.0038239091	-0.0335096105	0.0787512598	-0.2354293909	-0.1444095481	0.0392057956	0.1538564226	0.018899914	0.0506278694	-0.0084152145	0.2679179915	-0.0728096938	0.0087115742	-0.101272757	0.0762806119	-0.0246676335	0.1413556205	0.0746811945	0.1427405712	-0.2041832763	-0.011419395	-0.0293417388	-0.1786171907	0.0663127438	0.0738772591	0.0301437329	0.1698103541	0.0363242588	0.2143740404	-0.0794665166	0.0765529134	-0.1318476943	0.1671802123	-0.1978205067	-0.0924367231	0.0676288633	-0.2257065961	0.0335829896	-0.0232174474	-0.1613466728	-0.0518278673	0.1244914668	0.142884272	0.1919569774	0.1914980995	0.0504368979	-0.0971270505	-0.113607316	0.2225872828	0.0537687182	0.1433661013	-0.1719919069	-0.009951202	0.0738557371	0.363232064	0.0283436977	-0.2020814257	-0.0194121878	0.0665785534	0.1981290311	-0.1513561561	0.1372005631	0.0149939822545093	0.0029645698744361	0.0002248195038485	8.788674540414074e-06	0.1001102075948097	0.013069411345711	0.0001708095129234	0.0100220536646758	-0.1634700076029105	-0.0110765643869968	0.0001226902786192	0.0267224433856956	0.003118362521886	0.0010160760985819	1.0324106381094147e-06	9.724184817903214e-06	-0.0013626893634997	-0.0002547378369948	1.8569223013952176e-06	6.48913655968402e-08	0.0005231254850368	1.9597816822999967e-06	2.736602730949873e-07	3.8407442422786055e-12	0.0	0.0	0.0	0.0
921.8695426576572	0.9578620290018308	0.917499666603504	849843.4536798381	995.7637715006985	-0.9597521937171224	991545.4886332952	0.9211242733448286	870.7219942351311	-0.7533181467363192	758156.7912448037	0.5674882302022426	873.4531246074503	817.0499550337644	1.382515	18.352448	0.0745199207852467	0.0623993531806564	-0.1204347584	-0.1249412475	0.0717132329	0.0426244225	-0.1435839445	-0.0736530293	0.1545956349	-0.0488138259	-0.1257980446	-0.2832998697	0.0207753204	-0.0120793302	0.0818045618	-0.0437389837	-0.1718181712	0.1991641501	-0.1409013785	0.0393330009	-0.1676331535	0.0193897513	0.0025547517	0.0703246263	-0.0668103171	0.0770698859	-0.1670487997	-0.0665719936	-0.1552588676	-0.0386841139	-0.0475748842	-0.0628136073	-0.0257573775	-0.1159413526	0.0119912038	0.1236477884	0.0217224638	-0.1161905796	0.0776821152	-0.0962330665	-0.2981163975	-0.20468734	-0.0642633105	-0.087365997	0.0505641619	0.0720168313	-0.0430630457	0.0094498782	-0.0344282644	0.0638511999	-0.0164937819	-0.1700652794	0.1326821532	0.1111527248	0.1816084325	-0.0638066328	-0.0125629535	0.0630087209	-0.1363222872	0.069580026	-0.1854467067	0.0599634566	0.0092891968	-0.1638206267	-0.0804978785	0.0647643018	-0.0043334446	-0.0956754937	0.0095430522	-0.0593185433	0.22540462	0.1564075822	-0.0689089509	-0.0442551879	0.0288395708	0.1689105685	-0.0482827525	0.0310783342	0.0544759133	0.0312547624	0.0525445121	0.0047244251	0.0727673839	0.1355602611	-0.152719399	0.1425091225	0.0223474606600859	0.0073534784055765	0.000499408997954	5.407364466128135e-05	0.099443465883894	-0.0006667417109156	4.445445090747946e-07	0.0098890029070011	-0.1636948852010249	-0.0002248775981144	5.05699341337032e-08	0.0267960154409767	0.0019148883877935	-0.0012034741340925	1.4483499914296928e-06	3.6667975377063895e-06	-0.0014830068766591	-0.0001203175131593	2.199309396218179e-06	1.447630397286238e-08	0.0005214206708759	-1.7048141609000975e-06	2.718795160166736e-07	2.9063913232055044e-12	0.0	0.0	0.0	0.0
920.7252028754214	-1.1443397822358747	1.3095135372076492	847734.8992099859	997.886796906937	2.1230254062385256	995778.0594411864	4.507236875534256	871.2632591985887	0.5412649634575928	759099.6668293471	0.2929677606667492	873.9486179715865	830.8316737696067	1.422647	18.885181	0.0170791756133979	0.0109947708664466	-0.1219603309	0.0334796971	0.1259209878	0.2068663413	-0.0340179587	0.0434671383	-0.0708637622	0.2012799351	0.0425751725	-0.1083750168	-0.1655795083	0.0482392851	0.0619359013	0.0758729696	0.0524597167	-0.1400640174	-0.0650113259	-0.1922742343	-0.0707095091	-0.1650037605	0.0765548387	0.0657193012	0.1820197739	-0.1693833821	0.0359667109	0.1364310715	0.0228272948	0.080885839	-0.1696464219	-0.1082675095	-0.1724530044	-0.1108562738	-0.0348754347	0.0545938606	0.0630624227	-0.1271667522	0.050662897	0.1268812609	0.045539395	0.1996574721	-0.0162359829	-0.0982678073	0.0635331191	0.070424835	-0.1899826639	0.1400773834	0.195319358	-0.1111206151	-0.0859237754	-0.1612377397	-0.0107993156	-0.0391046401	0.1097845038	-0.0388198047	0.1484588766	0.0715029165	-0.0887766056	0.0278880549	-0.2046055007	0.0834341428	0.0221317151	-0.2419129863	-0.0439575058	0.0658083831	0.0811616932	0.0786040721	-0.0184295097	-0.0440787149	-0.0148056596	0.0029558098	-0.082840675	-0.0747609802	-0.0985670268	-0.1481835858	-0.0612647009	-0.1120511222	0.038721808	-0.0328201178	-0.0903666043	-0.2234534223	0.2527788362	0.0138594458	-0.1538585052	0.1469813818	0.0203279871130916	-0.0020194735469942	0.00041322706007	4.078273407009731e-06	0.0995373412239928	9.38753400988035e-05	8.812579478666024e-09	0.0099076822979415	-0.1637319910328898	-3.7105831864892025e-05	1.3768427583856363e-09	0.0268081648875943	0.0020448455755307	0.0001299571877371	1.6888870644561823e-08	4.181393427767479e-06	-0.0013144651444612	0.0001685417321978	1.7278186160034036e-06	2.8406315492268604e-08	0.0005213451729222	-7.549795369996351e-08	2.718007893292786e-07	5.699941012881834e-15	0.0	0.0	0.0	0.0
917.0667037506212	-3.658499124800187	13.384615846163737	841011.3391280295	999.900901528292	2.0141046213550453	999801.8128770912	4.056617425763751	870.6775460716985	-0.5857131268901412	758079.3892334347	0.3430598670114266	873.6485028532036	799.7516619888778	1.366829	18.144217	0.0528371339919315	0.0313162994622578	0.0270116881	-0.1697612008	0.0613970604	0.1189837148	-0.0654228671	0.1480875272	0.0696021184	-0.0576833028	-0.0297322729	-0.0662512498	-0.0323924866	0.2063898934	-0.0551275215	0.1251632668	-0.1989085907	-0.110011204	-0.19229209	0.0407398947	-0.1583433635	-0.1096478097	0.1291740304	0.1043055855	-0.0262561512	0.0650754583	0.0026708886	0.0966277018	-0.0636810201	-0.0454761744	-0.1460524449	0.0877124286	-0.0913548295	0.1883956429	-0.1848312554	-0.0392477021	-0.2264405515	0.0038078789	-0.1005694591	0.0345968168	-0.1659132582	0.0223879731	0.0215009594	0.1854667761	0.1460129799	0.1411999991	-0.2656591619	-0.0775268282	0.1271669733	-0.1236888014	-0.1104491293	-0.0004131713	-0.1081582073	0.1350887938	-0.1032487424	0.0754919883	-0.1317346701	0.1541209116	-0.0336509989	0.0428146997	-0.1833052027	0.1757370511	0.0538806158	-0.1409847348	-0.0018905472	-0.0034149685	-0.0393189609	-0.1192945748	-0.05170004	0.1039024181	0.2250494717	-0.0046578972	-0.0146124231	-0.0558069328	-0.1007060945	0.054240153	0.1018934153	-0.0192809667	0.0211997095	0.0183923776	-0.0128457509	0.1437212129	-0.131357305	-0.0537984588	-0.1547718027	0.1505910958	0.0224714840356199	0.0021434969225282	0.0005049675947631	4.594579056888286e-06	0.0995083049404712	-2.9036283521591263e-05	8.431057607462324e-10	0.0099019027521258	-0.1387392560380931	0.0249927349947967	0.0006246368025201	0.0192485811660035	0.0018719838955312	-0.0001728616799994	2.988116041224951e-08	3.5043237051281662e-06	-0.0015594248741979	-0.0002449597297367	2.4318059382671363e-06	6.00052691926771e-08	0.0006169610790077	9.56159060855e-05	3.806409730103455e-07	9.142401496551154e-09	0.0	0.0	0.0	0.0
917.6587278910572	0.592024140436024	0.3504925828590131	842097.5408746334	995.7874173896256	-4.113484138666422	991592.5806315003	16.920751759060234	870.6190462370841	-0.0584998346143947	757977.5236707701	0.0034222306499115	873.2844976528057	796.9174660358233	1.263088	16.767084	0.0482648935176056	0.0245969032623625	0.1090686434	0.0764970153	-0.0247640535	0.100301431	0.1340745177	0.0382643508	-0.06339556	0.082653276	0.1849510427	-0.0472448817	-0.0187517553	0.1643366192	0.0329239113	0.0461598992	0.0715680325	-0.2264030562	-0.18904085	-0.107161329	0.0848070735	-0.0257550276	0.0895802994	0.0218000138	-0.0083785069	-0.1257436893	0.050180239	0.0328793791	-0.072021521	0.1013458151	-0.0743655965	0.0249860518	0.1740848969	-0.0189854149	-0.2158739955	0.1151895186	0.1106279683	0.0714071394	0.0329367425	0.1208973751	0.080967616	0.2083573221	-0.1139223361	0.0966113261	0.1455113091	0.014765852	-0.1064606699	0.0495124141	0.0807818065	-0.1370722061	0.0473584898	-0.0232683356	-0.0230660981	-0.0513321148	0.0013911014	-0.0624703668	-0.2115475967	0.1191600381	-0.0159890959	-0.109151279	-0.1735025291	0.1973737506	0.0049855331	-0.0950121634	0.1188171508	-0.0444893561	-0.0501068068	0.1271578442	-0.0536987706	-0.014177074	-0.1023610101	-0.0355486019	-0.1118399772	0.0143674212	-0.054018038	-0.007432897	0.0272608765	0.0071948375	-0.1043649878	-0.0817083361	0.0682542339	0.0791937387	-0.1420619731	-0.1274717162	-0.1554579513	0.1533170814	0.022416218608555	-5.526542706489959e-05	0.0005024868567065	3.054267428665736e-09	0.0828473005620651	-0.0166610043784061	0.0002775890668972	0.0068636752104211	-0.1452660531299727	-0.0065267970918796	4.259908027856821e-05	0.02110222619196	0.002031843390777	0.0001598594952457	2.5555058220241932e-08	4.1283875646441765e-06	-0.0013144723352023	0.0002449525389956	1.727837520012188e-06	6.000174636039093e-08	0.000521336580844	-9.562449816369997e-05	2.717918305261126e-07	9.144044649059457e-09	0.0	0.0	0.0	0.0
917.844111984066	0.1853840930087926	0.0343672619406926	842437.8139038187	1001.3440573049146	5.556639915288997	1002689.921099868	30.876247148182912	870.7494990391885	0.1304528021044007	758204.6900769979	0.0170179335768899	874.1178528718434	797.706888546239	1.240205	16.463324	0.0250087989639561	0.0205411603039572	0.0490284962	-0.1464524103	-0.0284006766	0.0649177053	0.0110004978	0.0696443319	0.075736901	-0.0873896024	-0.0226897201	0.0992264446	0.0159319543	0.2118060631	-0.0208149439	0.0214234685	-0.1106351005	-0.0771172154	-0.0726779913	-0.1735503048	-0.0294250887	-0.0936177647	0.1570374043	0.0714140537	-0.1209961326	0.1136206575	-0.0476331693	0.0438780254	-0.0653222239	-0.009341852	0.1109842269	0.1153551663	0.1422684734	0.1645023461	-0.0337075548	-0.0050465024	-0.0678991088	0.1325414874	-0.0751543297	-0.0440729816	-0.0532532208	0.0595799865	0.0571940011	0.081673965	0.1466742852	-0.080302425	-0.2792368995	-0.0346974517	0.0142971011	-0.0400694747	0.0870863707	0.0504081348	-0.0103568069	0.0661452807	-0.1863840635	0.0985385556	-0.0727120433	-0.071025641	0.0300566954	0.1039837755	-0.1676445491	0.1599347887	0.0850999833	-0.0761592449	0.026791391	-0.0790551307	-0.1097301389	-0.0058373701	-0.018980453	0.1779626633	0.192558583	-0.0209895606	0.0944113647	-0.1070396467	-0.0498877597	0.0471609842	0.0621990838	-0.018458263	-0.1027585332	0.0081733614	-0.0237556608	0.1494107103	-0.0854513839	-0.1451627875	-0.155915944	0.1551433414	0.0225051521441344	8.893353557939965e-05	0.0005064818730306	7.909173750652343e-09	0.0825622013570637	-0.0002850992050014	8.128155669243129e-08	0.0068165170929243	-0.1387978051371874	0.0064682479927853	4.1838232096171175e-05	0.0192648307109006	0.0016693448082174	-0.0003624985825595	1.3140522235771905e-07	2.786712088722388e-06	-0.0013150655642328	-5.932290304999817e-07	1.7293974382309329e-06	3.519206826279482e-13	0.0005210980278223	-2.38553021700001e-07	2.7154315460029057e-07	5.690754416220117e-14	0.0	0.0	0.0	0.0
918.391517242072	0.5474052580060516	0.2996525164926719	843442.9789421951	995.638372288194	-5.705685016720622	991295.7683726844	32.55484151003021	870.8812933940272	0.1317943548386893	758434.2271836537	0.0173697519673463	873.0188110098304	795.6813300909455	1.263666	16.774757	0.0508307691223668	0.0262041751125814	0.0600103374	0.0406681194	-0.1198119198	0.1914835906	0.2504074291	0.0339663766	-0.1218116188	0.1577790714	0.1438145895	-0.0024754023	0.0166603488	0.1425034778	0.0817355233	0.0074702408	0.1335865104	0.0159690933	-0.082486983	-0.2307748045	0.0481216485	-0.1561877625	0.0390704526	0.076922522	0.0549637673	-0.0210551247	0.0314923958	-0.0153367214	0.1065741784	0.052676661	0.1418154595	0.0222529522	-0.1856262753	-0.1009877741	0.0014849285	-0.15961393	0.0016401395	0.0066885104	0.0971780611	0.1128082345	0.0514177071	0.1167502847	-0.1207645255	-0.1222530467	0.0070336188	-0.1341936534	-0.1695638257	-0.0858409489	0.0688052096	0.0820490921	0.0560994568	-0.0384749673	0.0827208001	0.2715090355	0.0786268649	-0.0359543504	0.1611104401	-0.1204579318	0.2465995533	0.0261382406	-0.1688138052	0.1735374179	0.00804243	-0.0500335591	0.0902515605	-0.1290473574	-0.0516440574	0.1835917139	0.0097338096	0.0278282441	-0.0930577214	-0.0008069856	-0.1643910695	0.0387110873	-0.0474156007	-0.0288691033	-0.0070211718	-0.0078770196	-0.2582276283	-0.0916001741	0.0582808393	-0.0680023881	-0.1422063926	-0.0425081835	-0.1561451084	0.1560591586	0.0145660660529074	-0.007939086091227	0.0002121702802576	6.3029087963914e-05	0.0723242209936501	-0.0102379803634135	0.0001048162419216	0.0052307929423383	-0.1585704439023487	-0.0197726387651613	0.0003909572437375	0.0251445856793879	0.0016514096265431	-1.7935181674300126e-05	3.216707416901511e-10	2.7271537546392207e-06	-0.0015510686882058	-0.0002360031239729	2.405814075532461e-06	5.5697474525015146e-08	0.0005247810002263	3.682972403999956e-06	2.753950981985159e-07	1.3564285728625212e-11	0.0	0.0	0.0	0.0
