#!ascii label  , from subject sub-v1s11x0050170_ses-1 vox2ras=TkReg
5133
5261  -11.805  -81.064  -13.101 0.0000000000
1410  -17.972  -88.863  -31.516 0.0000000000
32076  -19.033  -52.001  -13.349 0.0000000000
142529  -12.290  -72.085  -2.095 0.0000000000
8152  -5.339  -77.416  -14.606 0.0000000000
12306  -5.868  -72.124  -12.809 0.0000000000
141505  -2.094  -77.461  -26.645 0.0000000000
4050  -12.679  -83.258  -25.061 0.0000000000
6237  -8.423  -80.846  -35.277 0.0000000000
21916  -21.175  -62.080  -9.022 0.0000000000
16889  -1.611  -67.580  -2.936 0.0000000000
5915  -1.545  -80.493  -9.398 0.0000000000
109  -7.262  -94.705  -7.225 0.0000000000
19890  -15.631  -64.280  -14.322 0.0000000000
6713  -6.219  -79.046  -18.062 0.0000000000
10716  -8.675  -74.541  -23.610 0.0000000000
6060  -6.768  -81.050  -20.542 0.0000000000
2989  -12.114  -84.971  -31.247 0.0000000000
6924  -17.861  -79.561  -34.921 0.0000000000
38741  -20.105  -45.676  -13.752 0.0000000000
136381  -12.890  -50.027  -10.451 0.0000000000
18825  -15.542  -65.899  -6.138 0.0000000000
17944  -21.363  -66.562  -11.501 0.0000000000
13181  -16.320  -71.515  -11.464 0.0000000000
15107  -1.963  -69.875  -14.763 0.0000000000
18855  -3.492  -65.788  -7.949 0.0000000000
146665  -25.302  -53.184  -12.970 0.0000000000
7307  -8.628  -78.906  -6.926 0.0000000000
146302  -11.444  -73.150  -8.439 0.0000000000
146590  -11.681  -74.483  -15.665 0.0000000000
10658  -2.707  -74.553  -19.360 0.0000000000
128992  -0.292  -69.847  -22.981 0.0000000000
150977  -13.559  -83.593  -18.838 0.0000000000
6096  -11.053  -81.034  -24.639 0.0000000000
6838  -14.536  -78.866  -30.386 0.0000000000
10082  -14.189  -75.446  -36.566 0.0000000000
19790  -10.821  -64.265  -7.519 0.0000000000
14996  -6.311  -70.069  -2.637 0.0000000000
8904  -5.118  -75.947  -10.011 0.0000000000
5981  -1.577  -81.026  -16.308 0.0000000000
2319  -3.941  -86.066  -17.218 0.0000000000
2234  -5.747  -85.764  -9.873 0.0000000000
1223  -8.268  -88.930  -10.289 0.0000000000
1598  -6.844  -88.893  -16.822 0.0000000000
1961  -5.591  -87.238  -22.322 0.0000000000
1035  -9.547  -89.999  -26.223 0.0000000000
133349  -27.707  -60.930  -9.072 0.0000000000
25077  -24.335  -59.802  -13.846 0.0000000000
26156  -17.205  -58.416  -13.703 0.0000000000
17912  -9.140  -66.996  -10.933 0.0000000000
25043  -7.555  -59.605  -11.471 0.0000000000
130926  -10.884  -55.400  -7.982 0.0000000000
132039  -2.500  -83.583  -29.222 0.0000000000
10824  -1.523  -75.104  -30.552 0.0000000000
134185  -8.597  -79.625  -14.895 0.0000000000
129900  -9.972  -78.075  -19.210 0.0000000000
5325  -10.089  -81.846  -16.953 0.0000000000
2469  -15.133  -87.150  -31.434 0.0000000000
3028  -14.691  -85.057  -34.974 0.0000000000
3011  -17.647  -86.400  -33.659 0.0000000000
132378  -22.905  -48.991  -12.615 0.0000000000
35744  -20.130  -48.304  -12.461 0.0000000000
36708  -17.306  -47.660  -11.602 0.0000000000
143335  -15.114  -50.770  -11.931 0.0000000000
15981  -13.920  -68.970  -5.059 0.0000000000
15037  -16.617  -69.087  -8.743 0.0000000000
13124  -15.791  -71.517  -5.586 0.0000000000
17956  -0.765  -66.703  -12.382 0.0000000000
144636  -28.910  -52.176  -11.566 0.0000000000
6630  -8.420  -79.273  -11.056 0.0000000000
8921  -10.670  -77.298  -11.678 0.0000000000
9757  -8.638  -76.110  -14.757 0.0000000000
10759  -4.845  -74.804  -26.257 0.0000000000
11580  -4.957  -73.146  -22.501 0.0000000000
132214  -2.238  -76.436  -23.038 0.0000000000
143087  -0.553  -73.214  -20.406 0.0000000000
11608  -0.498  -74.431  -24.413 0.0000000000
4656  -13.327  -82.777  -22.406 0.0000000000
7498  -15.101  -78.939  -24.577 0.0000000000
6117  -16.414  -80.116  -26.935 0.0000000000
8466  -20.160  -77.789  -38.371 0.0000000000
9246  -18.416  -75.661  -35.721 0.0000000000
21937  -12.637  -62.683  -10.881 0.0000000000
134758  -5.357  -65.994  -5.557 0.0000000000
15964  -3.917  -68.032  -3.813 0.0000000000
11385  -6.665  -73.273  -6.453 0.0000000000
13131  -3.708  -71.496  -6.267 0.0000000000
8092  -0.643  -77.467  -8.608 0.0000000000
8930  -0.698  -76.213  -12.521 0.0000000000
5951  -0.492  -80.094  -14.062 0.0000000000
3984  -1.235  -83.697  -18.665 0.0000000000
3375  -1.250  -84.114  -14.560 0.0000000000
1172  -5.629  -89.901  -5.222 0.0000000000
877  -3.993  -89.950  -8.407 0.0000000000
354  -6.008  -92.468  -8.386 0.0000000000
1256  -7.713  -89.681  -13.873 0.0000000000
244  -4.891  -93.167  -11.975 0.0000000000
128819  -5.387  -91.824  -18.871 0.0000000000
1359  -7.049  -89.113  -24.862 0.0000000000
23993  -23.629  -59.762  -11.008 0.0000000000
22926  -24.478  -61.746  -7.467 0.0000000000
144038  -19.078  -66.123  -14.175 0.0000000000
20929  -23.720  -63.493  -13.360 0.0000000000
131947  -19.853  -62.160  -14.492 0.0000000000
131960  -21.850  -59.077  -14.318 0.0000000000
23028  -16.240  -61.312  -14.232 0.0000000000
14115  -10.327  -70.206  -11.844 0.0000000000
15034  -10.238  -69.132  -7.352 0.0000000000
15056  -7.675  -69.004  -10.755 0.0000000000
23912  -2.272  -61.338  -5.677 0.0000000000
22961  -4.514  -61.632  -9.542 0.0000000000
145145  -5.719  -58.815  -7.644 0.0000000000
27175  -9.468  -57.241  -10.368 0.0000000000
28139  -7.623  -56.395  -6.221 0.0000000000
31988  -7.459  -52.602  -7.393 0.0000000000
5469  -9.162  -81.169  -30.038 0.0000000000
4710  -7.470  -82.587  -26.287 0.0000000000
4782  -5.141  -82.054  -31.947 0.0000000000
8199  -3.362  -76.727  -18.975 0.0000000000
144588  -6.666  -75.350  -18.109 0.0000000000
9028  -6.407  -76.340  -21.807 0.0000000000
8265  -7.827  -78.218  -24.362 0.0000000000
152910  -5.188  -78.943  -25.939 0.0000000000
4082  -12.241  -83.399  -27.999 0.0000000000
5471  -16.135  -81.390  -30.655 0.0000000000
4783  -14.293  -82.913  -33.380 0.0000000000
5554  -16.142  -81.340  -37.958 0.0000000000
36683  -15.060  -46.738  -9.571 0.0000000000
13091  -2.029  -71.935  -3.455 0.0000000000
133469  -18.223  -63.041  -7.426 0.0000000000
18846  -21.894  -64.931  -7.913 0.0000000000
17896  -18.871  -66.572  -8.804 0.0000000000
16065  -18.446  -68.225  -12.161 0.0000000000
17006  -15.321  -67.898  -14.346 0.0000000000
12303  -1.905  -73.051  -12.158 0.0000000000
15070  -3.390  -69.706  -11.034 0.0000000000
16043  -0.986  -69.111  -10.043 0.0000000000
128504  -0.836  -64.950  -8.175 0.0000000000
1059  -20.282  -90.068  -28.787 0.0000000000
2443  -18.846  -86.308  -29.612 0.0000000000
34840  -26.450  -49.353  -12.505 0.0000000000
32080  -22.269  -52.609  -13.496 0.0000000000
8821  -10.213  -76.045  -2.440 0.0000000000
10511  -12.780  -74.857  -4.870 0.0000000000
131870  -11.036  -76.940  -7.014 0.0000000000
10570  -12.475  -74.370  -11.667 0.0000000000
13235  -9.003  -71.943  -15.345 0.0000000000
11532  -10.273  -73.822  -19.807 0.0000000000
136165  -6.640  -72.480  -18.061 0.0000000000
11477  -4.486  -73.739  -15.497 0.0000000000
12358  -0.651  -73.078  -16.291 0.0000000000
15152  -1.049  -69.349  -19.320 0.0000000000
3959  -13.800  -83.274  -14.932 0.0000000000
5353  -11.692  -80.920  -19.044 0.0000000000
7467  -13.306  -78.309  -21.507 0.0000000000
144742  -12.382  -80.185  -27.909 0.0000000000
6895  -11.367  -79.864  -33.483 0.0000000000
8374  -17.209  -77.952  -31.952 0.0000000000
8436  -14.117  -77.804  -35.612 0.0000000000
7697  -10.341  -77.775  -37.910 0.0000000000
21959  -18.334  -62.065  -11.009 0.0000000000
20844  -15.322  -63.724  -9.322 0.0000000000
19769  -13.144  -64.043  -5.791 0.0000000000
16898  -11.686  -67.288  -3.336 0.0000000000
20816  -7.291  -63.738  -8.999 0.0000000000
17839  -8.633  -66.041  -4.221 0.0000000000
13993  -9.726  -70.416  -1.502 0.0000000000
10495  -7.967  -74.464  -4.403 0.0000000000
8087  -5.751  -78.095  -7.307 0.0000000000
5230  -5.556  -81.328  -10.844 0.0000000000
10547  -2.596  -73.783  -10.050 0.0000000000
7343  -3.792  -78.825  -12.259 0.0000000000
5982  -4.624  -81.224  -15.455 0.0000000000
6039  -2.166  -80.576  -19.755 0.0000000000
3986  -5.335  -82.954  -18.457 0.0000000000
3943  -7.530  -84.053  -15.070 0.0000000000
3313  -1.867  -84.497  -9.580 0.0000000000
1857  -3.415  -87.242  -12.894 0.0000000000
1867  -5.859  -87.651  -13.162 0.0000000000
140363  -10.391  -84.934  -11.866 0.0000000000
2286  -11.132  -87.312  -14.552 0.0000000000
2328  -10.633  -86.430  -18.362 0.0000000000
2858  -9.407  -85.562  -20.746 0.0000000000
137325  -4.764  -92.013  -15.959 0.0000000000
1928  -4.820  -86.815  -19.183 0.0000000000
2904  -8.512  -85.482  -23.778 0.0000000000
2951  -8.468  -85.900  -26.747 0.0000000000
150592  -9.926  -87.789  -28.965 0.0000000000
1398  -13.913  -90.455  -29.915 0.0000000000
1383  -11.880  -90.023  -27.580 0.0000000000
755  -16.426  -91.950  -28.200 0.0000000000
130605  -29.528  -56.864  -9.747 0.0000000000
20847  -24.921  -63.965  -10.104 0.0000000000
24010  -27.239  -60.594  -11.707 0.0000000000
27205  -27.723  -57.132  -12.304 0.0000000000
29273  -25.474  -56.025  -13.423 0.0000000000
148064  -22.304  -56.139  -13.644 0.0000000000
29247  -18.918  -55.174  -12.834 0.0000000000
12260  -13.879  -72.258  -8.089 0.0000000000
134539  -12.949  -69.329  -11.554 0.0000000000
18912  -12.345  -65.645  -13.142 0.0000000000
147769  -5.060  -66.062  -11.284 0.0000000000
20899  -8.024  -63.156  -12.559 0.0000000000
23023  -11.656  -61.607  -13.573 0.0000000000
25056  -12.313  -58.884  -12.916 0.0000000000
27199  -13.897  -56.586  -12.274 0.0000000000
30165  -14.551  -54.584  -11.566 0.0000000000
32010  -11.001  -52.975  -10.013 0.0000000000
4639  -8.801  -83.254  -21.577 0.0000000000
4650  -4.312  -82.796  -23.182 0.0000000000
129314  -1.452  -81.392  -28.051 0.0000000000
6214  -0.805  -80.169  -34.062 0.0000000000
6859  0.325  -78.922  -31.502 0.0000000000
9110  0.276  -77.131  -27.817 0.0000000000
13345  -0.396  -71.042  -28.406 0.0000000000
5956  -10.473  -80.369  -13.470 0.0000000000
6677  -10.724  -79.209  -15.506 0.0000000000
5984  -11.701  -80.544  -15.049 0.0000000000
1701  -16.344  -88.294  -31.702 0.0000000000
2017  -16.359  -87.542  -33.298 0.0000000000
2020  -18.392  -87.692  -32.655 0.0000000000
144963  -21.250  -50.563  -13.149 0.0000000000
34837  -21.671  -49.252  -12.643 0.0000000000
152743  -18.866  -50.544  -13.198 0.0000000000
34833  -17.629  -49.816  -12.586 0.0000000000
32993  -16.940  -51.328  -12.893 0.0000000000
15000  -13.290  -69.744  -3.624 0.0000000000
14040  -15.010  -70.281  -5.069 0.0000000000
13094  -14.046  -71.579  -3.521 0.0000000000
32038  -29.667  -52.395  -11.093 0.0000000000
7344  -7.125  -78.997  -12.923 0.0000000000
8130  -8.159  -77.765  -13.131 0.0000000000
8154  -6.891  -76.960  -14.052 0.0000000000
9098  -3.289  -75.882  -27.004 0.0000000000
151382  -3.539  -75.456  -25.011 0.0000000000
9075  -2.288  -76.969  -24.566 0.0000000000
146034  -1.119  -75.931  -23.071 0.0000000000
135758  -0.613  -76.946  -24.675 0.0000000000
149958  -13.363  -82.634  -24.019 0.0000000000
5406  -14.557  -81.540  -24.621 0.0000000000
5427  -15.205  -81.561  -26.171 0.0000000000
18773  -1.836  -65.355  -3.163 0.0000000000
141194  -3.070  -65.411  -4.788 0.0000000000
153500  -1.930  -67.163  -4.193 0.0000000000
15019  -3.799  -69.988  -4.896 0.0000000000
14024  -2.407  -70.000  -4.637 0.0000000000
6599  -1.620  -79.233  -8.942 0.0000000000
131899  -0.467  -78.360  -10.853 0.0000000000
5936  -0.510  -80.291  -11.578 0.0000000000
128497  -0.493  -81.808  -14.006 0.0000000000
4527  -0.593  -82.137  -12.109 0.0000000000
328  -6.725  -92.355  -4.947 0.0000000000
561  -5.418  -91.648  -6.310 0.0000000000
107  -6.102  -94.180  -7.506 0.0000000000
384  -5.744  -92.790  -10.550 0.0000000000
135692  -5.776  -94.774  -9.208 0.0000000000
22968  -22.349  -61.267  -9.593 0.0000000000
23954  -23.644  -60.683  -8.391 0.0000000000
22924  -22.896  -61.929  -7.599 0.0000000000
19918  -17.544  -64.738  -14.517 0.0000000000
147311  -19.196  -64.280  -14.429 0.0000000000
20924  -17.061  -63.413  -14.462 0.0000000000
131949  -17.783  -61.986  -14.491 0.0000000000
137128  -15.181  -62.661  -14.137 0.0000000000
13199  -8.468  -70.436  -12.547 0.0000000000
14074  -8.451  -69.328  -10.866 0.0000000000
139707  -7.105  -70.008  -12.061 0.0000000000
23914  -4.042  -60.169  -6.568 0.0000000000
26068  -5.369  -58.280  -6.045 0.0000000000
133656  -6.971  -57.614  -7.133 0.0000000000
5503  -8.468  -81.285  -32.994 0.0000000000
5466  -6.992  -81.905  -30.891 0.0000000000
5516  -6.960  -81.742  -33.410 0.0000000000
146624  -4.457  -78.513  -20.095 0.0000000000
9005  -4.497  -76.691  -20.359 0.0000000000
7449  -5.833  -78.038  -19.966 0.0000000000
6062  -8.422  -79.988  -20.267 0.0000000000
7458  -9.242  -78.407  -21.263 0.0000000000
6766  -7.231  -79.366  -23.364 0.0000000000
7506  -6.707  -78.335  -25.342 0.0000000000
6764  -5.199  -79.964  -23.479 0.0000000000
148700  -12.114  -83.443  -29.534 0.0000000000
4751  -13.312  -82.451  -30.170 0.0000000000
4126  -12.707  -83.586  -31.650 0.0000000000
3581  -16.413  -84.245  -36.195 0.0000000000
4174  -14.748  -83.252  -36.506 0.0000000000
4829  -16.894  -82.646  -37.954 0.0000000000
5559  -18.452  -81.392  -38.883 0.0000000000
38742  -21.392  -46.040  -14.044 0.0000000000
34801  -15.002  -48.839  -10.815 0.0000000000
35716  -15.966  -47.525  -10.517 0.0000000000
133324  -13.453  -48.656  -10.337 0.0000000000
146479  -11.133  -48.061  -10.773 0.0000000000
141765  -17.064  -63.732  -6.334 0.0000000000
18843  -19.313  -65.306  -7.144 0.0000000000
17869  -17.055  -66.213  -7.346 0.0000000000
128605  -17.041  -70.686  -9.977 0.0000000000
15047  -17.298  -69.061  -10.134 0.0000000000
14099  -17.098  -70.202  -12.339 0.0000000000
132975  -17.629  -68.461  -13.772 0.0000000000
14127  -16.154  -70.338  -13.418 0.0000000000
128696  -0.787  -71.609  -13.611 0.0000000000
14086  -1.121  -71.240  -10.922 0.0000000000
130526  -1.072  -69.711  -12.024 0.0000000000
154294  -0.729  -65.295  -9.967 0.0000000000
33927  -27.534  -50.339  -12.130 0.0000000000
139770  -26.267  -50.759  -12.438 0.0000000000
144342  -24.574  -50.726  -12.673 0.0000000000
32081  -23.938  -52.757  -13.309 0.0000000000
146691  -9.126  -77.690  -3.939 0.0000000000
8858  -10.618  -76.996  -4.888 0.0000000000
8080  -9.929  -77.929  -6.915 0.0000000000
9743  -11.321  -75.982  -13.398 0.0000000000
9731  -12.154  -75.924  -11.335 0.0000000000
10599  -12.382  -74.229  -13.926 0.0000000000
13227  -11.634  -71.890  -14.517 0.0000000000
12345  -11.324  -72.522  -15.898 0.0000000000
9851  -9.006  -75.269  -21.364 0.0000000000
9820  -9.699  -75.375  -19.175 0.0000000000
11565  -9.240  -73.525  -21.790 0.0000000000
11543  -3.947  -73.449  -20.766 0.0000000000
12425  -6.095  -72.617  -20.064 0.0000000000
11530  -4.310  -73.068  -19.335 0.0000000000
128926  -5.520  -72.635  -17.127 0.0000000000
10640  -3.245  -74.079  -17.106 0.0000000000
10608  -2.012  -74.768  -15.390 0.0000000000
9801  -1.875  -74.220  -17.657 0.0000000000
13287  -0.401  -71.193  -21.690 0.0000000000
14177  -0.835  -70.966  -19.630 0.0000000000
133198  -0.373  -68.942  -20.973 0.0000000000
147334  -0.544  -67.137  -20.319 0.0000000000
17082  -0.401  -67.007  -22.388 0.0000000000
3422  -13.857  -83.880  -17.314 0.0000000000
5341  -13.744  -80.568  -18.106 0.0000000000
130155  -14.277  -81.070  -19.826 0.0000000000
7536  -14.818  -78.945  -27.873 0.0000000000
135534  -13.734  -79.265  -26.459 0.0000000000
6837  -13.424  -79.485  -29.473 0.0000000000
6176  -11.233  -80.316  -30.744 0.0000000000
6864  -12.553  -79.592  -31.736 0.0000000000
6192  -16.937  -80.623  -32.698 0.0000000000
133533  -17.560  -79.647  -31.121 0.0000000000
6897  -18.357  -78.745  -33.522 0.0000000000
10084  -16.821  -75.124  -36.713 0.0000000000
8418  -15.849  -76.866  -35.646 0.0000000000
9261  -14.445  -76.351  -37.323 0.0000000000
7688  -12.289  -78.232  -37.256 0.0000000000
9260  -12.782  -76.313  -37.689 0.0000000000
9241  -10.360  -76.474  -36.451 0.0000000000
25015  -17.978  -59.530  -9.756 0.0000000000
24003  -16.512  -60.701  -11.215 0.0000000000
21941  -16.958  -63.284  -10.948 0.0000000000
21955  -15.093  -62.148  -11.435 0.0000000000
144684  -11.579  -64.133  -9.476 0.0000000000
144529  -13.096  -64.051  -9.367 0.0000000000
19791  -11.698  -64.160  -7.102 0.0000000000
136938  -12.093  -65.591  -4.608 0.0000000000
19747  -11.104  -64.637  -5.602 0.0000000000
17819  -5.959  -66.494  -3.434 0.0000000000
18788  -7.221  -65.847  -5.582 0.0000000000
16880  -7.981  -67.508  -2.054 0.0000000000
15951  -9.314  -68.651  -1.598 0.0000000000
13991  -7.633  -70.443  -2.016 0.0000000000
11330  -8.686  -72.902  -2.894 0.0000000000
12197  -7.339  -72.118  -4.077 0.0000000000
10541  -5.927  -74.792  -8.428 0.0000000000
9696  -6.675  -75.256  -7.353 0.0000000000
133489  -5.633  -76.963  -8.916 0.0000000000
6609  -5.353  -79.621  -8.716 0.0000000000
7317  -4.762  -78.882  -9.948 0.0000000000
129247  -2.088  -73.109  -4.585 0.0000000000
12246  -1.689  -73.081  -6.816 0.0000000000
10532  -0.723  -74.034  -7.831 0.0000000000
7367  -1.465  -78.299  -14.796 0.0000000000
8128  -2.578  -76.916  -13.613 0.0000000000
6642  -2.744  -79.584  -14.316 0.0000000000
153235  -3.685  -81.875  -12.831 0.0000000000
4572  -3.358  -82.529  -15.759 0.0000000000
5996  -3.397  -81.218  -17.211 0.0000000000
5321  -2.279  -82.061  -17.776 0.0000000000
2843  -2.673  -85.353  -18.395 0.0000000000
3994  -3.808  -83.573  -19.733 0.0000000000
3419  -4.842  -84.802  -17.773 0.0000000000
3969  -6.735  -83.131  -16.450 0.0000000000
2824  -5.671  -85.311  -16.402 0.0000000000
2734  -2.822  -84.729  -7.918 0.0000000000
3314  -3.663  -84.316  -10.455 0.0000000000
2768  -3.110  -84.744  -12.172 0.0000000000
2242  -4.279  -86.173  -11.491 0.0000000000
1211  -6.095  -90.162  -9.135 0.0000000000
1233  -4.797  -89.296  -11.567 0.0000000000
1858  -6.887  -87.604  -11.339 0.0000000000
2775  -7.894  -85.826  -12.478 0.0000000000
140571  -9.197  -87.234  -11.071 0.0000000000
2274  -11.800  -86.120  -13.454 0.0000000000
1859  -10.042  -88.044  -12.496 0.0000000000
1279  -7.769  -89.239  -15.570 0.0000000000
1593  -9.416  -88.607  -15.724 0.0000000000
1913  -8.662  -87.696  -17.702 0.0000000000
2336  -9.427  -86.125  -19.255 0.0000000000
144111  -8.097  -86.501  -18.931 0.0000000000
1325  -4.546  -88.741  -20.812 0.0000000000
1613  -4.189  -88.744  -18.900 0.0000000000
2357  -4.532  -86.559  -21.433 0.0000000000
2873  -7.146  -85.442  -21.717 0.0000000000
2902  -6.886  -86.000  -23.573 0.0000000000
2937  -8.571  -85.394  -25.425 0.0000000000
2402  -7.364  -86.846  -24.934 0.0000000000
1033  -8.447  -90.520  -25.886 0.0000000000
1677  -7.552  -88.766  -27.569 0.0000000000
1389  -8.860  -89.841  -27.955 0.0000000000
1692  -11.948  -89.007  -29.726 0.0000000000
1392  -10.959  -90.396  -28.457 0.0000000000
150247  -14.285  -91.312  -27.464 0.0000000000
23932  -27.692  -60.017  -7.666 0.0000000000
26105  -29.152  -58.369  -8.221 0.0000000000
129977  -28.804  -58.902  -9.733 0.0000000000
18870  -22.491  -65.896  -9.628 0.0000000000
19820  -23.681  -64.828  -9.482 0.0000000000
18886  -23.353  -65.406  -11.200 0.0000000000
21990  -23.714  -61.949  -13.889 0.0000000000
21975  -25.136  -62.533  -12.856 0.0000000000
24040  -25.874  -60.309  -13.194 0.0000000000
26147  -27.649  -58.465  -12.216 0.0000000000
26146  -26.888  -58.310  -12.804 0.0000000000
152646  -26.672  -56.560  -12.945 0.0000000000
142984  -24.645  -58.151  -13.642 0.0000000000
131797  -19.237  -58.899  -14.271 0.0000000000
27225  -21.593  -57.352  -13.875 0.0000000000
28262  -19.869  -56.967  -13.757 0.0000000000
145984  -20.158  -55.566  -13.393 0.0000000000
28241  -17.824  -56.224  -12.900 0.0000000000
10525  -12.625  -74.518  -6.605 0.0000000000
11389  -13.550  -73.758  -6.309 0.0000000000
134727  -11.928  -72.286  -7.481 0.0000000000
16942  -10.481  -67.847  -9.195 0.0000000000
16014  -11.541  -68.689  -9.623 0.0000000000
16961  -11.206  -67.811  -10.762 0.0000000000
16994  -12.581  -67.379  -12.540 0.0000000000
18906  -11.162  -66.487  -12.218 0.0000000000
16937  -3.225  -68.117  -8.650 0.0000000000
16025  -3.898  -68.007  -10.937 0.0000000000
18868  -4.108  -65.585  -9.105 0.0000000000
23983  -5.480  -60.575  -10.341 0.0000000000
21933  -5.298  -62.636  -10.967 0.0000000000
22996  -7.227  -61.116  -11.962 0.0000000000
21973  -9.340  -62.160  -13.065 0.0000000000
23013  -9.251  -61.116  -12.914 0.0000000000
25064  -12.012  -60.178  -13.377 0.0000000000
26139  -9.720  -58.956  -12.147 0.0000000000
28188  -10.559  -56.217  -8.982 0.0000000000
27186  -11.533  -56.965  -11.356 0.0000000000
28208  -12.578  -55.806  -9.903 0.0000000000
29220  -14.361  -55.230  -11.626 0.0000000000
30147  -12.840  -54.976  -9.588 0.0000000000
31105  -13.053  -53.824  -10.629 0.0000000000
30145  -11.710  -54.246  -8.754 0.0000000000
32935  -8.031  -51.663  -8.541 0.0000000000
6073  -11.509  -79.830  -21.511 0.0000000000
140081  -10.612  -82.015  -20.815 0.0000000000
5386  -9.963  -82.055  -22.904 0.0000000000
4081  -4.926  -83.607  -27.653 0.0000000000
141333  -5.864  -83.216  -24.860 0.0000000000
4068  -3.569  -83.773  -26.437 0.0000000000
5416  -2.791  -82.076  -24.758 0.0000000000
4078  -1.323  -83.485  -27.516 0.0000000000
148324  0.519  -77.386  -32.952 0.0000000000
146119  0.794  -75.874  -31.428 0.0000000000
151361  0.576  -78.113  -29.508 0.0000000000
10783  0.141  -74.723  -29.788 0.0000000000
10770  -0.275  -74.078  -28.055 0.0000000000
151324  -0.837  -72.319  -29.928 0.0000000000
6686  -6.828  -79.722  -16.758 0.0000000000
7432  -7.320  -78.002  -18.399 0.0000000000
7401  -9.585  -78.163  -16.672 0.0000000000
6701  -10.045  -79.325  -18.203 0.0000000000
5352  -8.132  -82.016  -18.924 0.0000000000
2999  -12.755  -85.551  -31.363 0.0000000000
3017  -13.230  -84.961  -33.315 0.0000000000
154164  -14.495  -86.021  -33.627 0.0000000000
2483  -16.369  -86.325  -34.327 0.0000000000
3568  -17.304  -84.791  -34.654 0.0000000000
36746  -25.189  -47.331  -13.299 0.0000000000
36744  -23.332  -47.432  -13.470 0.0000000000
36729  -21.790  -47.633  -12.862 0.0000000000
37753  -19.950  -46.890  -12.722 0.0000000000
132166  -18.555  -46.773  -12.493 0.0000000000
147921  -18.263  -48.694  -12.212 0.0000000000
34810  -16.584  -48.972  -11.601 0.0000000000
139062  -14.309  -50.094  -11.138 0.0000000000
149692  -14.600  -67.422  -5.940 0.0000000000
16918  -16.091  -67.560  -7.766 0.0000000000
15986  -14.927  -68.893  -6.130 0.0000000000
14051  -16.407  -70.328  -7.526 0.0000000000
12263  -16.331  -72.107  -8.581 0.0000000000
138068  -1.178  -68.161  -16.286 0.0000000000
17003  -1.161  -67.944  -13.647 0.0000000000
17992  -0.536  -66.260  -15.644 0.0000000000
33901  -29.149  -50.713  -11.385 0.0000000000
144074  -27.518  -52.146  -12.210 0.0000000000
6611  -8.345  -79.522  -9.343 0.0000000000
7313  -9.522  -78.586  -8.525 0.0000000000
7337  -9.541  -78.317  -11.253 0.0000000000
8942  -9.660  -76.689  -13.560 0.0000000000
9770  -10.513  -75.389  -15.427 0.0000000000
11611  -6.834  -74.049  -25.202 0.0000000000
12466  -7.262  -72.693  -23.277 0.0000000000
11609  -4.782  -73.816  -24.265 0.0000000000
11592  -3.936  -74.298  -22.904 0.0000000000
10687  -2.595  -75.271  -20.970 0.0000000000
144515  -1.241  -74.789  -19.678 0.0000000000
134406  -0.864  -75.364  -21.089 0.0000000000
11577  -0.466  -74.033  -22.180 0.0000000000
13298  -0.377  -71.634  -23.679 0.0000000000
4015  -13.402  -82.958  -20.835 0.0000000000
5369  -14.406  -80.672  -21.208 0.0000000000
141347  -14.629  -80.862  -23.192 0.0000000000
6791  -15.865  -79.603  -25.896 0.0000000000
7564  -15.763  -78.644  -29.220 0.0000000000
6943  -18.543  -78.843  -36.732 0.0000000000
7652  -18.887  -77.978  -34.632 0.0000000000
8455  -19.586  -77.197  -36.481 0.0000000000
10103  -19.210  -74.260  -36.747 0.0000000000
10928  -17.478  -74.195  -36.203 0.0000000000
23986  -13.582  -60.559  -10.876 0.0000000000
20840  -10.123  -63.439  -10.010 0.0000000000
21850  -5.964  -63.284  -6.426 0.0000000000
144900  -4.218  -65.061  -5.422 0.0000000000
17835  -4.734  -66.295  -4.655 0.0000000000
15965  -5.067  -68.534  -2.893 0.0000000000
13108  -6.737  -71.936  -4.797 0.0000000000
14038  -4.936  -70.948  -4.995 0.0000000000
12250  -5.311  -72.757  -7.188 0.0000000000
11408  -4.581  -73.556  -8.363 0.0000000000
9713  -0.325  -75.556  -10.338 0.0000000000
8107  -0.166  -77.303  -10.668 0.0000000000
7342  -0.491  -78.062  -13.446 0.0000000000
5979  -0.927  -79.835  -15.835 0.0000000000
141161  -1.352  -82.252  -17.292 0.0000000000
4570  -0.582  -82.173  -15.944 0.0000000000
136189  -0.850  -83.672  -16.598 0.0000000000
151987  -2.128  -85.669  -16.009 0.0000000000
1516  -5.255  -87.723  -7.415 0.0000000000
1820  -3.764  -88.096  -8.686 0.0000000000
1183  -4.436  -89.764  -6.294 0.0000000000
576  -4.998  -91.077  -7.637 0.0000000000
599  -7.378  -90.766  -9.749 0.0000000000
1247  -8.585  -89.596  -11.760 0.0000000000
624  -7.278  -90.860  -11.466 0.0000000000
931  -6.549  -90.753  -13.217 0.0000000000
940  -5.996  -90.723  -14.616 0.0000000000
129301  -6.036  -90.788  -20.459 0.0000000000
1338  -5.590  -88.743  -22.091 0.0000000000
1655  -6.868  -87.881  -23.519 0.0000000000
1350  -6.941  -89.076  -23.493 0.0000000000
722  -8.739  -92.122  -24.627 0.0000000000
25001  -25.087  -59.266  -8.480 0.0000000000
23930  -25.339  -60.249  -7.235 0.0000000000
22947  -26.222  -61.695  -7.915 0.0000000000
17971  -20.399  -66.194  -13.250 0.0000000000
18915  -22.364  -65.528  -12.438 0.0000000000
19896  -21.550  -64.415  -13.724 0.0000000000
136811  -22.277  -62.844  -14.093 0.0000000000
23034  -22.167  -61.317  -14.388 0.0000000000
146537  -22.875  -59.925  -14.262 0.0000000000
24034  -20.751  -60.562  -14.491 0.0000000000
24032  -18.882  -60.588  -14.491 0.0000000000
25070  -17.080  -59.682  -14.100 0.0000000000
12280  -10.598  -71.739  -9.459 0.0000000000
13136  -10.495  -71.172  -7.763 0.0000000000
152130  -9.559  -70.532  -8.447 0.0000000000
143600  -8.492  -68.659  -8.798 0.0000000000
16958  -7.844  -67.585  -10.313 0.0000000000
20790  -2.796  -63.763  -7.096 0.0000000000
20814  -3.488  -63.986  -8.070 0.0000000000
22919  -3.775  -61.589  -7.786 0.0000000000
23946  -4.652  -60.445  -8.591 0.0000000000
25010  -6.272  -59.120  -9.835 0.0000000000
26124  -8.272  -58.180  -10.652 0.0000000000
27161  -7.088  -58.043  -8.837 0.0000000000
28170  -8.265  -56.905  -7.634 0.0000000000
29162  -9.191  -55.507  -6.947 0.0000000000
31056  -9.642  -54.305  -7.557 0.0000000000
31035  -7.472  -53.993  -6.469 0.0000000000
31052  -5.826  -52.772  -6.888 0.0000000000
149440  -10.319  -81.200  -27.430 0.0000000000
134285  -9.465  -82.022  -25.214 0.0000000000
5444  -8.101  -81.719  -28.722 0.0000000000
4738  -6.446  -82.380  -29.322 0.0000000000
4115  -4.110  -83.072  -30.071 0.0000000000
8165  -4.008  -77.508  -15.721 0.0000000000
8976  -6.025  -75.758  -16.394 0.0000000000
8989  -4.806  -75.770  -17.779 0.0000000000
9849  -6.468  -75.693  -21.375 0.0000000000
9868  -8.337  -75.645  -22.659 0.0000000000
8230  -7.836  -77.369  -21.001 0.0000000000
8252  -8.702  -77.587  -22.888 0.0000000000
9912  -8.321  -75.840  -24.413 0.0000000000
9088  -6.967  -76.466  -25.850 0.0000000000
9099  -5.635  -76.693  -26.733 0.0000000000
7532  -3.864  -77.977  -28.194 0.0000000000
4071  -12.743  -83.139  -27.009 0.0000000000
4723  -14.625  -82.051  -27.732 0.0000000000
4731  -14.116  -82.126  -28.646 0.0000000000
4767  -14.892  -81.970  -31.782 0.0000000000
146742  -16.368  -81.056  -34.283 0.0000000000
4165  -13.876  -83.739  -34.756 0.0000000000
135449  -15.340  -81.970  -35.634 0.0000000000
6254  -16.979  -80.406  -36.487 0.0000000000
6954  -17.807  -79.907  -38.788 0.0000000000
7705  -20.047  -78.574  -39.121 0.0000000000
37751  -17.624  -46.842  -12.233 0.0000000000
14994  -1.695  -69.935  -3.328 0.0000000000
21884  -19.857  -62.694  -8.590 0.0000000000
145244  -21.166  -63.112  -7.467 0.0000000000
19793  -20.618  -64.456  -7.275 0.0000000000
18857  -20.568  -65.627  -7.968 0.0000000000
17915  -19.971  -67.084  -10.008 0.0000000000
16925  -17.355  -67.384  -8.838 0.0000000000
16962  -18.685  -67.740  -10.419 0.0000000000
17942  -19.771  -67.281  -11.598 0.0000000000
16998  -18.760  -67.633  -12.997 0.0000000000
137400  -16.867  -67.155  -14.571 0.0000000000
18924  -15.363  -65.523  -14.359 0.0000000000
134586  -4.067  -72.844  -12.460 0.0000000000
144933  -5.241  -71.193  -12.238 0.0000000000
151750  -2.358  -71.788  -11.000 0.0000000000
15053  -1.882  -70.385  -9.485 0.0000000000
149843  -1.941  -67.931  -7.661 0.0000000000
131756  -1.034  -68.323  -11.173 0.0000000000
17893  -0.908  -66.890  -8.858 0.0000000000
18837  -1.567  -65.390  -6.847 0.0000000000
21847  -1.823  -62.773  -6.114 0.0000000000
6947  -7.258  -78.840  -37.287 0.0000000000
6235  -6.524  -80.654  -35.830 0.0000000000
1071  -19.295  -89.265  -30.142 0.0000000000
2012  -19.177  -87.922  -31.198 0.0000000000
34839  -24.668  -49.311  -12.729 0.0000000000
32995  -22.634  -51.085  -13.159 0.0000000000
32078  -20.513  -52.147  -13.455 0.0000000000
10468  -11.588  -74.209  -1.909 0.0000000000
11353  -13.366  -73.524  -3.174 0.0000000000
9647  -12.012  -75.491  -3.396 0.0000000000
9669  -11.950  -75.699  -5.590 0.0000000000
10542  -12.064  -74.577  -8.503 0.0000000000
8895  -11.261  -77.238  -9.986 0.0000000000
9718  -12.263  -75.382  -9.644 0.0000000000
11422  -11.681  -73.399  -10.147 0.0000000000
133743  -11.892  -72.067  -11.973 0.0000000000
13215  -10.641  -70.923  -13.457 0.0000000000
145409  -7.596  -71.758  -13.809 0.0000000000
9767  -7.671  -75.656  -16.061 0.0000000000
9791  -9.813  -75.409  -16.749 0.0000000000
130686  -11.160  -74.317  -17.979 0.0000000000
131098  -7.117  -72.655  -21.080 0.0000000000
12412  -8.740  -72.798  -19.495 0.0000000000
12381  -9.081  -72.530  -17.776 0.0000000000
12363  -7.717  -72.338  -16.536 0.0000000000
12341  -6.535  -72.490  -15.671 0.0000000000
11466  -5.158  -73.521  -14.111 0.0000000000
10588  -2.830  -74.276  -13.860 0.0000000000
11462  -0.808  -73.612  -13.945 0.0000000000
13233  -1.129  -71.646  -15.401 0.0000000000
135052  -0.810  -73.505  -18.190 0.0000000000
13261  -1.425  -71.256  -17.256 0.0000000000
130616  -1.847  -69.896  -17.065 0.0000000000
150306  -0.974  -67.322  -17.935 0.0000000000
4560  -13.291  -81.989  -13.874 0.0000000000
5313  -13.023  -81.294  -15.902 0.0000000000
5329  -13.524  -81.441  -16.521 0.0000000000
6737  -12.405  -79.416  -19.860 0.0000000000
6760  -11.929  -79.264  -22.862 0.0000000000
7486  -14.313  -78.639  -22.834 0.0000000000
6777  -12.932  -79.266  -24.906 0.0000000000
6108  -11.553  -80.649  -25.864 0.0000000000
6149  -10.603  -80.710  -29.341 0.0000000000
140739  -9.957  -80.776  -31.973 0.0000000000
6221  -9.858  -80.558  -34.881 0.0000000000
146352  -16.405  -81.051  -28.109 0.0000000000
7566  -17.210  -79.029  -29.763 0.0000000000
130838  -16.101  -78.250  -31.123 0.0000000000
8420  -17.953  -76.739  -34.038 0.0000000000
8403  -15.443  -77.695  -33.703 0.0000000000
7631  -13.861  -78.515  -33.527 0.0000000000
6908  -12.273  -79.169  -34.174 0.0000000000
6923  -11.275  -79.395  -36.170 0.0000000000
151701  -9.393  -79.689  -36.670 0.0000000000
2460  -18.373  -86.332  -31.176 0.0000000000
23003  -21.176  -60.680  -11.399 0.0000000000
23990  -19.220  -60.122  -11.022 0.0000000000
21944  -19.787  -62.362  -10.099 0.0000000000
20846  -18.630  -62.996  -9.374 0.0000000000
147904  -16.787  -63.106  -8.235 0.0000000000
20797  -15.614  -63.214  -7.085 0.0000000000
20842  -13.886  -64.027  -9.960 0.0000000000
130521  -14.191  -63.727  -8.099 0.0000000000
150832  -14.479  -64.338  -5.598 0.0000000000
17848  -13.581  -66.983  -4.904 0.0000000000
15979  -12.884  -68.326  -3.863 0.0000000000
14983  -12.222  -69.752  -2.522 0.0000000000
21907  -8.661  -61.896  -9.754 0.0000000000
19808  -9.176  -64.381  -8.600 0.0000000000
19785  -6.171  -64.971  -7.803 0.0000000000
18823  -7.991  -65.236  -6.627 0.0000000000
18808  -9.617  -64.977  -5.690 0.0000000000
17823  -10.012  -66.679  -3.525 0.0000000000
14981  -10.885  -68.984  -1.797 0.0000000000
13076  -10.737  -71.672  -1.711 0.0000000000
11332  -9.990  -73.138  -1.985 0.0000000000
9645  -8.777  -75.629  -2.907 0.0000000000
138488  -7.878  -77.257  -4.115 0.0000000000
11386  -7.285  -73.731  -5.872 0.0000000000
8871  -6.978  -76.148  -6.101 0.0000000000
6586  -6.838  -79.100  -6.392 0.0000000000
6602  -6.610  -80.316  -8.700 0.0000000000
5939  -6.848  -80.819  -11.323 0.0000000000
5955  -6.257  -80.486  -13.218 0.0000000000
13119  -2.583  -71.433  -5.285 0.0000000000
11398  -2.971  -72.910  -7.820 0.0000000000
10561  -4.212  -74.950  -10.278 0.0000000000
143295  -1.227  -75.056  -11.542 0.0000000000
9729  -3.346  -75.408  -11.728 0.0000000000
141827  -4.426  -77.866  -11.358 0.0000000000
5937  -3.858  -80.827  -11.870 0.0000000000
4542  -5.101  -82.342  -13.120 0.0000000000
6656  -5.116  -79.637  -14.711 0.0000000000
7398  -3.397  -78.230  -16.366 0.0000000000
7445  -2.718  -78.786  -19.209 0.0000000000
6040  -4.430  -80.182  -19.777 0.0000000000
4625  -1.770  -82.432  -20.011 0.0000000000
5349  -3.969  -81.607  -20.120 0.0000000000
149946  -5.519  -81.287  -18.247 0.0000000000
5310  -6.714  -81.647  -16.662 0.0000000000
5293  -8.216  -81.476  -14.832 0.0000000000
4543  -9.117  -82.729  -13.529 0.0000000000
4502  -0.994  -82.644  -9.585 0.0000000000
3342  -1.628  -83.819  -12.072 0.0000000000
2785  -2.441  -85.141  -14.085 0.0000000000
147200  -2.923  -86.402  -15.323 0.0000000000
1540  -3.549  -88.488  -10.380 0.0000000000
1570  -4.024  -88.767  -13.603 0.0000000000
1892  -5.099  -86.957  -15.195 0.0000000000
2797  -7.104  -85.534  -14.426 0.0000000000
3363  -9.148  -84.109  -12.730 0.0000000000
4530  -11.347  -82.798  -12.405 0.0000000000
3364  -12.530  -84.489  -13.108 0.0000000000
3394  -13.168  -85.070  -15.031 0.0000000000
151957  -12.693  -85.669  -16.490 0.0000000000
1583  -9.600  -88.559  -14.777 0.0000000000
2309  -11.145  -87.246  -16.013 0.0000000000
2846  -12.015  -85.503  -18.557 0.0000000000
136123  -11.628  -85.261  -19.857 0.0000000000
3447  -11.294  -85.005  -21.569 0.0000000000
2907  -10.946  -84.848  -22.928 0.0000000000
135  -5.197  -94.847  -11.471 0.0000000000
647  -4.847  -91.914  -14.211 0.0000000000
953  -5.523  -90.823  -15.951 0.0000000000
673  -4.993  -91.537  -17.524 0.0000000000
1295  -4.897  -89.458  -17.783 0.0000000000
1616  -5.890  -87.555  -18.126 0.0000000000
2345  -7.573  -85.622  -20.443 0.0000000000
2889  -9.398  -85.560  -22.271 0.0000000000
3484  -11.196  -84.127  -24.725 0.0000000000
130920  -10.750  -84.160  -26.269 0.0000000000
3507  -10.426  -84.505  -27.113 0.0000000000
2971  -10.386  -85.559  -28.829 0.0000000000
1984  -7.098  -87.539  -26.306 0.0000000000
2441  -9.407  -86.642  -28.659 0.0000000000
2450  -11.246  -85.876  -29.523 0.0000000000
2006  -13.394  -87.600  -29.907 0.0000000000
1695  -14.898  -88.637  -30.322 0.0000000000
1400  -15.665  -90.132  -30.156 0.0000000000
733  -9.642  -92.075  -24.868 0.0000000000
1043  -10.311  -90.115  -27.191 0.0000000000
1055  -12.409  -91.020  -28.261 0.0000000000
759  -14.915  -91.316  -29.080 0.0000000000
1064  -17.497  -90.586  -29.640 0.0000000000
757  -18.303  -91.454  -28.473 0.0000000000
31108  -30.418  -54.275  -9.907 0.0000000000
20805  -23.473  -63.160  -7.796 0.0000000000
20827  -25.133  -63.063  -8.683 0.0000000000
141791  -26.787  -62.114  -9.755 0.0000000000
149706  -24.740  -63.832  -12.130 0.0000000000
21961  -25.977  -62.803  -11.143 0.0000000000
23994  -27.535  -60.725  -10.765 0.0000000000
25049  -27.983  -59.355  -11.322 0.0000000000
28230  -28.934  -56.725  -11.189 0.0000000000
150339  -29.433  -54.899  -11.066 0.0000000000
30190  -28.745  -54.551  -11.651 0.0000000000
144524  -27.576  -54.102  -12.354 0.0000000000
30227  -25.399  -54.648  -13.279 0.0000000000
134223  -23.112  -57.874  -13.782 0.0000000000
29272  -24.043  -55.862  -13.618 0.0000000000
30225  -23.794  -54.371  -13.538 0.0000000000
30224  -22.430  -54.484  -13.557 0.0000000000
30221  -20.083  -54.240  -13.285 0.0000000000
31144  -18.801  -53.634  -12.894 0.0000000000
11364  -14.234  -73.390  -4.591 0.0000000000
12254  -15.052  -72.744  -7.711 0.0000000000
12282  -15.212  -72.288  -10.224 0.0000000000
14055  -12.140  -70.417  -7.920 0.0000000000
14077  -13.391  -70.500  -10.647 0.0000000000
14097  -14.554  -70.857  -11.977 0.0000000000
16063  -13.769  -68.865  -12.833 0.0000000000
17966  -14.152  -66.696  -13.910 0.0000000000
19888  -13.905  -65.004  -13.895 0.0000000000
15072  -5.292  -69.746  -12.400 0.0000000000
16977  -6.126  -67.152  -12.008 0.0000000000
151038  -6.891  -65.997  -11.996 0.0000000000
20865  -4.534  -63.897  -10.104 0.0000000000
154708  -6.260  -64.166  -11.778 0.0000000000
19852  -8.865  -65.308  -12.288 0.0000000000
139778  -9.977  -64.365  -12.839 0.0000000000
20903  -11.337  -63.652  -13.338 0.0000000000
146674  -13.478  -62.855  -13.771 0.0000000000
23026  -13.917  -61.425  -13.730 0.0000000000
25066  -13.705  -60.006  -13.526 0.0000000000
26153  -14.676  -58.865  -13.465 0.0000000000
141231  -10.203  -58.192  -11.807 0.0000000000
27198  -12.574  -57.402  -12.197 0.0000000000
27201  -15.390  -57.094  -12.954 0.0000000000
28240  -16.156  -55.862  -12.496 0.0000000000
30189  -16.888  -54.449  -12.226 0.0000000000
31141  -16.994  -52.978  -12.604 0.0000000000
32035  -15.298  -52.662  -12.249 0.0000000000
32971  -13.300  -51.799  -11.347 0.0000000000
138838  -11.679  -51.374  -10.467 0.0000000000
32003  -9.383  -53.025  -8.647 0.0000000000
32944  -9.410  -51.671  -9.591 0.0000000000
4601  -11.154  -82.085  -17.010 0.0000000000
3996  -9.305  -83.283  -19.168 0.0000000000
4001  -7.337  -83.115  -20.173 0.0000000000
4686  -7.946  -82.858  -24.049 0.0000000000
141059  -6.233  -83.509  -22.331 0.0000000000
6077  -5.105  -82.078  -21.940 0.0000000000
6093  -3.711  -80.738  -24.051 0.0000000000
6112  -3.738  -80.002  -27.034 0.0000000000
6819  -2.471  -79.332  -28.737 0.0000000000
5528  -4.802  -81.551  -34.429 0.0000000000
5498  -3.053  -81.701  -32.724 0.0000000000
5482  -1.933  -81.676  -31.652 0.0000000000
8412  0.383  -77.511  -34.768 0.0000000000
6871  0.085  -79.627  -32.580 0.0000000000
4744  -1.116  -82.196  -30.119 0.0000000000
5442  -0.603  -80.500  -29.280 0.0000000000
6803  0.009  -79.120  -27.593 0.0000000000
7515  -0.439  -78.502  -26.012 0.0000000000
9940  -0.233  -76.047  -25.890 0.0000000000
141794  -0.530  -73.020  -25.894 0.0000000000
14231  -0.078  -70.126  -24.980 0.0000000000
142141  -0.275  -68.150  -27.561 0.0000000000
129515  -0.262  -67.717  -24.500 0.0000000000
5260  -11.003  -80.960  -12.973 0.0000000000
5971  -10.929  -79.785  -14.062 0.0000000000
5972  -11.633  -80.284  -14.287 0.0000000000
1409  -17.275  -88.965  -31.403 0.0000000000
1706  -17.275  -88.307  -32.614 0.0000000000
1704  -18.386  -88.331  -32.005 0.0000000000
33022  -20.134  -51.409  -13.395 0.0000000000
33944  -20.491  -50.620  -13.210 0.0000000000
33020  -18.712  -51.239  -13.311 0.0000000000
32994  -17.775  -51.300  -13.158 0.0000000000
13997  -12.902  -70.985  -2.684 0.0000000000
138066  -13.591  -70.700  -3.369 0.0000000000
149949  -13.446  -71.456  -3.032 0.0000000000
32020  -30.215  -52.611  -10.485 0.0000000000
7356  -6.577  -78.303  -13.596 0.0000000000
8142  -6.752  -77.479  -13.816 0.0000000000
8153  -6.117  -77.041  -14.228 0.0000000000
9097  -2.704  -76.486  -26.952 0.0000000000
9941  -2.987  -76.102  -26.240 0.0000000000
9087  -2.281  -77.107  -25.610 0.0000000000
8279  -1.336  -77.042  -24.503 0.0000000000
8305  -1.571  -77.973  -25.590 0.0000000000
4687  -12.868  -83.102  -24.191 0.0000000000
135673  -13.965  -82.210  -25.312 0.0000000000
17795  -1.759  -66.169  -1.448 0.0000000000
17808  -1.660  -66.337  -2.500 0.0000000000
151081  -1.819  -66.112  -4.129 0.0000000000
16904  -1.719  -67.347  -3.833 0.0000000000
15974  -2.010  -68.587  -4.277 0.0000000000
133823  -1.711  -68.108  -3.720 0.0000000000
5916  -1.987  -79.896  -9.077 0.0000000000
6615  -0.873  -79.751  -10.434 0.0000000000
5927  -0.692  -80.574  -10.729 0.0000000000
5239  -0.510  -81.269  -11.543 0.0000000000
5227  -0.669  -81.601  -10.594 0.0000000000
141286  -6.931  -93.447  -5.867 0.0000000000
206  -6.423  -93.315  -6.126 0.0000000000
100  -6.769  -94.044  -6.596 0.0000000000
116  -6.207  -94.809  -8.251 0.0000000000
117  -6.774  -95.030  -7.849 0.0000000000
22967  -21.484  -61.675  -10.039 0.0000000000
22945  -22.569  -61.539  -8.313 0.0000000000
22944  -21.854  -61.855  -8.780 0.0000000000
19891  -16.735  -64.786  -14.480 0.0000000000
146632  -17.064  -64.174  -14.462 0.0000000000
135614  -16.309  -64.005  -14.369 0.0000000000
136985  -16.227  -62.927  -14.327 0.0000000000
20923  -15.517  -63.597  -14.255 0.0000000000
135891  -6.958  -71.046  -12.724 0.0000000000
13176  -7.683  -70.461  -12.389 0.0000000000
13197  -6.254  -71.410  -12.666 0.0000000000
24914  -3.611  -59.027  -5.234 0.0000000000
6203  -8.427  -81.175  -34.440 0.0000000000
5502  -7.575  -81.614  -32.768 0.0000000000
6219  -7.699  -81.181  -34.687 0.0000000000
7448  -4.985  -78.683  -19.835 0.0000000000
7457  -4.979  -77.888  -20.320 0.0000000000
7431  -6.453  -78.375  -18.803 0.0000000000
143117  -7.707  -80.129  -20.813 0.0000000000
6747  -8.100  -79.518  -21.784 0.0000000000
6079  -7.205  -79.858  -22.050 0.0000000000
6765  -6.289  -79.725  -23.297 0.0000000000
147441  -6.199  -80.334  -21.741 0.0000000000
3536  -11.738  -84.152  -30.042 0.0000000000
4116  -12.300  -83.769  -31.060 0.0000000000
3551  -12.282  -84.370  -31.572 0.0000000000
4171  -17.480  -83.928  -35.760 0.0000000000
4176  -17.176  -83.756  -36.455 0.0000000000
4825  -17.621  -83.080  -37.158 0.0000000000
4830  -18.030  -82.421  -37.972 0.0000000000
34799  -13.580  -49.349  -10.484 0.0000000000
138920  -14.258  -48.594  -10.356 0.0000000000
34798  -12.672  -49.107  -10.353 0.0000000000
140185  -12.029  -48.378  -10.504 0.0000000000
34797  -11.623  -49.021  -10.421 0.0000000000
18826  -16.212  -65.320  -6.099 0.0000000000
18827  -17.139  -65.183  -6.316 0.0000000000
17856  -16.698  -65.911  -6.764 0.0000000000
14079  -16.902  -71.014  -10.848 0.0000000000
15060  -17.211  -70.013  -10.495 0.0000000000
14098  -16.732  -70.875  -11.860 0.0000000000
15089  -16.893  -70.089  -13.169 0.0000000000
14117  -15.765  -70.809  -12.834 0.0000000000
128563  -1.449  -70.505  -13.780 0.0000000000
15096  -1.277  -70.087  -12.886 0.0000000000
130135  -1.700  -69.440  -13.907 0.0000000000
33000  -26.719  -51.529  -12.399 0.0000000000
148190  -26.994  -50.799  -12.323 0.0000000000
137385  -25.937  -52.049  -12.590 0.0000000000
32998  -25.091  -51.582  -12.713 0.0000000000
32082  -24.651  -52.992  -13.163 0.0000000000
7284  -8.879  -78.458  -5.657 0.0000000000
8062  -9.573  -78.026  -5.920 0.0000000000
7300  -9.162  -78.456  -6.496 0.0000000000
9760  -11.341  -75.145  -14.951 0.0000000000
10598  -12.092  -74.765  -14.427 0.0000000000
133879  -12.016  -74.398  -15.127 0.0000000000
129846  -11.865  -72.583  -15.104 0.0000000000
11479  -11.901  -73.579  -15.699 0.0000000000
10702  -9.041  -74.301  -22.929 0.0000000000
9869  -9.250  -74.685  -21.735 0.0000000000
11582  -8.980  -73.578  -22.567 0.0000000000
10659  -3.315  -74.004  -20.088 0.0000000000
132527  -3.889  -73.415  -19.959 0.0000000000
11529  -3.469  -73.687  -19.338 0.0000000000
11508  -3.996  -73.301  -17.723 0.0000000000
11507  -2.590  -74.561  -17.819 0.0000000000
10639  -2.437  -74.595  -16.979 0.0000000000
9816  -2.360  -74.348  -17.944 0.0000000000
128657  -0.339  -70.566  -22.277 0.0000000000
135593  -0.400  -70.368  -21.363 0.0000000000
14209  -0.314  -69.729  -22.074 0.0000000000
16144  -0.329  -68.060  -21.543 0.0000000000
16153  -0.315  -68.045  -22.588 0.0000000000
3429  -13.570  -84.018  -18.147 0.0000000000
129275  -14.060  -82.437  -18.407 0.0000000000
130158  -13.807  -82.770  -19.330 0.0000000000
6824  -14.201  -79.218  -28.861 0.0000000000
6852  -13.548  -79.336  -30.438 0.0000000000
6851  -12.667  -79.661  -30.845 0.0000000000
6865  -13.285  -79.294  -31.392 0.0000000000
6207  -17.082  -80.405  -33.678 0.0000000000
6193  -17.624  -79.752  -32.692 0.0000000000
6909  -18.130  -79.366  -34.096 0.0000000000
10101  -15.515  -75.371  -36.878 0.0000000000
9262  -15.231  -75.867  -37.039 0.0000000000
10100  -14.612  -75.796  -37.090 0.0000000000
9276  -13.225  -76.489  -37.778 0.0000000000
150709  -13.702  -75.857  -37.245 0.0000000000
10098  -11.854  -76.122  -36.977 0.0000000000
22998  -15.970  -61.607  -11.394 0.0000000000
22982  -15.152  -60.962  -11.322 0.0000000000
20819  -10.769  -64.177  -9.316 0.0000000000
20793  -11.486  -64.266  -8.337 0.0000000000
19767  -10.971  -64.245  -6.505 0.0000000000
15948  -6.398  -68.055  -2.126 0.0000000000
16879  -7.057  -67.396  -2.224 0.0000000000
15949  -7.214  -68.290  -1.850 0.0000000000
15950  -8.204  -68.458  -1.661 0.0000000000
14013  -7.888  -71.206  -2.412 0.0000000000
14012  -7.106  -71.120  -2.898 0.0000000000
133466  -5.864  -75.534  -8.797 0.0000000000
8888  -5.873  -76.246  -8.721 0.0000000000
8894  -5.534  -76.153  -9.304 0.0000000000
132187  -5.279  -77.893  -9.078 0.0000000000
8102  -5.234  -76.889  -9.834 0.0000000000
10506  -1.332  -73.954  -5.766 0.0000000000
10520  -0.946  -74.102  -6.259 0.0000000000
9679  -0.861  -74.654  -7.016 0.0000000000
6672  -1.499  -79.716  -15.600 0.0000000000
132992  -2.362  -78.850  -14.752 0.0000000000
5966  -2.249  -80.867  -15.480 0.0000000000
5952  -2.909  -81.484  -14.415 0.0000000000
5290  -2.469  -82.189  -16.056 0.0000000000
4586  -2.949  -82.508  -17.100 0.0000000000
5307  -2.261  -82.277  -17.077 0.0000000000
2835  -3.176  -85.772  -17.837 0.0000000000
2844  -3.411  -85.283  -18.532 0.0000000000
139328  -4.055  -85.451  -17.929 0.0000000000
2837  -5.319  -85.012  -17.088 0.0000000000
2823  -4.913  -85.719  -16.774 0.0000000000
2751  -6.349  -84.783  -9.896 0.0000000000
3316  -6.088  -84.087  -10.147 0.0000000000
128836  -4.297  -83.870  -9.722 0.0000000000
3328  -5.317  -84.367  -10.692 0.0000000000
2252  -4.315  -85.304  -11.548 0.0000000000
2243  -4.786  -85.868  -11.150 0.0000000000
1222  -7.672  -89.359  -9.914 0.0000000000
1550  -5.845  -89.039  -10.452 0.0000000000
1542  -7.998  -88.360  -10.340 0.0000000000
2253  -8.156  -86.971  -11.002 0.0000000000
1553  -9.230  -87.867  -10.983 0.0000000000
1851  -9.831  -87.399  -11.564 0.0000000000
1563  -9.540  -88.246  -11.647 0.0000000000
1289  -7.105  -89.352  -16.097 0.0000000000
150431  -7.836  -88.838  -16.473 0.0000000000
1608  -8.266  -88.269  -17.176 0.0000000000
1923  -8.141  -87.084  -18.315 0.0000000000
1912  -7.753  -87.760  -17.780 0.0000000000
138641  -4.750  -87.746  -21.783 0.0000000000
1944  -4.255  -87.655  -20.857 0.0000000000
151525  -5.004  -86.454  -21.914 0.0000000000
2870  -5.009  -85.972  -21.845 0.0000000000
2377  -6.040  -86.624  -22.535 0.0000000000
2391  -7.197  -86.440  -24.003 0.0000000000
2390  -6.856  -86.811  -23.369 0.0000000000
1034  -8.890  -90.429  -26.018 0.0000000000
1041  -8.394  -90.260  -26.453 0.0000000000
1042  -8.839  -90.322  -26.942 0.0000000000
1391  -10.208  -90.156  -28.362 0.0000000000
148039  -9.731  -90.228  -27.439 0.0000000000
134900  -15.011  -90.530  -27.015 0.0000000000
23958  -28.043  -60.252  -8.633 0.0000000000
25003  -28.417  -59.579  -8.204 0.0000000000
26118  -28.886  -59.004  -8.689 0.0000000000
25022  -28.500  -59.665  -9.130 0.0000000000
17918  -22.159  -66.297  -10.372 0.0000000000
142378  -23.265  -65.462  -10.083 0.0000000000
18885  -22.716  -65.955  -10.699 0.0000000000
137063  -23.875  -61.135  -13.970 0.0000000000
23036  -24.564  -61.416  -13.640 0.0000000000
25078  -25.146  -60.066  -13.583 0.0000000000
133483  -26.505  -59.051  -12.997 0.0000000000
25058  -25.773  -59.396  -13.340 0.0000000000
26145  -26.028  -58.501  -13.261 0.0000000000
132813  -24.966  -59.362  -13.635 0.0000000000
145532  -17.940  -58.496  -13.898 0.0000000000
27224  -20.102  -57.667  -13.998 0.0000000000
136316  -18.320  -57.651  -13.662 0.0000000000
28260  -18.530  -56.797  -13.378 0.0000000000
150508  -17.879  -57.039  -13.347 0.0000000000
11403  -11.679  -73.147  -7.910 0.0000000000
11387  -12.329  -73.652  -7.424 0.0000000000
149810  -11.896  -72.828  -7.609 0.0000000000
16960  -10.185  -67.534  -9.868 0.0000000000
137782  -10.697  -67.841  -10.108 0.0000000000
17914  -10.724  -67.439  -10.776 0.0000000000
17940  -11.333  -67.244  -11.603 0.0000000000
17938  -9.788  -66.590  -11.624 0.0000000000
128358  -3.239  -67.369  -8.151 0.0000000000
16938  -3.813  -67.231  -9.246 0.0000000000
17894  -3.774  -66.512  -8.615 0.0000000000
24001  -6.942  -60.403  -11.519 0.0000000000
22995  -6.448  -61.177  -11.488 0.0000000000
24002  -7.741  -60.428  -12.008 0.0000000000
22997  -7.898  -61.108  -12.307 0.0000000000
151310  -8.869  -60.068  -12.416 0.0000000000
24017  -9.310  -60.279  -12.678 0.0000000000
25053  -9.212  -59.632  -12.342 0.0000000000
29175  -10.429  -55.926  -7.907 0.0000000000
28189  -11.666  -56.019  -9.067 0.0000000000
28174  -12.200  -55.778  -8.858 0.0000000000
28190  -12.518  -55.693  -9.298 0.0000000000
29176  -11.956  -55.495  -8.554 0.0000000000
142850  -12.174  -54.808  -8.595 0.0000000000
30135  -11.438  -54.819  -8.253 0.0000000000
135791  -11.047  -80.860  -23.767 0.0000000000
5387  -10.539  -81.392  -22.523 0.0000000000
146145  -10.396  -81.486  -24.202 0.0000000000
151689  -4.243  -83.697  -28.466 0.0000000000
4069  -4.517  -83.679  -26.844 0.0000000000
132807  -2.960  -84.032  -27.718 0.0000000000
4067  -2.586  -83.605  -26.242 0.0000000000
4090  -1.882  -83.840  -28.133 0.0000000000
10845  0.231  -75.350  -31.885 0.0000000000
10822  0.289  -75.340  -31.066 0.0000000000
9996  0.673  -75.753  -30.499 0.0000000000
151250  -0.164  -74.684  -30.135 0.0000000000
10805  -0.212  -74.022  -29.774 0.0000000000
11665  -0.705  -74.335  -30.058 0.0000000000
6674  -8.058  -79.318  -15.551 0.0000000000
6687  -7.561  -78.941  -16.321 0.0000000000
6675  -9.115  -78.766  -15.374 0.0000000000
6014  -10.812  -80.279  -16.391 0.0000000000
6702  -10.488  -79.481  -17.153 0.0000000000
6013  -9.911  -80.687  -17.371 0.0000000000
6026  -9.305  -80.687  -18.136 0.0000000000
5339  -9.421  -82.005  -17.667 0.0000000000
2467  -13.617  -86.082  -31.212 0.0000000000
2476  -14.101  -86.074  -32.715 0.0000000000
2477  -15.140  -86.835  -32.730 0.0000000000
137271  -17.713  -87.059  -33.524 0.0000000000
2481  -16.643  -87.027  -33.862 0.0000000000
150800  -17.307  -86.228  -33.953 0.0000000000
3031  -17.116  -85.205  -34.994 0.0000000000
3020  -17.295  -85.703  -34.191 0.0000000000
35760  -24.039  -48.073  -13.207 0.0000000000
36745  -24.285  -47.219  -13.561 0.0000000000
35747  -23.196  -48.249  -12.903 0.0000000000
138668  -20.942  -48.811  -12.575 0.0000000000
35745  -21.681  -48.445  -12.576 0.0000000000
36728  -20.982  -47.951  -12.529 0.0000000000
37754  -20.868  -47.200  -12.868 0.0000000000
153283  -20.326  -47.559  -12.548 0.0000000000
36727  -19.596  -47.564  -12.393 0.0000000000
35743  -19.128  -48.277  -12.295 0.0000000000
33919  -16.530  -50.517  -12.519 0.0000000000
34832  -16.940  -49.756  -12.247 0.0000000000
33900  -16.173  -49.828  -11.895 0.0000000000
34808  -14.920  -49.592  -11.179 0.0000000000
150063  -14.854  -50.217  -11.479 0.0000000000
15985  -14.330  -68.381  -5.660 0.0000000000
15988  -14.848  -68.124  -6.229 0.0000000000
15022  -14.570  -69.370  -5.469 0.0000000000
14029  -15.460  -71.016  -5.049 0.0000000000
14044  -15.821  -70.222  -6.271 0.0000000000
149903  -16.057  -70.908  -6.060 0.0000000000
13146  -16.677  -71.271  -8.254 0.0000000000
13140  -16.456  -71.423  -7.287 0.0000000000
147012  -0.889  -67.419  -16.650 0.0000000000
17035  -0.815  -67.283  -15.914 0.0000000000
32975  -29.449  -51.527  -11.243 0.0000000000
34802  -29.900  -49.898  -10.613 0.0000000000
32974  -28.650  -51.359  -11.672 0.0000000000
144579  -28.218  -51.941  -11.906 0.0000000000
32059  -28.240  -52.788  -11.937 0.0000000000
6618  -8.409  -79.463  -10.123 0.0000000000
7324  -9.027  -79.043  -9.790 0.0000000000
7336  -8.918  -78.556  -11.611 0.0000000000
146616  -8.131  -76.961  -13.920 0.0000000000
8131  -8.872  -77.657  -12.834 0.0000000000
8949  -9.129  -76.382  -14.193 0.0000000000
9750  -10.003  -76.208  -14.200 0.0000000000
9758  -9.584  -75.839  -14.873 0.0000000000
10749  -6.206  -74.631  -25.836 0.0000000000
11621  -5.943  -73.869  -25.322 0.0000000000
11620  -5.126  -73.989  -25.140 0.0000000000
9895  -2.923  -76.151  -23.569 0.0000000000
10713  -3.518  -75.054  -23.433 0.0000000000
9883  -2.847  -75.885  -22.751 0.0000000000
10688  -3.245  -74.633  -21.475 0.0000000000
9867  -1.998  -76.038  -21.331 0.0000000000
9866  -1.471  -75.665  -21.104 0.0000000000
9027  -1.555  -75.962  -22.026 0.0000000000
10731  -0.494  -75.325  -23.708 0.0000000000
146286  -0.446  -74.523  -22.823 0.0000000000
140569  -0.464  -73.612  -23.155 0.0000000000
12449  -0.459  -72.842  -22.630 0.0000000000
12464  -0.425  -72.575  -23.637 0.0000000000
4014  -12.889  -83.649  -21.192 0.0000000000
4643  -13.632  -82.470  -21.578 0.0000000000
5388  -14.128  -81.745  -22.955 0.0000000000
5420  -15.618  -80.864  -25.734 0.0000000000
146432  -15.584  -80.252  -25.139 0.0000000000
6110  -16.218  -79.964  -26.231 0.0000000000
7522  -16.111  -79.252  -27.045 0.0000000000
6825  -16.678  -79.486  -27.999 0.0000000000
7690  -19.183  -78.203  -37.148 0.0000000000
135086  -19.705  -77.705  -37.523 0.0000000000
139893  -20.222  -74.418  -37.025 0.0000000000
136044  -18.044  -74.190  -36.510 0.0000000000
20751  -4.082  -63.533  -4.476 0.0000000000
16890  -3.577  -67.340  -4.225 0.0000000000
128330  -3.856  -66.029  -4.986 0.0000000000
16891  -4.378  -67.352  -3.638 0.0000000000
16892  -5.047  -67.522  -2.993 0.0000000000
15977  -4.376  -68.824  -3.713 0.0000000000
15013  -5.247  -70.014  -3.700 0.0000000000
132349  -4.655  -69.813  -4.082 0.0000000000
145101  -3.908  -70.974  -5.864 0.0000000000
14037  -4.336  -70.814  -5.384 0.0000000000
12234  -4.291  -71.905  -6.850 0.0000000000
11400  -4.957  -73.142  -7.772 0.0000000000
11399  -4.060  -72.983  -7.909 0.0000000000
8887  -0.653  -76.719  -8.269 0.0000000000
8091  -0.332  -76.645  -9.052 0.0000000000
8099  -0.416  -77.427  -9.533 0.0000000000
6636  -0.424  -78.875  -12.700 0.0000000000
7333  -0.452  -78.587  -11.722 0.0000000000
6641  -0.526  -78.687  -13.711 0.0000000000
6670  -0.971  -79.219  -15.272 0.0000000000
5965  -0.724  -79.776  -15.179 0.0000000000
142797  -0.716  -81.190  -16.251 0.0000000000
5273  -0.516  -80.790  -14.628 0.0000000000
3942  -0.793  -83.336  -14.160 0.0000000000
4555  -0.582  -82.748  -15.023 0.0000000000
3391  -1.091  -84.181  -15.570 0.0000000000
3404  -1.348  -84.542  -16.507 0.0000000000
3392  -1.785  -84.786  -15.007 0.0000000000
134669  -6.534  -90.038  -4.969 0.0000000000
1506  -6.087  -88.550  -6.392 0.0000000000
1810  -6.334  -87.566  -7.522 0.0000000000
1184  -5.300  -89.149  -5.853 0.0000000000
1515  -4.270  -88.427  -7.044 0.0000000000
1171  -4.909  -89.793  -5.674 0.0000000000
346  -5.757  -92.625  -6.907 0.0000000000
569  -5.397  -91.762  -7.174 0.0000000000
577  -5.701  -91.798  -7.840 0.0000000000
891  -6.326  -90.924  -8.762 0.0000000000
586  -6.507  -91.979  -9.066 0.0000000000
610  -7.179  -91.226  -10.497 0.0000000000
598  -6.871  -91.572  -9.769 0.0000000000
383  -5.167  -93.403  -11.088 0.0000000000
608  -5.612  -92.431  -11.446 0.0000000000
622  -5.769  -91.763  -12.267 0.0000000000
930  -5.893  -90.992  -13.810 0.0000000000
137301  -5.245  -91.839  -12.935 0.0000000000
1327  -5.524  -89.336  -21.375 0.0000000000
1339  -6.416  -88.958  -22.673 0.0000000000
132553  -25.011  -58.821  -9.756 0.0000000000
23928  -23.922  -60.868  -7.693 0.0000000000
23929  -24.575  -60.514  -7.476 0.0000000000
22927  -25.031  -61.125  -7.262 0.0000000000
22928  -25.838  -61.017  -7.254 0.0000000000
21869  -25.360  -61.866  -7.641 0.0000000000
147565  -21.027  -65.839  -13.198 0.0000000000
18928  -20.532  -65.417  -13.733 0.0000000000
152075  -19.219  -63.559  -14.470 0.0000000000
20926  -21.001  -63.727  -14.198 0.0000000000
137127  -20.421  -62.949  -14.408 0.0000000000
131961  -21.751  -62.098  -14.353 0.0000000000
131946  -20.808  -62.129  -14.446 0.0000000000
23033  -21.230  -61.337  -14.462 0.0000000000
23032  -20.287  -61.350  -14.498 0.0000000000
152873  -17.015  -61.806  -14.395 0.0000000000
23030  -18.391  -61.317  -14.487 0.0000000000
150438  -18.129  -60.627  -14.436 0.0000000000
24031  -17.580  -60.178  -14.317 0.0000000000
24030  -16.747  -60.348  -14.192 0.0000000000
13160  -10.769  -71.300  -10.443 0.0000000000
14061  -10.093  -70.784  -9.569 0.0000000000
15057  -8.249  -69.079  -9.909 0.0000000000
155056  -8.714  -69.189  -9.128 0.0000000000
15043  -7.984  -68.570  -9.691 0.0000000000
16010  -8.127  -68.152  -8.911 0.0000000000
16939  -7.786  -68.136  -9.788 0.0000000000
21849  -2.627  -62.365  -6.365 0.0000000000
147877  -3.281  -62.684  -7.457 0.0000000000
22908  -3.080  -61.661  -6.435 0.0000000000
24956  -4.834  -59.580  -7.230 0.0000000000
23923  -4.459  -60.296  -7.655 0.0000000000
24991  -5.512  -59.395  -8.723 0.0000000000
25009  -5.690  -59.534  -9.507 0.0000000000
26109  -6.054  -58.964  -9.078 0.0000000000
26110  -6.661  -58.572  -9.370 0.0000000000
26100  -6.484  -58.471  -8.561 0.0000000000
28150  -7.241  -57.049  -6.447 0.0000000000
28151  -7.711  -57.054  -7.001 0.0000000000
136021  -8.781  -56.442  -7.311 0.0000000000
154105  -8.086  -56.011  -6.283 0.0000000000
30122  -8.740  -54.838  -6.667 0.0000000000
29149  -7.758  -55.535  -6.009 0.0000000000
31034  -6.439  -53.738  -6.454 0.0000000000
5446  -9.416  -81.329  -28.438 0.0000000000
5437  -9.576  -81.440  -27.639 0.0000000000
5445  -8.765  -81.458  -28.781 0.0000000000
5484  -6.611  -81.977  -31.602 0.0000000000
4750  -6.813  -82.097  -30.102 0.0000000000
4749  -6.020  -82.363  -30.242 0.0000000000
4737  -5.535  -82.825  -29.567 0.0000000000
4762  -4.607  -82.241  -31.294 0.0000000000
7415  -3.535  -77.122  -16.655 0.0000000000
138457  -4.045  -76.238  -17.157 0.0000000000
8988  -3.918  -76.055  -18.375 0.0000000000
8242  -5.748  -76.602  -21.332 0.0000000000
9848  -5.555  -75.746  -20.902 0.0000000000
9018  -5.966  -76.046  -21.516 0.0000000000
9029  -7.188  -75.937  -22.131 0.0000000000
8192  -9.434  -77.791  -18.260 0.0000000000
149848  -7.938  -77.659  -18.898 0.0000000000
8217  -9.003  -77.532  -20.026 0.0000000000
7476  -8.678  -78.363  -22.864 0.0000000000
7465  -9.032  -78.062  -22.106 0.0000000000
7484  -8.620  -77.817  -23.453 0.0000000000
9077  -8.573  -76.469  -23.962 0.0000000000
9076  -8.196  -76.651  -24.608 0.0000000000
9927  -7.425  -75.837  -25.440 0.0000000000
8280  -7.821  -77.415  -24.857 0.0000000000
6788  -5.427  -79.123  -25.390 0.0000000000
7518  -6.323  -77.923  -25.927 0.0000000000
7534  -5.240  -78.007  -26.742 0.0000000000
8317  -4.309  -77.092  -27.768 0.0000000000
7533  -4.647  -78.012  -27.375 0.0000000000
4722  -13.775  -82.397  -27.856 0.0000000000
4094  -13.241  -82.588  -28.647 0.0000000000
4766  -13.997  -82.347  -31.391 0.0000000000
4752  -13.941  -82.109  -30.437 0.0000000000
4784  -14.866  -82.221  -32.829 0.0000000000
5518  -15.504  -81.712  -33.257 0.0000000000
4796  -14.918  -82.396  -33.873 0.0000000000
3018  -13.693  -85.147  -33.855 0.0000000000
3566  -13.419  -84.514  -33.754 0.0000000000
3025  -13.903  -84.451  -34.640 0.0000000000
4827  -15.385  -82.386  -37.244 0.0000000000
4818  -14.646  -82.642  -36.058 0.0000000000
5548  -15.224  -82.012  -36.741 0.0000000000
5542  -15.878  -81.440  -36.236 0.0000000000
6259  -16.500  -80.750  -37.522 0.0000000000
6949  -17.166  -80.200  -38.042 0.0000000000
6265  -16.669  -80.780  -38.195 0.0000000000
6268  -19.099  -80.820  -39.155 0.0000000000
6271  -18.775  -80.200  -39.296 0.0000000000
8474  -21.302  -78.109  -39.172 0.0000000000
36709  -18.064  -47.318  -12.050 0.0000000000
37735  -17.133  -47.163  -11.583 0.0000000000
36695  -15.469  -47.074  -9.898 0.0000000000
36696  -16.006  -46.577  -10.261 0.0000000000
37722  -15.464  -46.267  -9.696 0.0000000000
150657  -18.863  -62.892  -7.807 0.0000000000
20801  -19.734  -63.207  -7.291 0.0000000000
20782  -19.304  -63.534  -6.931 0.0000000000
17870  -18.798  -65.981  -7.896 0.0000000000
18856  -19.764  -65.706  -7.815 0.0000000000
17881  -19.460  -66.114  -8.389 0.0000000000
17882  -20.648  -66.094  -8.717 0.0000000000
17897  -19.819  -66.509  -9.053 0.0000000000
15992  -16.292  -68.437  -8.219 0.0000000000
16924  -16.655  -67.742  -8.507 0.0000000000
154835  -16.690  -68.363  -8.804 0.0000000000
16047  -17.976  -68.731  -11.532 0.0000000000
16029  -17.832  -68.540  -10.561 0.0000000000
16048  -18.524  -68.135  -11.035 0.0000000000
16982  -19.150  -67.648  -10.969 0.0000000000
136258  -19.014  -67.692  -11.877 0.0000000000
16999  -19.425  -67.199  -12.646 0.0000000000
16997  -18.252  -68.213  -13.069 0.0000000000
16082  -16.067  -68.473  -14.452 0.0000000000
153808  -17.523  -67.688  -14.297 0.0000000000
17014  -16.071  -67.527  -14.558 0.0000000000
17977  -15.985  -66.492  -14.536 0.0000000000
145186  -15.389  -67.108  -14.416 0.0000000000
12304  -3.057  -72.968  -12.257 0.0000000000
145130  -3.487  -72.441  -12.018 0.0000000000
13194  -2.488  -72.563  -11.725 0.0000000000
146459  -1.167  -70.590  -10.494 0.0000000000
14070  -1.600  -70.895  -10.164 0.0000000000
15052  -1.319  -70.153  -9.729 0.0000000000
16008  -2.062  -69.479  -8.499 0.0000000000
16007  -1.607  -69.076  -8.575 0.0000000000
17002  -0.824  -67.156  -13.164 0.0000000000
147315  -1.144  -68.045  -12.873 0.0000000000
17934  -0.972  -67.145  -11.303 0.0000000000
18867  -0.834  -65.788  -8.853 0.0000000000
147201  -0.918  -65.849  -7.700 0.0000000000
17878  -1.052  -66.636  -7.833 0.0000000000
18854  -0.989  -65.381  -7.157 0.0000000000
20773  -1.680  -64.373  -6.655 0.0000000000
131485  -1.124  -64.096  -7.001 0.0000000000
1067  -19.882  -89.826  -29.382 0.0000000000
1402  -19.763  -89.283  -29.862 0.0000000000
1403  -20.297  -89.391  -29.227 0.0000000000
143403  -26.982  -48.864  -12.375 0.0000000000
35749  -25.418  -48.152  -13.029 0.0000000000
137062  -25.505  -49.125  -12.750 0.0000000000
32996  -23.340  -51.628  -13.158 0.0000000000
33925  -23.561  -50.681  -12.831 0.0000000000
33025  -22.689  -51.902  -13.339 0.0000000000
33024  -21.989  -51.696  -13.396 0.0000000000
32079  -21.345  -52.312  -13.481 0.0000000000
138927  -10.786  -75.466  -2.236 0.0000000000
9637  -11.648  -75.101  -2.426 0.0000000000
9636  -11.130  -76.034  -2.895 0.0000000000
8872  -10.862  -76.828  -6.016 0.0000000000
8859  -11.335  -76.353  -5.458 0.0000000000
8873  -11.454  -76.302  -6.738 0.0000000000
9697  -12.000  -75.480  -7.280 0.0000000000
9701  -12.027  -75.470  -8.103 0.0000000000
8108  -10.084  -78.124  -10.722 0.0000000000
140793  -10.184  -78.135  -9.180 0.0000000000
8109  -10.625  -77.630  -10.864 0.0000000000
134389  -12.286  -75.393  -11.984 0.0000000000
146749  -12.435  -75.074  -11.195 0.0000000000
10551  -12.091  -74.210  -9.741 0.0000000000
11432  -12.018  -73.466  -11.048 0.0000000000
133685  -11.451  -72.738  -10.583 0.0000000000
12309  -12.247  -72.633  -12.376 0.0000000000
153671  -11.119  -71.567  -14.602 0.0000000000
138396  -11.288  -71.374  -14.025 0.0000000000
13225  -9.301  -71.529  -14.560 0.0000000000
140802  -8.490  -71.409  -13.787 0.0000000000
13224  -8.377  -71.852  -14.617 0.0000000000
9803  -6.386  -75.497  -17.366 0.0000000000
8977  -6.852  -75.778  -15.951 0.0000000000
9804  -7.282  -75.385  -17.551 0.0000000000
10649  -10.389  -74.882  -19.322 0.0000000000
137979  -9.349  -75.485  -18.254 0.0000000000
10650  -10.829  -74.632  -18.674 0.0000000000
134829  -10.773  -74.979  -17.875 0.0000000000
11521  -10.936  -73.895  -18.677 0.0000000000
12465  -6.131  -72.751  -23.452 0.0000000000
12452  -7.235  -72.608  -22.458 0.0000000000
12439  -6.638  -72.652  -21.774 0.0000000000
12409  -5.962  -72.574  -19.342 0.0000000000
12410  -6.759  -72.600  -19.785 0.0000000000
12396  -7.789  -72.594  -18.735 0.0000000000
12397  -8.873  -72.713  -18.687 0.0000000000
137504  -8.176  -72.508  -18.074 0.0000000000
12364  -8.758  -72.332  -16.794 0.0000000000
12380  -7.958  -72.389  -17.353 0.0000000000
11493  -4.528  -73.316  -16.339 0.0000000000
12361  -6.092  -72.539  -16.486 0.0000000000
12340  -5.677  -72.826  -15.572 0.0000000000
12327  -5.694  -73.006  -14.554 0.0000000000
11478  -5.101  -73.415  -14.995 0.0000000000
11455  -4.575  -73.881  -13.755 0.0000000000
11476  -3.844  -74.353  -15.085 0.0000000000
10607  -1.450  -74.387  -15.360 0.0000000000
10596  -1.575  -74.529  -14.773 0.0000000000
12325  -0.633  -73.495  -14.720 0.0000000000
12338  -0.596  -72.564  -15.026 0.0000000000
12359  -0.788  -72.325  -16.037 0.0000000000
10657  -0.849  -74.632  -19.771 0.0000000000
11517  -0.915  -74.049  -18.886 0.0000000000
12391  -0.648  -73.141  -18.928 0.0000000000
14178  -1.121  -70.187  -19.036 0.0000000000
13274  -1.119  -70.953  -18.657 0.0000000000
14171  -1.434  -70.289  -18.228 0.0000000000
14168  -1.666  -70.438  -17.469 0.0000000000
15138  -1.640  -69.682  -17.733 0.0000000000
16112  -1.431  -68.832  -17.965 0.0000000000
16119  -1.180  -68.702  -18.779 0.0000000000
18027  -0.577  -66.594  -19.677 0.0000000000
4561  -13.611  -82.614  -14.477 0.0000000000
5314  -13.536  -81.729  -15.659 0.0000000000
4602  -14.018  -82.048  -16.312 0.0000000000
6739  -13.488  -78.955  -19.842 0.0000000000
6725  -13.245  -79.325  -19.215 0.0000000000
133803  -12.903  -78.444  -20.923 0.0000000000
137267  -11.864  -79.045  -21.972 0.0000000000
6761  -12.393  -78.703  -22.408 0.0000000000
6089  -14.715  -80.001  -22.683 0.0000000000
6082  -14.534  -79.882  -21.748 0.0000000000
7487  -14.704  -78.837  -23.750 0.0000000000
6809  -13.350  -79.583  -27.193 0.0000000000
6799  -13.371  -79.267  -25.709 0.0000000000
6790  -12.656  -79.740  -25.674 0.0000000000
153698  -12.458  -79.736  -25.167 0.0000000000
6127  -11.801  -80.479  -27.436 0.0000000000
6137  -11.200  -80.679  -28.103 0.0000000000
6821  -11.878  -80.345  -28.374 0.0000000000
6191  -11.241  -80.133  -32.336 0.0000000000
6175  -10.417  -80.604  -31.232 0.0000000000
129016  -10.614  -80.430  -32.169 0.0000000000
6190  -9.944  -80.616  -32.868 0.0000000000
132106  -10.286  -80.355  -33.611 0.0000000000
131405  -15.563  -81.681  -29.166 0.0000000000
5447  -15.892  -81.517  -28.247 0.0000000000
5456  -16.285  -81.330  -29.741 0.0000000000
6866  -17.743  -79.057  -31.845 0.0000000000
6853  -17.475  -79.372  -30.393 0.0000000000
7584  -17.180  -78.671  -30.561 0.0000000000
7583  -16.598  -78.407  -30.544 0.0000000000
8373  -16.469  -77.951  -31.855 0.0000000000
8439  -18.976  -76.999  -34.724 0.0000000000
8421  -18.539  -77.146  -34.095 0.0000000000
9229  -18.345  -76.437  -34.847 0.0000000000
131206  -14.768  -77.455  -35.573 0.0000000000
130110  -16.155  -77.145  -34.526 0.0000000000
7651  -14.497  -77.910  -34.444 0.0000000000
7632  -14.639  -78.160  -33.434 0.0000000000
7650  -13.582  -78.328  -34.651 0.0000000000
133811  -13.044  -78.855  -33.936 0.0000000000
7698  -11.374  -77.777  -37.830 0.0000000000
7667  -11.926  -78.927  -36.388 0.0000000000
6941  -10.768  -79.200  -36.897 0.0000000000
6922  -10.605  -79.736  -36.165 0.0000000000
7685  -10.103  -78.642  -37.466 0.0000000000
7696  -9.316  -77.924  -37.896 0.0000000000
8463  -9.959  -77.315  -37.775 0.0000000000
2462  -19.256  -87.219  -30.551 0.0000000000
2461  -18.960  -87.163  -31.352 0.0000000000
145468  -18.734  -86.528  -30.550 0.0000000000
23991  -21.881  -60.478  -11.416 0.0000000000
143808  -17.910  -60.712  -11.133 0.0000000000
22983  -19.735  -61.667  -10.918 0.0000000000
21943  -18.987  -62.265  -10.538 0.0000000000
21913  -18.871  -62.788  -10.038 0.0000000000
21942  -18.282  -62.797  -10.599 0.0000000000
20870  -16.419  -63.485  -10.535 0.0000000000
20871  -17.199  -63.309  -10.087 0.0000000000
145637  -16.332  -63.454  -9.492 0.0000000000
20798  -16.484  -63.130  -7.234 0.0000000000
132616  -15.923  -63.236  -8.178 0.0000000000
22980  -13.311  -61.900  -11.242 0.0000000000
21938  -14.311  -62.696  -11.232 0.0000000000
20867  -13.569  -63.226  -10.817 0.0000000000
20795  -13.117  -63.860  -7.184 0.0000000000
132443  -13.273  -63.996  -8.192 0.0000000000
133647  -13.856  -63.604  -7.140 0.0000000000
20778  -14.316  -63.605  -6.318 0.0000000000
20762  -13.919  -64.032  -5.676 0.0000000000
18812  -14.244  -65.664  -5.408 0.0000000000
19749  -13.318  -64.607  -5.343 0.0000000000
17825  -11.511  -66.630  -3.811 0.0000000000
16906  -12.325  -67.129  -3.838 0.0000000000
16899  -12.413  -67.844  -3.523 0.0000000000
15967  -12.541  -68.565  -3.315 0.0000000000
15966  -11.855  -68.063  -2.845 0.0000000000
22921  -7.573  -61.969  -8.162 0.0000000000
21882  -8.109  -62.464  -9.520 0.0000000000
20838  -8.707  -62.842  -9.809 0.0000000000
19807  -8.100  -64.351  -8.962 0.0000000000
19744  -5.183  -64.833  -6.373 0.0000000000
19784  -5.826  -64.481  -7.548 0.0000000000
18822  -6.059  -65.594  -7.149 0.0000000000
17838  -7.528  -66.043  -4.383 0.0000000000
18806  -7.015  -65.624  -6.694 0.0000000000
18807  -8.060  -65.430  -5.885 0.0000000000
18824  -8.845  -64.976  -6.242 0.0000000000
132993  -8.915  -65.339  -5.413 0.0000000000
18790  -9.678  -65.469  -5.014 0.0000000000
17822  -9.110  -66.531  -3.507 0.0000000000
150597  -9.214  -69.644  -1.479 0.0000000000
131664  -10.254  -68.552  -1.759 0.0000000000
14980  -10.029  -69.336  -1.519 0.0000000000
13994  -10.760  -69.883  -1.619 0.0000000000
13075  -9.906  -71.422  -1.738 0.0000000000
12181  -10.098  -72.287  -1.912 0.0000000000
141889  -9.344  -71.995  -2.067 0.0000000000
11362  -8.185  -73.721  -3.927 0.0000000000
11350  -8.716  -73.797  -3.027 0.0000000000
9657  -8.223  -75.506  -3.670 0.0000000000
8844  -8.019  -76.440  -3.806 0.0000000000
139802  -7.539  -76.455  -4.614 0.0000000000
150185  -6.683  -72.296  -5.419 0.0000000000
12222  -7.209  -72.491  -4.980 0.0000000000
12221  -7.005  -72.848  -5.736 0.0000000000
8088  -6.147  -77.312  -6.968 0.0000000000
149581  -6.767  -75.853  -6.855 0.0000000000
8079  -6.404  -77.695  -6.132 0.0000000000
8059  -6.668  -78.021  -5.574 0.0000000000
138361  -6.200  -78.371  -6.549 0.0000000000
6594  -6.532  -79.572  -7.409 0.0000000000
7306  -6.020  -79.062  -7.079 0.0000000000
5929  -5.393  -80.788  -10.029 0.0000000000
5919  -5.990  -80.567  -9.318 0.0000000000
141037  -6.286  -81.156  -10.733 0.0000000000
133072  -6.601  -81.073  -11.956 0.0000000000
5253  -5.973  -81.622  -12.266 0.0000000000
14010  -1.785  -70.997  -3.397 0.0000000000
14023  -1.937  -70.401  -4.177 0.0000000000
13106  -1.975  -71.330  -4.175 0.0000000000
11405  -1.701  -73.518  -9.308 0.0000000000
147269  -2.062  -72.849  -7.652 0.0000000000
11414  -2.995  -73.480  -9.300 0.0000000000
10548  -3.729  -74.190  -9.842 0.0000000000
10560  -3.245  -74.470  -10.536 0.0000000000
8916  -0.452  -75.956  -11.780 0.0000000000
9714  -0.826  -74.933  -10.833 0.0000000000
9727  -1.161  -75.480  -12.207 0.0000000000
8141  -2.993  -77.859  -13.637 0.0000000000
8933  -3.267  -76.578  -12.769 0.0000000000
8129  -3.500  -77.709  -12.843 0.0000000000
8918  -3.849  -76.248  -11.933 0.0000000000
152077  -4.041  -78.072  -12.054 0.0000000000
7334  -4.192  -78.842  -11.492 0.0000000000
6637  -3.621  -79.821  -12.484 0.0000000000
4558  -4.450  -82.471  -14.337 0.0000000000
4541  -4.567  -82.463  -13.494 0.0000000000
5277  -5.205  -82.122  -13.832 0.0000000000
141687  -5.328  -81.374  -14.281 0.0000000000
5967  -5.044  -80.746  -14.868 0.0000000000
7384  -4.066  -78.670  -15.603 0.0000000000
6685  -3.636  -79.722  -16.469 0.0000000000
6697  -2.325  -80.170  -18.753 0.0000000000
6711  -2.567  -79.257  -18.629 0.0000000000
6722  -2.432  -79.804  -19.359 0.0000000000
138021  -3.272  -79.023  -20.061 0.0000000000
6059  -3.175  -80.351  -20.209 0.0000000000
4604  -1.353  -83.101  -18.456 0.0000000000
4605  -1.755  -82.617  -19.304 0.0000000000
4613  -1.701  -83.045  -19.760 0.0000000000
3985  -4.605  -83.269  -19.122 0.0000000000
4615  -4.146  -82.591  -19.895 0.0000000000
4606  -4.861  -82.339  -19.048 0.0000000000
5337  -5.004  -81.369  -18.901 0.0000000000
136181  -5.433  -82.048  -18.372 0.0000000000
5324  -6.313  -81.222  -17.214 0.0000000000
4599  -6.289  -82.073  -17.235 0.0000000000
3956  -7.094  -83.588  -15.763 0.0000000000
3970  -7.266  -82.825  -15.870 0.0000000000
3957  -7.665  -83.053  -15.297 0.0000000000
4559  -8.661  -82.582  -14.111 0.0000000000
3944  -8.163  -83.309  -14.590 0.0000000000
2741  -2.333  -84.818  -8.580 0.0000000000
3302  -1.725  -84.512  -8.234 0.0000000000
4480  -1.338  -82.818  -7.791 0.0000000000
137463  -1.468  -84.023  -9.833 0.0000000000
3881  -1.124  -83.302  -10.126 0.0000000000
3326  -1.841  -84.239  -10.416 0.0000000000
2250  -3.319  -85.357  -12.869 0.0000000000
151703  -2.834  -84.747  -12.990 0.0000000000
2269  -2.915  -85.654  -14.053 0.0000000000
1888  -2.804  -86.209  -15.064 0.0000000000
1875  -3.264  -86.633  -14.367 0.0000000000
1525  -3.710  -88.756  -8.072 0.0000000000
1828  -3.615  -88.225  -9.524 0.0000000000
1218  -3.674  -89.335  -10.093 0.0000000000
1561  -5.008  -88.844  -12.343 0.0000000000
1255  -4.018  -89.211  -13.003 0.0000000000
1866  -5.083  -87.963  -13.794 0.0000000000
1878  -4.861  -87.568  -14.628 0.0000000000
2270  -5.755  -87.321  -14.008 0.0000000000
2285  -6.394  -86.264  -14.653 0.0000000000
133917  -6.282  -86.779  -14.159 0.0000000000
2776  -8.700  -85.588  -11.897 0.0000000000
2788  -8.167  -85.223  -12.860 0.0000000000
3345  -9.752  -84.508  -12.131 0.0000000000
3915  -9.968  -83.774  -12.425 0.0000000000
3346  -11.184  -84.455  -12.137 0.0000000000
3348  -12.457  -83.689  -12.718 0.0000000000
2779  -11.826  -85.164  -12.626 0.0000000000
131895  -11.400  -86.858  -13.811 0.0000000000
2798  -12.261  -86.023  -14.424 0.0000000000
134008  -12.965  -85.435  -15.818 0.0000000000
2826  -12.374  -86.102  -15.947 0.0000000000
1246  -8.003  -89.862  -12.839 0.0000000000
150345  -9.109  -89.006  -13.411 0.0000000000
1572  -8.906  -88.995  -14.301 0.0000000000
1907  -9.926  -87.952  -16.839 0.0000000000
1600  -10.114  -88.152  -16.057 0.0000000000
2321  -10.702  -86.905  -17.588 0.0000000000
2322  -11.355  -86.407  -17.667 0.0000000000
2329  -11.425  -85.910  -18.472 0.0000000000
2861  -12.106  -85.035  -19.724 0.0000000000
2338  -10.915  -85.895  -19.002 0.0000000000
2347  -9.183  -85.779  -19.850 0.0000000000
2859  -10.452  -85.482  -20.565 0.0000000000
2877  -10.640  -85.322  -21.427 0.0000000000
3459  -11.469  -84.702  -22.306 0.0000000000
2876  -10.064  -85.485  -21.310 0.0000000000
27  -6.453  -95.335  -10.184 0.0000000000
257  -4.561  -93.807  -14.375 0.0000000000
251  -4.631  -93.478  -13.454 0.0000000000
128601  -4.745  -92.193  -15.030 0.0000000000
151497  -5.063  -91.610  -14.874 0.0000000000
658  -5.072  -91.446  -15.681 0.0000000000
449  -5.473  -92.711  -18.487 0.0000000000
445  -5.088  -92.358  -17.600 0.0000000000
677  -5.146  -91.689  -18.195 0.0000000000
1621  -4.001  -87.954  -19.169 0.0000000000
1304  -4.470  -89.122  -18.235 0.0000000000
1614  -4.416  -88.390  -18.354 0.0000000000
1605  -5.153  -88.614  -17.823 0.0000000000
1920  -5.372  -87.193  -18.575 0.0000000000
2333  -6.509  -86.362  -19.237 0.0000000000
1929  -5.701  -86.654  -18.998 0.0000000000
2887  -7.619  -85.490  -22.419 0.0000000000
2874  -8.088  -85.429  -21.717 0.0000000000
140141  -9.017  -85.532  -23.007 0.0000000000
140877  -9.782  -85.415  -22.846 0.0000000000
2905  -9.382  -85.270  -23.619 0.0000000000
3497  -10.639  -84.279  -25.401 0.0000000000
2923  -9.688  -84.885  -24.348 0.0000000000
145029  -8.681  -85.445  -26.216 0.0000000000
2938  -9.243  -84.940  -26.025 0.0000000000
2952  -9.002  -85.387  -26.868 0.0000000000
3515  -10.123  -85.125  -28.034 0.0000000000
2964  -9.408  -85.589  -27.663 0.0000000000
1656  -6.983  -88.443  -24.417 0.0000000000
1983  -7.034  -87.749  -25.482 0.0000000000
1671  -7.017  -88.355  -26.039 0.0000000000
1999  -8.957  -87.521  -28.621 0.0000000000
1990  -7.721  -87.490  -27.770 0.0000000000
2002  -9.610  -87.270  -28.878 0.0000000000
2442  -10.074  -86.101  -28.964 0.0000000000
144411  -11.209  -86.818  -29.303 0.0000000000
135024  -11.894  -86.663  -29.567 0.0000000000
138616  -11.587  -87.773  -29.417 0.0000000000
1397  -12.380  -90.010  -29.853 0.0000000000
1693  -12.875  -88.817  -29.964 0.0000000000
138832  -14.168  -89.496  -30.171 0.0000000000
136899  -15.753  -89.273  -30.514 0.0000000000
1399  -14.867  -89.840  -30.195 0.0000000000
1375  -9.903  -89.968  -26.197 0.0000000000
1382  -11.028  -90.201  -27.520 0.0000000000
1044  -11.840  -90.683  -27.947 0.0000000000
1045  -12.573  -90.855  -27.797 0.0000000000
754  -15.535  -91.956  -27.826 0.0000000000
140797  -15.008  -91.673  -28.340 0.0000000000
760  -15.816  -91.494  -28.825 0.0000000000
1063  -16.540  -90.789  -29.565 0.0000000000
761  -16.924  -91.323  -29.001 0.0000000000
762  -17.905  -91.048  -29.098 0.0000000000
756  -17.352  -91.723  -28.420 0.0000000000
507  -18.633  -92.251  -26.778 0.0000000000
149422  -29.852  -56.317  -9.202 0.0000000000
30148  -30.506  -54.804  -9.137 0.0000000000
28192  -29.841  -55.976  -9.848 0.0000000000
20803  -21.760  -63.622  -7.488 0.0000000000
20804  -22.591  -63.254  -7.635 0.0000000000
19796  -23.033  -63.934  -7.983 0.0000000000
19821  -24.309  -64.409  -9.792 0.0000000000
135389  -24.594  -63.780  -9.052 0.0000000000
20848  -25.344  -63.427  -9.602 0.0000000000
21917  -25.751  -62.959  -9.228 0.0000000000
21945  -25.942  -62.987  -10.081 0.0000000000
19898  -23.211  -64.242  -13.168 0.0000000000
19869  -23.561  -64.721  -12.379 0.0000000000
20904  -23.862  -64.143  -12.847 0.0000000000
23015  -26.054  -61.518  -12.546 0.0000000000
134091  -25.565  -62.760  -12.118 0.0000000000
141523  -26.671  -61.411  -11.874 0.0000000000
151191  -27.071  -61.296  -11.044 0.0000000000
141173  -28.097  -59.677  -10.717 0.0000000000
27206  -28.063  -57.762  -11.948 0.0000000000
27189  -28.649  -57.588  -11.297 0.0000000000
129912  -28.370  -56.983  -11.773 0.0000000000
29225  -29.188  -55.865  -11.112 0.0000000000
28229  -28.609  -56.196  -11.639 0.0000000000
134847  -28.266  -55.743  -11.981 0.0000000000
28268  -26.224  -56.157  -13.151 0.0000000000
29248  -26.813  -55.879  -12.829 0.0000000000
29274  -26.080  -55.365  -13.136 0.0000000000
30228  -26.290  -54.473  -12.890 0.0000000000
155327  -25.432  -55.350  -13.374 0.0000000000
25074  -21.258  -59.791  -14.449 0.0000000000
26162  -23.326  -58.648  -13.925 0.0000000000
26161  -22.502  -58.445  -14.034 0.0000000000
28264  -21.589  -56.477  -13.702 0.0000000000
28265  -22.334  -56.876  -13.702 0.0000000000
137045  -23.971  -55.066  -13.611 0.0000000000
29270  -22.647  -55.419  -13.604 0.0000000000
31168  -23.172  -53.861  -13.520 0.0000000000
151623  -22.118  -55.034  -13.574 0.0000000000
140498  -19.738  -54.989  -13.144 0.0000000000
30207  -19.117  -54.369  -12.897 0.0000000000
31164  -19.575  -53.575  -13.203 0.0000000000
143840  -18.446  -54.158  -12.639 0.0000000000
10483  -13.069  -74.316  -3.421 0.0000000000
12199  -13.990  -73.291  -3.855 0.0000000000
11363  -13.729  -73.910  -4.488 0.0000000000
12253  -14.005  -72.732  -7.554 0.0000000000
154584  -14.556  -72.920  -7.208 0.0000000000
12261  -14.599  -72.528  -8.319 0.0000000000
144242  -15.023  -72.535  -8.994 0.0000000000
12270  -14.252  -72.214  -8.969 0.0000000000
14048  -10.713  -70.442  -7.528 0.0000000000
14049  -11.660  -70.819  -7.540 0.0000000000
14054  -11.342  -70.012  -7.620 0.0000000000
15059  -12.287  -69.120  -10.558 0.0000000000
14076  -12.703  -69.895  -10.031 0.0000000000
146060  -12.915  -69.827  -10.924 0.0000000000
14078  -14.157  -71.088  -11.195 0.0000000000
14096  -13.643  -70.202  -11.592 0.0000000000
15087  -14.458  -69.715  -12.980 0.0000000000
16062  -13.107  -68.746  -12.232 0.0000000000
17958  -12.359  -66.605  -12.766 0.0000000000
17959  -13.024  -66.845  -13.165 0.0000000000
18913  -12.999  -66.055  -13.351 0.0000000000
18922  -13.595  -65.660  -13.696 0.0000000000
18921  -13.070  -65.104  -13.523 0.0000000000
130746  -3.573  -70.353  -11.615 0.0000000000
14089  -4.558  -70.474  -12.202 0.0000000000
15071  -4.268  -69.525  -12.117 0.0000000000
153125  -4.671  -66.460  -11.153 0.0000000000
135946  -4.565  -67.784  -11.634 0.0000000000
131962  -5.716  -66.260  -11.745 0.0000000000
17935  -6.573  -66.521  -11.960 0.0000000000
18901  -6.256  -65.718  -11.873 0.0000000000
21880  -3.821  -62.959  -8.794 0.0000000000
20837  -4.038  -63.883  -9.218 0.0000000000
131204  -4.346  -63.087  -9.763 0.0000000000
21953  -6.575  -62.758  -11.867 0.0000000000
21952  -5.857  -63.057  -11.452 0.0000000000
20886  -7.121  -63.424  -12.222 0.0000000000
141428  -7.513  -64.989  -12.234 0.0000000000
19863  -7.686  -64.110  -12.388 0.0000000000
19865  -9.458  -64.880  -12.532 0.0000000000
19864  -8.516  -63.989  -12.587 0.0000000000
21974  -10.327  -62.209  -13.350 0.0000000000
20902  -10.760  -62.932  -13.364 0.0000000000
146597  -11.443  -62.836  -13.503 0.0000000000
20920  -12.940  -63.468  -13.668 0.0000000000
21987  -12.782  -62.453  -13.673 0.0000000000
131953  -13.645  -62.167  -13.771 0.0000000000
23024  -12.358  -61.790  -13.627 0.0000000000
25055  -11.745  -59.473  -13.083 0.0000000000
25065  -12.844  -60.150  -13.474 0.0000000000
25057  -13.156  -59.243  -13.270 0.0000000000
26152  -13.981  -59.313  -13.413 0.0000000000
26143  -13.836  -58.558  -13.173 0.0000000000
26125  -9.009  -57.901  -10.905 0.0000000000
26134  -9.376  -58.389  -11.540 0.0000000000
27184  -9.771  -57.665  -11.169 0.0000000000
27188  -12.963  -56.520  -11.741 0.0000000000
27187  -12.264  -56.955  -11.674 0.0000000000
136475  -13.254  -57.257  -12.378 0.0000000000
27200  -14.576  -57.292  -12.849 0.0000000000
130045  -15.602  -56.317  -12.606 0.0000000000
28239  -14.843  -56.382  -12.469 0.0000000000
29202  -14.420  -54.964  -11.536 0.0000000000
29221  -15.293  -55.048  -11.864 0.0000000000
30187  -15.283  -54.715  -11.829 0.0000000000
31142  -17.384  -53.710  -12.447 0.0000000000
134509  -15.702  -53.686  -12.105 0.0000000000
32036  -16.175  -52.917  -12.462 0.0000000000
31129  -14.767  -53.765  -11.735 0.0000000000
31104  -12.454  -53.796  -10.087 0.0000000000
32019  -13.034  -52.819  -11.229 0.0000000000
32018  -12.438  -52.969  -10.804 0.0000000000
141627  -12.288  -51.385  -10.695 0.0000000000
32953  -11.227  -52.200  -10.360 0.0000000000
31989  -8.340  -53.024  -7.542 0.0000000000
31075  -9.906  -53.804  -8.134 0.0000000000
32002  -8.628  -52.600  -8.299 0.0000000000
33871  -7.958  -50.330  -9.540 0.0000000000
32943  -8.525  -51.233  -9.231 0.0000000000
5340  -12.510  -80.840  -17.655 0.0000000000
5312  -11.988  -81.460  -16.294 0.0000000000
147697  -11.835  -81.231  -18.263 0.0000000000
4641  -9.952  -82.809  -20.779 0.0000000000
4630  -10.420  -82.773  -19.989 0.0000000000
4629  -9.574  -83.280  -19.925 0.0000000000
3995  -7.999  -83.178  -19.668 0.0000000000
4012  -8.265  -83.441  -20.789 0.0000000000
5424  -8.296  -82.357  -26.087 0.0000000000
5404  -8.715  -82.402  -24.806 0.0000000000
4702  -7.592  -82.702  -25.511 0.0000000000
4683  -4.946  -83.259  -23.965 0.0000000000
4684  -5.953  -83.287  -24.043 0.0000000000
140643  -5.151  -83.235  -23.299 0.0000000000
4637  -5.615  -82.964  -21.737 0.0000000000
5385  -4.494  -81.867  -22.683 0.0000000000
6086  -4.672  -80.820  -22.862 0.0000000000
5394  -3.949  -82.006  -23.310 0.0000000000
142735  -1.859  -82.452  -26.409 0.0000000000
147688  -3.076  -80.828  -26.224 0.0000000000
144546  -3.141  -80.555  -27.528 0.0000000000
6806  -3.422  -79.877  -28.075 0.0000000000
6134  -2.367  -80.223  -28.496 0.0000000000
5541  -5.114  -81.082  -35.373 0.0000000000
6233  -4.408  -80.662  -35.883 0.0000000000
6215  -1.431  -80.372  -34.766 0.0000000000
6202  -2.246  -80.880  -34.647 0.0000000000
5513  -2.498  -81.395  -33.555 0.0000000000
4779  -2.687  -81.769  -31.867 0.0000000000
6188  -1.225  -80.846  -32.654 0.0000000000
153485  0.488  -78.312  -31.860 0.0000000000
7624  0.341  -78.396  -33.147 0.0000000000
153111  0.172  -79.495  -31.882 0.0000000000
5479  -0.390  -80.755  -31.443 0.0000000000
6173  -0.101  -80.520  -31.080 0.0000000000
5450  -0.276  -80.968  -29.900 0.0000000000
6849  0.126  -79.649  -30.081 0.0000000000
9127  0.508  -77.254  -28.704 0.0000000000
141845  0.329  -78.775  -28.882 0.0000000000
8324  0.381  -78.016  -27.814 0.0000000000
6793  0.003  -79.017  -26.962 0.0000000000
8302  0.314  -78.006  -26.798 0.0000000000
9096  0.089  -77.197  -25.947 0.0000000000
9959  -0.120  -76.054  -26.913 0.0000000000
12506  -0.348  -72.120  -27.860 0.0000000000
11628  -0.493  -73.152  -26.808 0.0000000000
12497  -0.443  -72.188  -26.524 0.0000000000
13322  -0.265  -71.237  -26.176 0.0000000000
14269  -0.152  -70.129  -27.105 0.0000000000
12519  -2.934  -72.399  -28.883 0.0000000000
130128  0.080  -68.317  -25.885 0.0000000000
151904  -9.063  -80.028  -14.277 0.0000000000
6658  -9.559  -79.301  -14.689 0.0000000000
6659  -10.445  -79.354  -14.713 0.0000000000
6000  -11.145  -80.051  -15.668 0.0000000000
141497  -11.052  -80.924  -16.129 0.0000000000
2011  -15.684  -87.812  -31.260 0.0000000000
2014  -15.897  -87.706  -32.266 0.0000000000
2015  -16.718  -88.143  -32.622 0.0000000000
2018  -17.231  -87.927  -33.112 0.0000000000
2478  -18.187  -86.918  -33.064 0.0000000000
33923  -21.863  -50.127  -12.905 0.0000000000
139652  -22.217  -48.871  -12.587 0.0000000000
33922  -20.922  -49.789  -12.844 0.0000000000
141106  -19.585  -49.385  -12.708 0.0000000000
34835  -19.008  -49.089  -12.543 0.0000000000
33920  -18.202  -50.363  -13.043 0.0000000000
143218  -17.301  -50.470  -12.832 0.0000000000
32992  -16.200  -51.377  -12.609 0.0000000000
15015  -13.619  -69.353  -4.367 0.0000000000
15016  -14.253  -69.787  -4.787 0.0000000000
14027  -13.978  -70.153  -4.084 0.0000000000
14015  -14.389  -70.948  -3.973 0.0000000000
13110  -15.346  -71.690  -4.834 0.0000000000
6638  -7.677  -79.237  -12.252 0.0000000000
7335  -8.240  -78.884  -11.927 0.0000000000
7345  -7.894  -78.424  -12.684 0.0000000000
8143  -7.597  -77.270  -13.724 0.0000000000
8960  -7.810  -76.215  -14.738 0.0000000000
9943  -4.397  -75.245  -26.716 0.0000000000
10747  -4.558  -74.555  -25.609 0.0000000000
9942  -3.714  -75.410  -26.483 0.0000000000
9909  -2.993  -76.293  -24.496 0.0000000000
9057  -2.301  -76.657  -23.808 0.0000000000
9039  -1.481  -76.002  -22.880 0.0000000000
9055  -1.352  -76.175  -23.599 0.0000000000
9074  -0.696  -76.296  -24.066 0.0000000000
9908  -0.500  -75.570  -24.267 0.0000000000
4027  -12.615  -83.546  -22.630 0.0000000000
150110  -13.631  -82.368  -22.886 0.0000000000
4672  -13.859  -82.167  -24.338 0.0000000000
5419  -14.891  -81.556  -25.455 0.0000000000
4713  -15.729  -81.241  -26.729 0.0000000000
8467  -21.014  -77.129  -38.419 0.0000000000
9278  -20.296  -76.839  -37.402 0.0000000000
19712  -2.404  -64.092  -3.967 0.0000000000
19728  -3.070  -64.586  -4.581 0.0000000000
19727  -2.343  -64.964  -4.288 0.0000000000
17833  -2.144  -66.626  -4.327 0.0000000000
15976  -3.220  -68.093  -4.284 0.0000000000
15012  -3.998  -69.421  -4.488 0.0000000000
15011  -3.211  -69.044  -4.633 0.0000000000
15018  -3.071  -69.872  -4.843 0.0000000000
14035  -2.854  -70.628  -5.054 0.0000000000
8100  -0.856  -78.332  -9.000 0.0000000000
7315  -0.631  -78.254  -9.968 0.0000000000
7322  -0.854  -79.034  -10.225 0.0000000000
6625  -0.504  -79.463  -11.706 0.0000000000
138861  -0.411  -80.443  -13.007 0.0000000000
5256  -0.442  -81.096  -13.526 0.0000000000
134342  -0.454  -81.292  -12.552 0.0000000000
128850  -0.524  -82.026  -13.039 0.0000000000
144177  -0.782  -82.933  -12.611 0.0000000000
837  -6.510  -91.389  -4.677 0.0000000000
845  -5.598  -90.916  -5.128 0.0000000000
334  -6.324  -92.236  -5.170 0.0000000000
339  -5.951  -92.671  -6.147 0.0000000000
133126  -5.920  -93.516  -7.581 0.0000000000
360  -5.974  -93.061  -9.080 0.0000000000
359  -5.593  -94.037  -9.156 0.0000000000
232  -5.185  -94.314  -10.824 0.0000000000
23973  -22.995  -60.600  -10.411 0.0000000000
23974  -23.692  -60.242  -9.676 0.0000000000
23953  -23.102  -60.974  -9.093 0.0000000000
22946  -23.264  -61.282  -7.909 0.0000000000
22925  -23.692  -61.682  -7.542 0.0000000000
18949  -18.200  -65.525  -14.487 0.0000000000
18926  -19.095  -65.190  -14.381 0.0000000000
19919  -18.378  -64.561  -14.498 0.0000000000
19893  -18.548  -63.709  -14.500 0.0000000000
137037  -18.801  -63.074  -14.507 0.0000000000
131948  -18.802  -62.252  -14.509 0.0000000000
139339  -17.972  -62.970  -14.515 0.0000000000
131950  -16.501  -62.141  -14.344 0.0000000000
23027  -15.264  -61.724  -14.046 0.0000000000
14114  -9.429  -70.044  -12.244 0.0000000000
14094  -9.794  -69.755  -11.279 0.0000000000
14093  -8.697  -69.743  -11.776 0.0000000000
14092  -7.889  -70.062  -11.873 0.0000000000
14072  -7.215  -69.588  -11.807 0.0000000000
23913  -3.147  -60.751  -5.976 0.0000000000
24937  -3.342  -59.883  -5.571 0.0000000000
24938  -4.319  -59.420  -6.101 0.0000000000
26077  -5.679  -58.562  -6.949 0.0000000000
26078  -6.297  -58.354  -7.593 0.0000000000
28137  -6.249  -57.041  -5.697 0.0000000000
28125  -6.219  -56.125  -5.453 0.0000000000
29148  -6.157  -55.186  -5.590 0.0000000000
5487  -8.737  -81.255  -31.319 0.0000000000
5468  -8.489  -81.365  -30.467 0.0000000000
5486  -8.176  -81.384  -32.031 0.0000000000
5485  -7.304  -81.704  -31.807 0.0000000000
5500  -5.710  -82.000  -32.645 0.0000000000
8226  -3.640  -77.783  -20.069 0.0000000000
8995  -4.095  -76.275  -19.565 0.0000000000
8227  -4.245  -77.377  -20.256 0.0000000000
8229  -5.696  -77.322  -20.909 0.0000000000
130162  -6.719  -77.460  -20.611 0.0000000000
150047  -9.637  -79.041  -19.706 0.0000000000
7459  -9.493  -78.172  -20.678 0.0000000000
132969  -8.767  -79.283  -21.135 0.0000000000
6759  -8.654  -78.807  -22.290 0.0000000000
7483  -8.099  -78.651  -23.578 0.0000000000
7507  -7.343  -78.058  -25.015 0.0000000000
146445  -6.773  -79.393  -23.723 0.0000000000
6775  -6.294  -79.398  -24.129 0.0000000000
6774  -5.376  -79.556  -24.498 0.0000000000
4093  -12.466  -83.104  -28.753 0.0000000000
4106  -12.670  -82.888  -29.427 0.0000000000
152639  -12.815  -82.788  -29.988 0.0000000000
4765  -13.279  -82.728  -31.062 0.0000000000
4141  -13.696  -83.387  -32.929 0.0000000000
3578  -15.487  -84.449  -35.930 0.0000000000
4170  -14.610  -83.753  -36.072 0.0000000000
3580  -15.391  -83.799  -36.527 0.0000000000
4178  -16.008  -82.904  -37.515 0.0000000000
4831  -16.563  -81.865  -38.260 0.0000000000
5557  -16.866  -81.295  -38.457 0.0000000000
4833  -18.038  -81.877  -38.622 0.0000000000
5555  -18.646  -81.825  -38.345 0.0000000000
35724  -15.811  -48.409  -10.948 0.0000000000
36707  -16.605  -47.221  -10.949 0.0000000000
35715  -15.128  -47.951  -10.260 0.0000000000
35714  -14.403  -47.822  -9.987 0.0000000000
35712  -12.858  -48.051  -10.362 0.0000000000
20780  -17.742  -63.498  -6.638 0.0000000000
19772  -18.319  -64.346  -6.484 0.0000000000
18828  -17.954  -65.117  -6.539 0.0000000000
18842  -18.370  -65.575  -7.069 0.0000000000
17880  -17.972  -66.656  -8.452 0.0000000000
14064  -17.000  -69.791  -9.489 0.0000000000
16015  -16.981  -68.714  -9.373 0.0000000000
15061  -17.541  -69.309  -11.017 0.0000000000
15074  -17.528  -69.476  -11.957 0.0000000000
16064  -17.821  -68.865  -12.662 0.0000000000
15090  -17.371  -69.636  -12.753 0.0000000000
15099  -16.501  -69.685  -13.805 0.0000000000
16073  -15.282  -68.904  -14.149 0.0000000000
13212  -0.608  -72.291  -12.846 0.0000000000
13193  -0.763  -72.165  -11.954 0.0000000000
14125  -0.735  -71.374  -12.542 0.0000000000
14113  -0.857  -70.779  -11.813 0.0000000000
132377  -0.973  -69.578  -10.952 0.0000000000
18899  -0.585  -65.428  -11.740 0.0000000000
17908  -0.816  -66.201  -10.998 0.0000000000
133916  -0.644  -65.331  -10.828 0.0000000000
18866  -0.735  -64.739  -9.472 0.0000000000
137250  -0.763  -63.977  -9.020 0.0000000000
20813  -0.996  -63.480  -7.577 0.0000000000
149111  -0.974  -62.336  -8.683 0.0000000000
34813  -28.585  -49.136  -11.581 0.0000000000
34842  -28.065  -49.725  -11.886 0.0000000000
34841  -27.258  -49.539  -12.250 0.0000000000
137735  -25.902  -50.020  -12.518 0.0000000000
140741  -25.452  -50.734  -12.545 0.0000000000
32997  -24.140  -51.499  -12.934 0.0000000000
145058  -23.197  -52.468  -13.374 0.0000000000
8845  -9.619  -77.199  -3.474 0.0000000000
8846  -10.422  -77.001  -3.853 0.0000000000
8046  -9.798  -77.515  -4.286 0.0000000000
8063  -10.046  -77.546  -5.354 0.0000000000
133018  -10.546  -77.438  -7.244 0.0000000000
8935  -10.496  -76.682  -12.998 0.0000000000
8922  -11.405  -76.698  -11.530 0.0000000000
8936  -11.524  -76.227  -12.351 0.0000000000
9744  -11.962  -75.562  -12.787 0.0000000000
10590  -12.515  -74.170  -13.196 0.0000000000
12320  -12.337  -72.574  -13.283 0.0000000000
12330  -12.229  -72.583  -14.209 0.0000000000
13237  -11.040  -71.835  -15.187 0.0000000000
13236  -10.003  -71.730  -15.316 0.0000000000
136837  -7.378  -75.366  -19.366 0.0000000000
9819  -8.499  -75.469  -18.999 0.0000000000
153072  -9.115  -75.428  -19.779 0.0000000000
9835  -9.842  -75.134  -19.969 0.0000000000
11546  -10.013  -73.998  -20.589 0.0000000000
11563  -4.520  -73.280  -21.657 0.0000000000
12438  -5.552  -72.849  -21.847 0.0000000000
12424  -4.905  -72.973  -20.874 0.0000000000
136135  -5.224  -72.771  -19.933 0.0000000000
12408  -5.130  -72.666  -18.897 0.0000000000
12378  -5.993  -72.512  -17.624 0.0000000000
154892  -4.572  -72.931  -17.820 0.0000000000
136597  -4.059  -73.518  -16.914 0.0000000000
11492  -3.748  -74.108  -16.113 0.0000000000
131551  -2.909  -74.740  -15.463 0.0000000000
10623  -2.895  -74.607  -16.337 0.0000000000
10621  -1.938  -74.428  -16.069 0.0000000000
131073  -1.286  -73.790  -16.945 0.0000000000
130490  -0.519  -71.758  -21.124 0.0000000000
130629  -0.680  -71.788  -19.872 0.0000000000
13281  -0.600  -71.391  -20.421 0.0000000000
15151  -0.862  -70.008  -19.894 0.0000000000
128882  -0.717  -69.118  -20.143 0.0000000000
16125  -0.909  -68.486  -19.554 0.0000000000
134962  -0.546  -68.087  -20.454 0.0000000000
17067  -0.354  -67.109  -21.209 0.0000000000
3971  -14.101  -83.140  -16.356 0.0000000000
147303  -14.013  -81.651  -17.054 0.0000000000
154587  -14.141  -82.234  -17.647 0.0000000000
5354  -14.004  -80.266  -18.901 0.0000000000
6740  -13.986  -78.929  -20.556 0.0000000000
7520  -15.003  -78.812  -25.991 0.0000000000
7508  -14.741  -78.749  -25.152 0.0000000000
7535  -14.179  -79.183  -27.139 0.0000000000
6810  -13.775  -79.371  -27.948 0.0000000000
6822  -12.575  -80.025  -28.562 0.0000000000
6835  -12.077  -80.145  -29.295 0.0000000000
141134  -12.740  -79.742  -29.932 0.0000000000
139793  -11.932  -79.985  -31.227 0.0000000000
6879  -11.641  -79.891  -32.835 0.0000000000
6177  -16.770  -80.863  -31.830 0.0000000000
6167  -16.825  -80.903  -30.322 0.0000000000
6178  -17.437  -80.090  -31.856 0.0000000000
7616  -17.717  -78.206  -32.395 0.0000000000
151206  -17.555  -75.492  -36.113 0.0000000000
9228  -17.499  -76.188  -35.229 0.0000000000
9245  -16.675  -75.707  -36.430 0.0000000000
9243  -15.102  -76.406  -36.997 0.0000000000
8437  -14.634  -77.116  -36.751 0.0000000000
7669  -13.355  -78.212  -35.805 0.0000000000
8453  -13.559  -77.278  -37.620 0.0000000000
7699  -12.323  -77.329  -37.945 0.0000000000
9274  -11.399  -76.750  -37.758 0.0000000000
9273  -10.451  -76.907  -37.715 0.0000000000
9258  -11.040  -76.460  -37.302 0.0000000000
25032  -17.445  -59.769  -10.353 0.0000000000
24004  -17.291  -60.706  -11.191 0.0000000000
21958  -17.551  -62.569  -11.163 0.0000000000
22999  -16.952  -61.617  -11.364 0.0000000000
21940  -16.101  -63.324  -11.082 0.0000000000
20869  -15.527  -63.737  -10.466 0.0000000000
21911  -12.073  -63.213  -10.479 0.0000000000
21912  -12.909  -63.690  -10.289 0.0000000000
20820  -12.369  -64.182  -8.842 0.0000000000
20794  -12.428  -64.071  -7.694 0.0000000000
19768  -12.585  -63.994  -6.501 0.0000000000
19748  -12.542  -64.362  -5.533 0.0000000000
137185  -11.891  -64.816  -5.179 0.0000000000
18810  -11.215  -65.262  -4.891 0.0000000000
18792  -11.369  -65.923  -4.271 0.0000000000
155009  -7.146  -62.585  -8.378 0.0000000000
17836  -5.673  -66.254  -4.325 0.0000000000
18805  -6.178  -65.893  -6.233 0.0000000000
17837  -6.600  -66.216  -3.871 0.0000000000
136081  -7.352  -66.353  -3.425 0.0000000000
17821  -8.174  -66.397  -3.456 0.0000000000
16895  -8.605  -66.977  -2.749 0.0000000000
14979  -8.372  -69.497  -1.568 0.0000000000
13992  -8.602  -70.438  -1.687 0.0000000000
12179  -8.650  -72.213  -2.554 0.0000000000
13092  -8.013  -71.850  -2.828 0.0000000000
12198  -8.023  -72.432  -3.399 0.0000000000
134546  -7.862  -73.617  -4.625 0.0000000000
11402  -6.344  -73.845  -7.192 0.0000000000
10522  -6.828  -74.580  -7.018 0.0000000000
9700  -6.284  -75.349  -8.077 0.0000000000
8094  -5.897  -76.901  -7.991 0.0000000000
8093  -5.485  -77.911  -8.174 0.0000000000
7305  -5.596  -78.733  -7.696 0.0000000000
7311  -5.329  -78.791  -8.388 0.0000000000
6608  -4.950  -79.646  -9.422 0.0000000000
5928  -4.710  -80.490  -10.361 0.0000000000
12210  -2.195  -72.577  -3.978 0.0000000000
138101  -2.179  -72.699  -5.284 0.0000000000
11371  -1.918  -73.397  -5.398 0.0000000000
11397  -1.387  -73.323  -7.682 0.0000000000
10546  -1.127  -74.020  -9.586 0.0000000000
8139  -1.584  -77.062  -14.177 0.0000000000
8940  -1.780  -76.364  -13.646 0.0000000000
8140  -2.296  -77.623  -14.232 0.0000000000
7353  -2.796  -78.594  -14.079 0.0000000000
6643  -3.230  -79.711  -13.426 0.0000000000
5946  -3.486  -81.011  -12.789 0.0000000000
5953  -3.042  -80.699  -13.782 0.0000000000
5275  -3.411  -82.305  -14.288 0.0000000000
5291  -4.349  -82.033  -15.650 0.0000000000
5997  -4.090  -81.322  -16.312 0.0000000000
5308  -3.438  -82.188  -16.911 0.0000000000
6009  -2.331  -81.217  -18.303 0.0000000000
6024  -1.961  -80.878  -19.149 0.0000000000
3424  -1.515  -84.242  -18.843 0.0000000000
3432  -1.850  -84.088  -19.584 0.0000000000
3426  -2.917  -84.950  -19.142 0.0000000000
3435  -4.167  -84.137  -19.077 0.0000000000
3427  -4.993  -83.944  -18.325 0.0000000000
3981  -6.260  -82.900  -17.175 0.0000000000
3420  -5.526  -84.234  -17.426 0.0000000000
3407  -6.551  -84.056  -16.243 0.0000000000
3393  -6.889  -84.306  -15.620 0.0000000000
3304  -3.133  -84.464  -9.100 0.0000000000
2749  -2.683  -84.507  -10.451 0.0000000000
2758  -2.330  -84.317  -11.247 0.0000000000
2760  -3.671  -84.671  -11.329 0.0000000000
2251  -3.927  -85.969  -11.909 0.0000000000
1848  -3.680  -86.692  -11.988 0.0000000000
889  -4.387  -90.132  -8.970 0.0000000000
141613  -4.046  -89.697  -10.249 0.0000000000
1220  -4.701  -89.634  -10.655 0.0000000000
131859  -5.582  -88.689  -11.491 0.0000000000
1562  -5.924  -88.056  -12.119 0.0000000000
2272  -7.224  -86.461  -12.702 0.0000000000
2261  -7.434  -86.958  -11.573 0.0000000000
2770  -8.889  -86.184  -11.391 0.0000000000
153709  -9.840  -86.212  -11.530 0.0000000000
2778  -10.982  -85.386  -12.029 0.0000000000
2263  -10.813  -86.245  -12.103 0.0000000000
1860  -10.574  -87.185  -12.439 0.0000000000
1880  -10.929  -87.363  -13.594 0.0000000000
1266  -7.538  -89.544  -14.741 0.0000000000
1582  -8.980  -88.913  -15.122 0.0000000000
1592  -8.553  -88.969  -15.749 0.0000000000
1906  -9.140  -88.147  -17.093 0.0000000000
1914  -9.528  -87.616  -17.522 0.0000000000
2327  -9.716  -86.588  -18.604 0.0000000000
1924  -9.142  -87.143  -18.129 0.0000000000
2326  -8.850  -86.599  -18.771 0.0000000000
2335  -8.603  -86.098  -19.384 0.0000000000
264  -4.598  -93.869  -15.371 0.0000000000
973  -4.666  -89.677  -19.812 0.0000000000
143904  -4.658  -90.108  -19.110 0.0000000000
1310  -4.395  -88.953  -20.183 0.0000000000
1933  -4.019  -87.575  -20.099 0.0000000000
2331  -4.430  -86.544  -19.941 0.0000000000
2343  -5.647  -85.697  -20.813 0.0000000000
2871  -5.366  -85.725  -21.606 0.0000000000
2886  -6.639  -85.612  -22.376 0.0000000000
2903  -7.535  -85.734  -23.806 0.0000000000
2922  -8.914  -85.271  -24.472 0.0000000000
2921  -7.968  -85.711  -24.612 0.0000000000
2936  -7.905  -85.925  -25.352 0.0000000000
2403  -7.593  -86.493  -25.695 0.0000000000
1032  -7.641  -90.242  -25.828 0.0000000000
1380  -7.209  -89.052  -26.577 0.0000000000
1374  -7.711  -89.671  -26.829 0.0000000000
1685  -8.229  -89.038  -28.032 0.0000000000
1689  -9.545  -88.286  -28.841 0.0000000000
1690  -10.295  -88.456  -29.084 0.0000000000
1395  -9.899  -89.389  -28.823 0.0000000000
142858  -11.512  -90.155  -29.287 0.0000000000
1060  -12.255  -90.815  -29.102 0.0000000000
1046  -13.486  -90.929  -27.574 0.0000000000
1048  -14.889  -91.446  -27.016 0.0000000000
132229  -26.823  -59.889  -7.079 0.0000000000
27167  -29.465  -57.497  -9.242 0.0000000000
27179  -29.232  -57.724  -9.877 0.0000000000
18858  -22.282  -65.465  -8.621 0.0000000000
19809  -22.665  -64.707  -8.245 0.0000000000
18859  -23.019  -65.207  -9.044 0.0000000000
19837  -23.898  -64.926  -10.468 0.0000000000
19838  -24.504  -64.403  -10.724 0.0000000000
144958  -23.945  -62.712  -13.570 0.0000000000
20930  -24.477  -63.020  -13.130 0.0000000000
21991  -24.560  -62.226  -13.416 0.0000000000
21992  -25.338  -61.682  -13.132 0.0000000000
24009  -26.511  -60.685  -12.565 0.0000000000
24020  -27.046  -60.026  -12.343 0.0000000000
25059  -26.512  -59.790  -12.868 0.0000000000
143129  -27.472  -57.804  -12.435 0.0000000000
28243  -27.314  -56.490  -12.585 0.0000000000
27204  -26.928  -57.297  -12.811 0.0000000000
27229  -25.393  -57.764  -13.470 0.0000000000
27228  -24.464  -57.452  -13.630 0.0000000000
131945  -19.924  -58.988  -14.388 0.0000000000
26160  -21.676  -58.213  -14.117 0.0000000000
152100  -20.271  -58.366  -14.232 0.0000000000
28263  -20.709  -56.944  -13.828 0.0000000000
140092  -20.832  -55.962  -13.600 0.0000000000
143223  -20.051  -56.272  -13.554 0.0000000000
28242  -18.688  -55.951  -13.072 0.0000000000
146993  -12.850  -74.677  -5.678 0.0000000000
11373  -13.198  -74.260  -6.046 0.0000000000
11388  -12.860  -73.872  -6.828 0.0000000000
12238  -13.102  -73.463  -6.934 0.0000000000
13139  -13.044  -72.105  -7.554 0.0000000000
16012  -10.164  -67.903  -8.156 0.0000000000
15045  -11.352  -68.904  -8.542 0.0000000000
16013  -10.885  -68.312  -8.821 0.0000000000
16028  -11.718  -68.320  -10.824 0.0000000000
16046  -12.456  -68.548  -11.562 0.0000000000
16981  -12.756  -68.060  -12.348 0.0000000000
16980  -12.180  -67.889  -11.804 0.0000000000
17957  -11.747  -66.770  -12.299 0.0000000000
150846  -11.730  -66.055  -12.692 0.0000000000
16024  -3.358  -69.000  -10.226 0.0000000000
150444  -4.019  -68.697  -11.562 0.0000000000
16954  -3.701  -68.025  -9.807 0.0000000000
17895  -4.226  -66.306  -9.745 0.0000000000
18883  -4.492  -65.428  -10.124 0.0000000000
22962  -5.063  -61.363  -10.265 0.0000000000
21932  -4.754  -62.297  -10.240 0.0000000000
22977  -5.706  -61.236  -10.914 0.0000000000
135849  -6.839  -61.884  -11.931 0.0000000000
21954  -7.341  -62.531  -12.286 0.0000000000
21972  -8.560  -62.495  -12.756 0.0000000000
23012  -8.444  -61.649  -12.653 0.0000000000
23014  -10.027  -61.417  -13.255 0.0000000000
24025  -11.342  -60.781  -13.448 0.0000000000
24018  -9.951  -60.595  -13.098 0.0000000000
25054  -10.048  -59.697  -12.724 0.0000000000
135291  -10.969  -59.486  -12.907 0.0000000000
28187  -9.597  -56.701  -9.467 0.0000000000
27176  -10.139  -57.099  -10.782 0.0000000000
129678  -10.970  -56.279  -9.865 0.0000000000
28207  -11.731  -56.187  -10.209 0.0000000000
128959  -12.787  -55.870  -10.936 0.0000000000
28227  -14.247  -55.694  -11.877 0.0000000000
28209  -12.851  -55.583  -10.679 0.0000000000
29201  -13.434  -55.141  -11.110 0.0000000000
30164  -13.598  -54.874  -11.110 0.0000000000
31106  -13.877  -54.376  -11.246 0.0000000000
31089  -12.833  -54.489  -9.925 0.0000000000
30146  -12.493  -54.476  -9.200 0.0000000000
31088  -11.783  -53.678  -9.612 0.0000000000
5367  -11.675  -80.428  -19.921 0.0000000000
5366  -11.111  -81.754  -19.841 0.0000000000
5379  -11.190  -80.884  -20.953 0.0000000000
5378  -10.619  -81.545  -21.671 0.0000000000
4655  -9.372  -82.679  -22.317 0.0000000000
4709  -6.616  -82.856  -26.561 0.0000000000
4701  -6.739  -82.977  -25.655 0.0000000000
131858  -5.709  -83.184  -25.792 0.0000000000
4700  -4.741  -83.275  -24.844 0.0000000000
4699  -3.618  -83.230  -24.798 0.0000000000
129763  -3.286  -82.651  -24.243 0.0000000000
4698  -2.809  -82.966  -24.973 0.0000000000
4707  -1.905  -83.224  -26.168 0.0000000000
5432  -1.180  -82.043  -27.759 0.0000000000
6917  -0.594  -79.356  -35.244 0.0000000000
10866  0.135  -75.065  -32.769 0.0000000000
9192  0.739  -76.527  -32.174 0.0000000000
8354  0.840  -77.376  -30.927 0.0000000000
7560  0.604  -78.145  -30.357 0.0000000000
9163  0.918  -76.544  -30.679 0.0000000000
9147  0.667  -76.561  -29.700 0.0000000000
9128  0.380  -76.279  -28.808 0.0000000000
134663  -0.096  -75.079  -27.963 0.0000000000
10784  0.021  -74.313  -29.119 0.0000000000
11643  -0.225  -73.275  -29.244 0.0000000000
12518  -0.531  -71.511  -29.176 0.0000000000
150517  -6.448  -79.573  -17.416 0.0000000000
7416  -6.821  -78.469  -17.945 0.0000000000
7399  -7.662  -78.420  -16.936 0.0000000000
149458  -8.201  -78.038  -17.269 0.0000000000
7419  -10.019  -78.150  -17.515 0.0000000000
7387  -9.844  -78.452  -15.972 0.0000000000
7420  -10.391  -78.695  -17.131 0.0000000000
147253  -10.065  -78.415  -18.628 0.0000000000
6044  -9.460  -79.642  -18.950 0.0000000000
6042  -8.071  -80.868  -19.439 0.0000000000
6061  -7.461  -80.951  -20.033 0.0000000000
2998  -12.524  -85.035  -31.975 0.0000000000
3000  -13.285  -85.677  -32.163 0.0000000000
3009  -13.489  -85.501  -33.120 0.0000000000
149981  -14.502  -85.443  -34.383 0.0000000000
2480  -15.712  -86.759  -33.815 0.0000000000
3019  -15.283  -86.123  -34.256 0.0000000000
3026  -15.484  -85.659  -34.732 0.0000000000
3030  -16.503  -84.840  -35.456 0.0000000000
3573  -17.296  -84.489  -35.289 0.0000000000
4166  -17.532  -83.823  -34.913 0.0000000000
37776  -23.990  -46.265  -13.814 0.0000000000
154097  -23.674  -46.880  -13.771 0.0000000000
35746  -22.403  -48.303  -12.717 0.0000000000
36743  -22.403  -47.142  -13.466 0.0000000000
37775  -23.036  -46.550  -13.970 0.0000000000
37774  -22.147  -46.507  -13.915 0.0000000000
37773  -20.598  -46.409  -13.423 0.0000000000
37772  -19.694  -46.239  -13.179 0.0000000000
36726  -18.817  -47.539  -12.226 0.0000000000
148217  -18.211  -47.969  -11.941 0.0000000000
34811  -17.501  -49.160  -12.139 0.0000000000
34809  -15.651  -49.252  -11.348 0.0000000000
34800  -14.293  -49.405  -10.753 0.0000000000
33886  -13.637  -50.068  -10.754 0.0000000000
17855  -15.255  -66.767  -6.377 0.0000000000
17867  -15.791  -67.070  -7.060 0.0000000000
16915  -15.172  -67.603  -6.559 0.0000000000
15989  -15.281  -68.359  -6.715 0.0000000000
15991  -15.800  -68.615  -7.411 0.0000000000
15023  -15.264  -69.775  -5.845 0.0000000000
15025  -15.561  -69.326  -6.666 0.0000000000
15030  -16.262  -69.331  -7.962 0.0000000000
14056  -16.695  -70.121  -8.510 0.0000000000
13155  -16.900  -70.880  -9.165 0.0000000000
148970  -16.396  -71.761  -10.723 0.0000000000
16091  -1.571  -68.655  -15.683 0.0000000000
16081  -1.686  -68.832  -14.832 0.0000000000
17019  -1.102  -68.043  -15.376 0.0000000000
17011  -0.725  -67.106  -14.129 0.0000000000
17964  -0.515  -66.235  -13.742 0.0000000000
34814  -29.353  -49.327  -11.076 0.0000000000
33928  -28.345  -50.555  -11.784 0.0000000000
33001  -27.722  -51.239  -12.078 0.0000000000
32057  -26.736  -52.454  -12.461 0.0000000000
6596  -8.089  -79.313  -7.212 0.0000000000
7319  -8.792  -79.182  -8.783 0.0000000000
7325  -9.587  -78.513  -10.322 0.0000000000
8121  -9.947  -77.768  -11.705 0.0000000000
8132  -9.461  -77.585  -12.498 0.0000000000
8920  -10.033  -77.253  -12.509 0.0000000000
8943  -10.450  -76.342  -13.672 0.0000000000
9751  -10.856  -75.867  -14.172 0.0000000000
10624  -11.223  -74.877  -16.011 0.0000000000
10733  -7.687  -74.421  -24.817 0.0000000000
136572  -7.801  -73.181  -23.889 0.0000000000
147800  -6.466  -73.400  -24.718 0.0000000000
154493  -6.093  -72.989  -24.213 0.0000000000
144555  -5.330  -73.004  -23.171 0.0000000000
140949  -4.501  -74.304  -24.882 0.0000000000
10714  -4.201  -74.233  -23.620 0.0000000000
11579  -4.224  -73.716  -22.337 0.0000000000
11562  -3.752  -73.874  -21.563 0.0000000000
10672  -3.257  -74.313  -20.843 0.0000000000
134395  -2.554  -74.945  -20.147 0.0000000000
136551  -2.427  -74.622  -19.081 0.0000000000
9846  -1.424  -75.276  -20.208 0.0000000000
129787  -0.982  -75.193  -20.347 0.0000000000
10671  -0.630  -74.932  -20.592 0.0000000000
130786  -0.856  -75.521  -21.837 0.0000000000
10686  -0.526  -75.031  -21.434 0.0000000000
12437  -0.504  -73.069  -21.831 0.0000000000
128481  -0.445  -72.085  -21.975 0.0000000000
134520  -0.386  -71.317  -22.413 0.0000000000
150011  -0.335  -70.872  -23.208 0.0000000000
153516  -13.320  -83.558  -19.664 0.0000000000
4620  -13.918  -82.276  -19.959 0.0000000000
5380  -14.138  -81.623  -21.445 0.0000000000
5389  -14.398  -81.032  -22.197 0.0000000000
6090  -15.066  -79.995  -23.571 0.0000000000
6098  -14.945  -80.797  -24.047 0.0000000000
6099  -15.387  -80.077  -24.411 0.0000000000
6779  -15.483  -79.582  -25.053 0.0000000000
7521  -15.659  -79.147  -26.434 0.0000000000
7552  -15.105  -78.825  -28.742 0.0000000000
7563  -14.903  -78.836  -29.529 0.0000000000
135657  -17.576  -79.824  -35.831 0.0000000000
6925  -18.315  -79.065  -35.549 0.0000000000
7670  -18.849  -78.340  -35.608 0.0000000000
8440  -19.303  -77.019  -35.426 0.0000000000
9248  -19.427  -76.277  -35.828 0.0000000000
9265  -20.440  -75.579  -37.118 0.0000000000
10087  -19.567  -75.314  -36.460 0.0000000000
10086  -18.742  -74.889  -36.344 0.0000000000
10946  -17.280  -74.682  -36.457 0.0000000000
10927  -16.537  -74.624  -36.467 0.0000000000
10908  -15.314  -74.798  -36.119 0.0000000000
10067  -14.558  -75.057  -35.525 0.0000000000
21910  -11.297  -62.809  -10.520 0.0000000000
145561  -10.957  -63.547  -10.100 0.0000000000
150881  -9.845  -64.135  -9.206 0.0000000000
19743  -4.604  -64.387  -5.410 0.0000000000
18803  -4.779  -65.396  -5.925 0.0000000000
18785  -3.705  -65.190  -5.096 0.0000000000
18786  -4.426  -65.783  -5.366 0.0000000000
17818  -5.121  -66.749  -3.656 0.0000000000
15947  -5.709  -67.801  -2.490 0.0000000000
14995  -5.577  -69.521  -2.872 0.0000000000
14011  -6.397  -70.874  -3.310 0.0000000000
15014  -5.784  -70.430  -3.550 0.0000000000
14039  -5.600  -71.292  -4.869 0.0000000000
13123  -6.054  -71.837  -5.375 0.0000000000
15020  -4.473  -70.281  -4.710 0.0000000000
13122  -5.152  -71.430  -5.650 0.0000000000
11384  -6.003  -72.959  -6.905 0.0000000000
11401  -5.642  -73.428  -7.518 0.0000000000
147203  -5.218  -74.275  -8.651 0.0000000000
10549  -4.782  -74.731  -9.516 0.0000000000
9680  -1.840  -75.475  -6.765 0.0000000000
9693  -0.471  -75.238  -8.226 0.0000000000
137361  -0.384  -75.914  -8.633 0.0000000000
8893  -0.142  -76.493  -9.990 0.0000000000
8117  -0.182  -76.666  -11.735 0.0000000000
129021  -0.254  -77.636  -11.682 0.0000000000
139725  -0.548  -77.382  -13.242 0.0000000000
8149  -0.971  -77.952  -14.410 0.0000000000
7382  -1.253  -78.979  -15.186 0.0000000000
5980  -1.082  -80.193  -16.100 0.0000000000
5306  -2.286  -82.349  -17.589 0.0000000000
5305  -1.193  -81.420  -16.755 0.0000000000
143152  -0.876  -81.861  -16.737 0.0000000000
3967  -0.811  -83.010  -17.295 0.0000000000
137436  -0.515  -81.647  -15.135 0.0000000000
4585  -0.724  -82.659  -16.608 0.0000000000
3417  -1.071  -84.246  -18.008 0.0000000000
3418  -1.694  -84.853  -18.159 0.0000000000
2833  -2.137  -85.485  -17.420 0.0000000000
2317  -2.458  -86.066  -16.836 0.0000000000
1823  -6.292  -86.933  -8.181 0.0000000000
1822  -5.203  -87.156  -8.276 0.0000000000
2233  -4.898  -86.567  -10.067 0.0000000000
1809  -4.502  -87.773  -7.767 0.0000000000
153613  -3.897  -88.724  -7.352 0.0000000000
865  -3.971  -89.728  -7.490 0.0000000000
560  -4.844  -90.601  -6.205 0.0000000000
855  -4.283  -90.110  -6.851 0.0000000000
866  -4.352  -90.345  -7.593 0.0000000000
890  -5.098  -90.416  -8.871 0.0000000000
892  -7.069  -90.292  -9.395 0.0000000000
902  -7.782  -90.073  -9.804 0.0000000000
1234  -8.720  -89.118  -10.822 0.0000000000
911  -7.865  -90.394  -10.489 0.0000000000
922  -7.964  -90.218  -11.654 0.0000000000
921  -7.265  -90.515  -12.530 0.0000000000
609  -6.452  -92.023  -10.537 0.0000000000
623  -6.510  -91.568  -11.384 0.0000000000
932  -7.193  -90.188  -13.467 0.0000000000
942  -7.113  -89.941  -14.199 0.0000000000
941  -6.707  -90.079  -14.885 0.0000000000
1278  -6.588  -89.925  -15.782 0.0000000000
694  -5.777  -90.926  -20.150 0.0000000000
140324  -5.230  -89.973  -20.303 0.0000000000
1326  -4.899  -88.887  -21.322 0.0000000000
1646  -5.180  -87.769  -22.182 0.0000000000
1962  -6.456  -87.298  -22.935 0.0000000000
154903  -6.390  -88.191  -22.949 0.0000000000
1358  -6.867  -88.545  -23.597 0.0000000000
140549  -7.031  -89.212  -24.306 0.0000000000
1340  -7.600  -89.658  -22.794 0.0000000000
1351  -7.138  -89.422  -23.241 0.0000000000
1015  -7.130  -89.980  -24.887 0.0000000000
1016  -7.763  -90.848  -24.912 0.0000000000
730  -8.363  -91.229  -25.143 0.0000000000
731  -8.777  -91.507  -25.047 0.0000000000
24971  -25.395  -59.293  -7.687 0.0000000000
23955  -24.385  -59.949  -8.576 0.0000000000
147885  -24.846  -59.833  -7.676 0.0000000000
129638  -25.962  -59.575  -7.079 0.0000000000
23931  -26.262  -60.410  -7.156 0.0000000000
23956  -26.695  -61.021  -7.702 0.0000000000
22948  -27.073  -61.392  -8.560 0.0000000000
17961  -21.030  -66.336  -12.431 0.0000000000
18907  -21.906  -66.143  -12.035 0.0000000000
18914  -21.630  -65.709  -12.809 0.0000000000
19867  -22.015  -65.038  -13.155 0.0000000000
19897  -22.372  -64.312  -13.437 0.0000000000
19895  -20.731  -64.584  -14.031 0.0000000000
20927  -21.884  -63.624  -13.923 0.0000000000
20928  -22.779  -63.566  -13.678 0.0000000000
21989  -22.706  -62.052  -14.206 0.0000000000
23035  -23.097  -61.249  -14.228 0.0000000000
24036  -22.574  -60.565  -14.350 0.0000000000
24035  -21.677  -60.577  -14.458 0.0000000000
23031  -19.331  -61.369  -14.508 0.0000000000
24033  -19.804  -60.556  -14.503 0.0000000000
25073  -20.310  -59.751  -14.464 0.0000000000
25072  -19.296  -59.699  -14.429 0.0000000000
25071  -17.711  -59.331  -14.148 0.0000000000
150793  -17.041  -59.061  -13.882 0.0000000000
12268  -10.724  -72.100  -8.752 0.0000000000
12259  -11.098  -72.425  -8.346 0.0000000000
13143  -9.764  -70.817  -7.885 0.0000000000
14053  -9.531  -70.172  -7.678 0.0000000000
137010  -9.491  -70.099  -9.248 0.0000000000
15044  -9.098  -69.468  -8.390 0.0000000000
15998  -9.740  -68.400  -7.494 0.0000000000
16011  -9.340  -67.875  -7.929 0.0000000000
16959  -9.159  -67.255  -9.688 0.0000000000
19783  -2.818  -64.613  -7.149 0.0000000000
19803  -3.346  -64.941  -7.738 0.0000000000
22940  -3.595  -62.421  -7.995 0.0000000000
129731  -4.043  -62.010  -8.764 0.0000000000
23922  -3.802  -60.880  -7.097 0.0000000000
22920  -4.236  -60.870  -8.006 0.0000000000
23968  -4.875  -60.707  -9.531 0.0000000000
140380  -5.384  -60.087  -9.796 0.0000000000
25028  -5.981  -59.791  -10.321 0.0000000000
150507  -6.568  -59.276  -10.441 0.0000000000
26132  -7.872  -58.799  -11.069 0.0000000000
26122  -6.878  -58.743  -10.123 0.0000000000
27173  -7.981  -57.894  -9.933 0.0000000000
27163  -8.432  -57.385  -9.453 0.0000000000
27146  -6.890  -58.004  -8.065 0.0000000000
27147  -7.559  -57.494  -8.080 0.0000000000
28186  -8.949  -56.880  -8.989 0.0000000000
28171  -8.885  -56.625  -8.085 0.0000000000
28153  -9.473  -56.101  -7.422 0.0000000000
29163  -9.966  -55.454  -7.446 0.0000000000
30124  -10.211  -54.933  -7.510 0.0000000000
30123  -9.492  -54.883  -7.097 0.0000000000
31036  -8.219  -54.221  -6.645 0.0000000000
31054  -7.915  -53.450  -6.919 0.0000000000
30111  -7.010  -54.738  -5.980 0.0000000000
31053  -6.949  -53.077  -6.824 0.0000000000
136817  -10.411  -81.362  -26.032 0.0000000000
6095  -10.248  -81.554  -25.149 0.0000000000
6113  -9.824  -81.527  -26.743 0.0000000000
5426  -9.025  -81.830  -27.128 0.0000000000
145323  -8.011  -82.287  -26.710 0.0000000000
5452  -7.715  -81.776  -29.321 0.0000000000
4730  -7.274  -82.107  -28.743 0.0000000000
139093  -7.112  -82.326  -27.959 0.0000000000
4728  -5.810  -82.957  -28.774 0.0000000000
4103  -4.648  -83.206  -29.513 0.0000000000
4102  -3.669  -83.458  -29.351 0.0000000000
8166  -4.759  -76.957  -15.246 0.0000000000
8167  -5.661  -76.635  -14.887 0.0000000000
8957  -5.285  -76.252  -15.718 0.0000000000
8990  -5.588  -75.659  -17.276 0.0000000000
9802  -5.735  -75.487  -18.314 0.0000000000
8996  -4.730  -75.737  -19.067 0.0000000000
9831  -5.523  -75.517  -19.749 0.0000000000
9817  -6.510  -75.321  -19.032 0.0000000000
152219  -7.086  -75.498  -20.893 0.0000000000
133136  -8.464  -75.382  -22.181 0.0000000000
136484  -8.791  -74.958  -23.172 0.0000000000
8215  -7.046  -77.814  -19.428 0.0000000000
7466  -9.186  -77.871  -21.326 0.0000000000
8231  -8.789  -77.529  -21.245 0.0000000000
8244  -7.294  -76.514  -22.122 0.0000000000
9041  -8.198  -76.242  -22.710 0.0000000000
9896  -8.577  -75.533  -23.697 0.0000000000
10734  -8.311  -74.926  -24.292 0.0000000000
9911  -7.871  -75.329  -24.931 0.0000000000
9926  -6.667  -75.540  -25.926 0.0000000000
9945  -5.854  -75.355  -26.336 0.0000000000
8294  -7.092  -77.434  -25.553 0.0000000000
8293  -6.393  -77.053  -26.208 0.0000000000
9962  -5.401  -75.893  -26.821 0.0000000000
9115  -4.851  -76.431  -27.279 0.0000000000
9113  -3.264  -76.304  -27.560 0.0000000000
9112  -2.590  -76.970  -27.741 0.0000000000
4060  -12.745  -83.155  -25.991 0.0000000000
4703  -13.523  -82.602  -26.322 0.0000000000
154140  -13.458  -82.672  -27.215 0.0000000000
148561  -14.718  -81.928  -29.097 0.0000000000
4741  -13.999  -82.038  -29.559 0.0000000000
4742  -14.732  -81.869  -29.837 0.0000000000
5470  -15.430  -81.667  -30.996 0.0000000000
5505  -16.142  -81.269  -32.579 0.0000000000
5519  -16.263  -81.138  -33.489 0.0000000000
6222  -16.780  -80.636  -34.755 0.0000000000
3558  -13.123  -84.500  -33.006 0.0000000000
4153  -13.374  -84.025  -33.432 0.0000000000
4795  -14.271  -83.124  -34.434 0.0000000000
138599  -14.143  -83.721  -35.472 0.0000000000
4809  -14.271  -83.243  -35.423 0.0000000000
5531  -15.615  -81.732  -34.378 0.0000000000
5532  -16.126  -81.334  -35.166 0.0000000000
6239  -17.199  -80.229  -35.343 0.0000000000
6942  -17.667  -79.766  -36.865 0.0000000000
6950  -17.987  -79.461  -38.017 0.0000000000
7701  -19.345  -78.446  -38.388 0.0000000000
6955  -18.355  -79.872  -39.192 0.0000000000
7704  -19.378  -78.849  -39.121 0.0000000000
8469  -19.848  -78.314  -38.981 0.0000000000
135570  -21.612  -77.490  -39.032 0.0000000000
38711  -18.035  -46.317  -12.888 0.0000000000
37750  -16.865  -46.765  -11.803 0.0000000000
15946  -1.540  -68.444  -2.695 0.0000000000
14975  -1.617  -69.830  -2.246 0.0000000000
13072  -1.890  -71.603  -2.626 0.0000000000
12176  -2.069  -72.276  -2.691 0.0000000000
8086  -0.902  -77.553  -7.838 0.0000000000
144661  -0.883  -78.092  -8.190 0.0000000000
6600  -2.481  -79.761  -8.499 0.0000000000
21885  -20.587  -62.433  -8.682 0.0000000000
21886  -21.336  -62.415  -8.064 0.0000000000
21865  -20.361  -62.828  -7.794 0.0000000000
137927  -21.121  -63.850  -7.333 0.0000000000
19794  -21.465  -64.375  -7.518 0.0000000000
19792  -19.858  -64.725  -7.106 0.0000000000
18844  -20.227  -65.190  -7.443 0.0000000000
143183  -21.420  -65.666  -8.362 0.0000000000
17899  -21.287  -66.230  -9.181 0.0000000000
135029  -21.223  -66.579  -9.843 0.0000000000
17917  -21.515  -66.617  -10.567 0.0000000000
17868  -16.360  -66.646  -7.359 0.0000000000
16919  -16.974  -66.841  -8.055 0.0000000000
16016  -17.463  -68.289  -9.750 0.0000000000
130798  -17.586  -67.779  -9.393 0.0000000000
144136  -19.105  -67.082  -9.545 0.0000000000
16963  -19.189  -67.429  -10.250 0.0000000000
134603  -20.327  -67.161  -10.880 0.0000000000
17943  -20.587  -66.857  -11.654 0.0000000000
131986  -20.124  -66.744  -12.477 0.0000000000
17970  -19.647  -66.532  -13.380 0.0000000000
17960  -19.035  -66.921  -13.623 0.0000000000
17007  -18.148  -67.707  -13.774 0.0000000000
17008  -18.519  -67.194  -13.921 0.0000000000
17969  -18.412  -66.481  -14.294 0.0000000000
17978  -16.983  -66.272  -14.598 0.0000000000
18947  -16.367  -65.541  -14.508 0.0000000000
154776  -15.337  -64.748  -14.309 0.0000000000
12305  -5.131  -72.705  -12.674 0.0000000000
13196  -5.518  -71.762  -12.460 0.0000000000
13195  -4.437  -72.081  -12.211 0.0000000000
141731  -3.699  -70.965  -11.823 0.0000000000
14088  -2.752  -71.235  -10.998 0.0000000000
14087  -1.822  -71.549  -10.704 0.0000000000
14071  -2.139  -70.991  -10.072 0.0000000000
15054  -2.489  -70.193  -9.696 0.0000000000
16009  -2.556  -69.529  -8.938 0.0000000000
16923  -2.519  -68.127  -7.894 0.0000000000
17865  -2.453  -67.214  -7.502 0.0000000000
149635  -1.418  -68.890  -13.083 0.0000000000
16061  -1.115  -68.662  -12.111 0.0000000000
17909  -0.909  -67.042  -10.064 0.0000000000
16936  -1.039  -68.041  -8.852 0.0000000000
16922  -1.348  -67.550  -7.988 0.0000000000
146403  -1.730  -67.058  -7.473 0.0000000000
17866  -2.094  -65.899  -6.874 0.0000000000
19782  -2.182  -64.335  -6.717 0.0000000000
20774  -2.024  -63.574  -6.394 0.0000000000
22897  -1.920  -62.074  -5.802 0.0000000000
21860  -1.401  -62.730  -6.639 0.0000000000
22906  -1.538  -61.873  -6.133 0.0000000000
23902  -1.836  -60.636  -5.460 0.0000000000
6252  -7.848  -80.230  -36.156 0.0000000000
6236  -7.415  -80.754  -35.532 0.0000000000
6251  -6.977  -80.119  -36.369 0.0000000000
1406  -18.293  -89.151  -30.794 0.0000000000
1699  -18.742  -88.480  -31.264 0.0000000000
1408  -19.430  -88.918  -30.338 0.0000000000
2013  -19.578  -88.073  -30.487 0.0000000000
35748  -24.719  -48.596  -12.980 0.0000000000
140279  -23.876  -48.949  -12.698 0.0000000000
136239  -25.041  -49.968  -12.571 0.0000000000
136694  -24.180  -49.877  -12.619 0.0000000000
34838  -23.351  -49.708  -12.645 0.0000000000
33945  -21.855  -50.906  -13.231 0.0000000000
33023  -21.092  -51.373  -13.380 0.0000000000
32077  -19.690  -52.135  -13.408 0.0000000000
12182  -12.041  -72.647  -1.953 0.0000000000
12183  -12.626  -72.693  -2.298 0.0000000000
10469  -12.207  -74.375  -2.359 0.0000000000
10482  -12.468  -74.782  -2.973 0.0000000000
10497  -12.675  -74.953  -3.896 0.0000000000
8847  -11.122  -76.545  -4.389 0.0000000000
9658  -11.659  -76.049  -4.793 0.0000000000
10510  -12.448  -75.102  -5.676 0.0000000000
10524  -12.235  -75.211  -6.562 0.0000000000
146220  -12.193  -74.351  -7.490 0.0000000000
139920  -11.831  -73.875  -8.181 0.0000000000
8095  -10.072  -78.147  -8.337 0.0000000000
8096  -10.629  -77.684  -8.605 0.0000000000
8884  -11.079  -77.147  -7.965 0.0000000000
8896  -11.913  -76.397  -9.376 0.0000000000
8891  -11.756  -76.354  -8.466 0.0000000000
9706  -12.136  -75.458  -8.842 0.0000000000
140979  -12.119  -74.612  -9.110 0.0000000000
11415  -11.493  -73.330  -9.444 0.0000000000
12281  -11.092  -72.631  -9.595 0.0000000000
13178  -11.371  -71.906  -11.186 0.0000000000
13177  -10.979  -70.913  -11.438 0.0000000000
12308  -11.991  -71.906  -12.766 0.0000000000
13216  -11.442  -71.298  -13.122 0.0000000000
14126  -10.004  -70.410  -12.808 0.0000000000
13200  -9.144  -70.541  -12.869 0.0000000000
154911  -7.850  -71.325  -13.200 0.0000000000
12318  -6.721  -71.977  -13.454 0.0000000000
8958  -6.320  -76.062  -15.315 0.0000000000
8959  -7.292  -75.927  -15.326 0.0000000000
9768  -8.174  -75.874  -15.374 0.0000000000
9805  -8.263  -75.452  -17.890 0.0000000000
9806  -9.049  -75.512  -17.275 0.0000000000
150623  -8.943  -75.782  -15.367 0.0000000000
9792  -10.623  -75.241  -16.399 0.0000000000
10641  -11.175  -74.770  -17.066 0.0000000000
10642  -11.414  -73.844  -17.294 0.0000000000
11581  -8.184  -72.857  -22.777 0.0000000000
11564  -8.617  -73.018  -22.090 0.0000000000
11531  -9.601  -73.329  -20.145 0.0000000000
151644  -6.665  -72.625  -20.432 0.0000000000
12426  -7.514  -72.670  -20.398 0.0000000000
12413  -9.716  -73.131  -19.359 0.0000000000
12398  -9.877  -72.909  -18.613 0.0000000000
12382  -10.275  -72.801  -17.925 0.0000000000
12383  -10.907  -72.914  -17.309 0.0000000000
12366  -10.665  -72.436  -16.538 0.0000000000
12343  -9.610  -72.127  -16.148 0.0000000000
12342  -8.460  -72.212  -15.970 0.0000000000
152395  -6.086  -72.509  -17.094 0.0000000000
12362  -6.912  -72.393  -16.308 0.0000000000
13234  -8.197  -72.131  -15.290 0.0000000000
136480  -6.876  -72.378  -14.901 0.0000000000
12328  -6.304  -72.493  -14.053 0.0000000000
12317  -6.044  -72.350  -13.250 0.0000000000
12316  -5.166  -73.291  -13.301 0.0000000000
11454  -3.776  -73.993  -13.418 0.0000000000
11453  -2.065  -73.832  -13.199 0.0000000000
10597  -2.300  -74.681  -14.641 0.0000000000
11463  -1.535  -74.200  -13.981 0.0000000000
11452  -1.159  -73.465  -13.277 0.0000000000
139259  -0.550  -72.377  -13.610 0.0000000000
13222  -0.704  -71.966  -14.405 0.0000000000
14134  -1.560  -70.936  -14.780 0.0000000000
9814  -1.605  -74.126  -18.393 0.0000000000
10638  -1.449  -73.923  -17.787 0.0000000000
12376  -0.699  -73.025  -17.521 0.0000000000
13273  -0.745  -71.909  -19.025 0.0000000000
12377  -0.884  -72.120  -17.466 0.0000000000
147217  -1.013  -71.899  -16.798 0.0000000000
13249  -1.425  -71.409  -16.325 0.0000000000
14158  -1.835  -70.555  -16.569 0.0000000000
14142  -1.989  -70.225  -15.649 0.0000000000
138975  -1.673  -68.901  -16.321 0.0000000000
17036  -1.157  -68.066  -17.287 0.0000000000
18016  -0.651  -66.384  -18.046 0.0000000000
17057  -0.781  -67.598  -19.628 0.0000000000
18021  -0.485  -65.922  -18.890 0.0000000000
5262  -12.598  -81.484  -13.390 0.0000000000
5280  -12.926  -81.376  -14.221 0.0000000000
5295  -13.039  -81.398  -15.067 0.0000000000
5328  -13.011  -80.992  -16.807 0.0000000000
6028  -12.971  -80.035  -18.212 0.0000000000
143096  -13.578  -81.003  -17.335 0.0000000000
6046  -12.903  -79.536  -18.899 0.0000000000
6045  -12.229  -80.031  -19.200 0.0000000000
6063  -11.742  -79.856  -20.637 0.0000000000
6081  -11.411  -79.888  -22.448 0.0000000000
6097  -11.579  -80.295  -24.191 0.0000000000
146461  -14.304  -81.184  -20.705 0.0000000000
6074  -14.334  -79.679  -20.834 0.0000000000
7478  -13.840  -78.293  -22.152 0.0000000000
6778  -13.863  -78.767  -24.976 0.0000000000
7496  -13.473  -78.638  -24.012 0.0000000000
6768  -12.722  -78.732  -23.215 0.0000000000
142878  -12.648  -79.116  -24.120 0.0000000000
6776  -12.196  -79.794  -24.656 0.0000000000
139600  -11.606  -80.516  -25.042 0.0000000000
6114  -10.663  -81.150  -26.742 0.0000000000
153463  -10.661  -80.963  -27.932 0.0000000000
6148  -9.893  -80.945  -29.717 0.0000000000
6166  -11.274  -80.375  -29.813 0.0000000000
6165  -10.527  -80.614  -30.234 0.0000000000
6174  -9.551  -80.997  -31.347 0.0000000000
6189  -9.159  -81.072  -32.257 0.0000000000
130722  -9.201  -80.993  -33.196 0.0000000000
6220  -9.124  -80.994  -34.647 0.0000000000
4712  -14.993  -81.864  -26.896 0.0000000000
5438  -16.086  -81.198  -27.526 0.0000000000
5439  -16.493  -80.609  -27.607 0.0000000000
6168  -17.360  -80.211  -30.076 0.0000000000
6152  -17.278  -80.076  -29.165 0.0000000000
6139  -17.020  -79.821  -28.496 0.0000000000
142244  -16.638  -78.651  -29.744 0.0000000000
7582  -15.660  -78.531  -30.231 0.0000000000
134291  -15.022  -78.556  -31.154 0.0000000000
6910  -18.491  -78.818  -34.362 0.0000000000
8406  -18.174  -77.425  -33.480 0.0000000000
140263  -17.591  -77.241  -33.367 0.0000000000
9227  -16.540  -76.491  -35.505 0.0000000000
8404  -16.655  -77.385  -33.303 0.0000000000
8389  -16.793  -77.654  -32.418 0.0000000000
8388  -15.983  -77.824  -32.657 0.0000000000
152601  -14.813  -78.370  -32.394 0.0000000000
7595  -13.728  -78.955  -31.873 0.0000000000
7613  -13.140  -79.172  -32.209 0.0000000000
152509  -12.573  -79.215  -33.439 0.0000000000
6907  -11.506  -79.611  -34.215 0.0000000000
7668  -12.571  -78.589  -36.066 0.0000000000
7648  -11.868  -79.209  -35.271 0.0000000000
147906  -10.794  -79.953  -35.106 0.0000000000
148846  -9.907  -80.202  -35.909 0.0000000000
6920  -8.828  -80.182  -36.207 0.0000000000
136586  -8.680  -79.299  -37.087 0.0000000000
8462  -8.440  -77.886  -37.593 0.0000000000
9257  -10.047  -76.786  -37.348 0.0000000000
2016  -18.788  -87.809  -31.938 0.0000000000
2471  -18.623  -87.081  -32.175 0.0000000000
2470  -17.974  -86.161  -31.976 0.0000000000
143923  -17.398  -85.402  -31.741 0.0000000000
3001  -17.129  -85.083  -32.186 0.0000000000
3567  -17.252  -84.756  -33.663 0.0000000000
25037  -23.190  -58.991  -11.375 0.0000000000
23992  -22.743  -60.111  -11.275 0.0000000000
22985  -22.213  -60.998  -10.798 0.0000000000
22966  -20.660  -61.813  -10.548 0.0000000000
21915  -20.628  -62.181  -9.695 0.0000000000
21914  -19.406  -62.762  -9.408 0.0000000000
21883  -19.121  -62.853  -8.562 0.0000000000
20825  -18.388  -62.964  -8.452 0.0000000000
152558  -17.634  -63.140  -10.627 0.0000000000
20845  -17.840  -63.129  -9.280 0.0000000000
20799  -17.297  -63.057  -7.342 0.0000000000
134484  -16.983  -63.330  -6.714 0.0000000000
20779  -16.294  -63.516  -6.404 0.0000000000
18814  -15.866  -64.249  -5.873 0.0000000000
22981  -14.288  -61.430  -11.330 0.0000000000
20868  -14.552  -63.646  -10.677 0.0000000000
20843  -14.758  -63.999  -9.996 0.0000000000
20821  -13.793  -64.027  -8.996 0.0000000000
20823  -15.043  -63.414  -8.068 0.0000000000
20796  -14.709  -63.332  -7.037 0.0000000000
19770  -15.220  -63.569  -6.217 0.0000000000
18813  -15.412  -65.075  -5.783 0.0000000000
17849  -14.510  -66.535  -5.686 0.0000000000
134548  -14.120  -66.990  -5.404 0.0000000000
16908  -13.438  -67.695  -4.723 0.0000000000
17847  -13.011  -66.138  -4.679 0.0000000000
17842  -12.972  -67.005  -4.360 0.0000000000
15980  -13.352  -68.482  -4.492 0.0000000000
15968  -13.051  -68.955  -3.835 0.0000000000
14014  -12.829  -70.140  -2.959 0.0000000000
13996  -12.350  -70.486  -2.381 0.0000000000
21908  -9.482  -62.336  -10.183 0.0000000000
20839  -9.392  -63.350  -9.843 0.0000000000
19789  -10.014  -64.374  -8.043 0.0000000000
148333  -6.390  -63.287  -7.782 0.0000000000
20815  -6.717  -64.053  -8.603 0.0000000000
19786  -6.913  -65.068  -8.089 0.0000000000
19806  -7.191  -64.485  -8.575 0.0000000000
19788  -8.722  -64.621  -7.886 0.0000000000
19765  -9.221  -64.657  -6.982 0.0000000000
19766  -10.069  -64.361  -6.944 0.0000000000
19746  -10.301  -64.552  -6.006 0.0000000000
18791  -10.469  -65.662  -4.628 0.0000000000
17824  -10.853  -66.866  -3.401 0.0000000000
16896  -9.521  -67.122  -2.885 0.0000000000
142096  -10.282  -67.150  -3.019 0.0000000000
15952  -10.990  -68.160  -2.244 0.0000000000
14982  -11.610  -69.408  -2.016 0.0000000000
13995  -11.602  -70.388  -1.907 0.0000000000
13077  -11.572  -72.013  -1.810 0.0000000000
12166  -11.377  -72.950  -1.749 0.0000000000
147858  -10.828  -73.655  -1.735 0.0000000000
10466  -9.909  -75.080  -2.009 0.0000000000
11331  -9.280  -73.427  -2.399 0.0000000000
11351  -9.348  -74.216  -2.368 0.0000000000
9635  -9.451  -75.694  -2.442 0.0000000000
8032  -8.689  -77.195  -3.481 0.0000000000
8045  -8.443  -77.820  -4.197 0.0000000000
7282  -7.653  -78.411  -5.115 0.0000000000
14026  -6.717  -71.534  -3.944 0.0000000000
128411  -7.503  -73.217  -5.152 0.0000000000
148834  -7.685  -73.904  -5.124 0.0000000000
10523  -7.217  -74.592  -6.228 0.0000000000
9668  -7.349  -75.553  -5.567 0.0000000000
9656  -7.736  -75.482  -4.538 0.0000000000
8843  -7.316  -77.265  -4.812 0.0000000000
7281  -7.040  -78.558  -5.574 0.0000000000
6587  -7.738  -79.186  -6.497 0.0000000000
6595  -7.317  -79.533  -7.157 0.0000000000
154814  -7.232  -80.158  -8.602 0.0000000000
6610  -7.535  -80.120  -9.370 0.0000000000
6601  -5.926  -80.170  -8.580 0.0000000000
5920  -6.702  -80.601  -9.567 0.0000000000
6629  -7.663  -79.902  -11.387 0.0000000000
6628  -7.130  -80.158  -12.226 0.0000000000
6645  -6.727  -79.972  -12.905 0.0000000000
6644  -6.328  -79.387  -13.483 0.0000000000
15009  -1.983  -69.446  -4.274 0.0000000000
14034  -2.249  -70.899  -4.732 0.0000000000
13130  -2.921  -71.873  -5.939 0.0000000000
13129  -2.370  -72.276  -5.579 0.0000000000
12247  -2.585  -72.623  -7.137 0.0000000000
12248  -3.609  -72.500  -7.343 0.0000000000
11407  -3.521  -73.246  -8.533 0.0000000000
9704  -4.851  -75.337  -10.027 0.0000000000
10538  -0.549  -74.596  -8.491 0.0000000000
10558  -1.178  -74.388  -10.286 0.0000000000
9715  -1.669  -74.558  -11.200 0.0000000000
9742  -2.062  -75.447  -12.748 0.0000000000
9728  -2.203  -75.037  -12.004 0.0000000000
9716  -2.788  -74.689  -11.275 0.0000000000
132927  -3.740  -75.185  -10.973 0.0000000000
8919  -4.429  -76.363  -11.114 0.0000000000
8903  -4.842  -76.399  -10.483 0.0000000000
141825  -4.723  -78.135  -10.562 0.0000000000
6627  -4.362  -79.723  -10.888 0.0000000000
5938  -4.328  -80.623  -11.127 0.0000000000
5240  -3.965  -81.719  -12.314 0.0000000000
5251  -4.649  -82.032  -12.179 0.0000000000
5242  -5.365  -81.791  -11.717 0.0000000000
147964  -6.075  -81.266  -12.943 0.0000000000
144008  -5.914  -80.165  -13.740 0.0000000000
7370  -5.301  -78.499  -14.478 0.0000000000
7385  -4.605  -77.922  -15.034 0.0000000000
7414  -2.869  -77.872  -17.410 0.0000000000
154695  -3.039  -78.860  -17.017 0.0000000000
8198  -2.838  -77.449  -18.518 0.0000000000
7446  -3.103  -78.365  -19.722 0.0000000000
7447  -4.404  -79.288  -19.967 0.0000000000
142646  -5.045  -79.682  -19.344 0.0000000000
142402  -2.081  -82.107  -18.161 0.0000000000
5335  -1.836  -81.868  -19.144 0.0000000000
5348  -1.949  -81.197  -20.025 0.0000000000
3999  -2.629  -83.116  -20.300 0.0000000000
4614  -3.174  -82.239  -20.365 0.0000000000
5362  -3.176  -81.157  -20.315 0.0000000000
5350  -4.462  -81.043  -19.614 0.0000000000
6041  -4.882  -80.562  -19.223 0.0000000000
6699  -5.960  -79.954  -17.889 0.0000000000
6012  -6.353  -80.338  -17.260 0.0000000000
5998  -6.780  -80.701  -16.633 0.0000000000
5983  -7.853  -80.297  -15.377 0.0000000000
4588  -6.611  -82.402  -16.747 0.0000000000
4574  -7.649  -82.062  -15.488 0.0000000000
5969  -8.340  -80.565  -14.799 0.0000000000
149980  -8.703  -80.877  -14.322 0.0000000000
5259  -10.103  -81.319  -13.163 0.0000000000
4545  -10.838  -81.920  -12.703 0.0000000000
148983  -1.756  -81.096  -8.951 0.0000000000
128586  -1.357  -82.035  -8.124 0.0000000000
5219  -1.177  -81.408  -9.345 0.0000000000
4511  -0.845  -82.511  -10.388 0.0000000000
3905  -1.175  -83.380  -11.910 0.0000000000
3914  -1.263  -83.634  -12.712 0.0000000000
3336  -1.872  -84.045  -11.397 0.0000000000
3343  -1.852  -84.131  -12.935 0.0000000000
3376  -1.892  -84.668  -14.203 0.0000000000
2808  -2.142  -85.544  -15.360 0.0000000000
2305  -2.555  -86.238  -16.108 0.0000000000
2306  -2.841  -86.400  -16.331 0.0000000000
1829  -4.063  -87.513  -9.653 0.0000000000
1838  -3.737  -87.671  -10.419 0.0000000000
1549  -3.415  -88.140  -12.222 0.0000000000
1231  -3.857  -89.475  -11.055 0.0000000000
1243  -3.567  -88.794  -12.491 0.0000000000
1559  -3.392  -87.852  -12.919 0.0000000000
1591  -3.689  -87.571  -14.796 0.0000000000
1891  -4.215  -87.304  -15.447 0.0000000000
2307  -4.437  -86.381  -16.439 0.0000000000
2308  -5.298  -86.029  -16.115 0.0000000000
2810  -6.439  -85.593  -15.236 0.0000000000
3378  -7.521  -84.752  -14.562 0.0000000000
2787  -7.492  -85.734  -13.390 0.0000000000
3361  -7.806  -85.010  -13.817 0.0000000000
3379  -8.148  -84.164  -14.134 0.0000000000
3930  -9.332  -83.286  -13.020 0.0000000000
3931  -10.334  -82.950  -12.587 0.0000000000
4546  -11.952  -81.892  -12.634 0.0000000000
4531  -12.263  -82.873  -12.540 0.0000000000
3945  -13.069  -83.724  -13.397 0.0000000000
3946  -13.516  -83.530  -14.220 0.0000000000
3380  -13.091  -84.572  -14.089 0.0000000000
3395  -13.573  -84.148  -14.933 0.0000000000
3409  -13.761  -84.245  -16.456 0.0000000000
134893  -13.435  -84.740  -17.125 0.0000000000
3421  -13.197  -84.735  -17.897 0.0000000000
1573  -9.473  -88.709  -12.593 0.0000000000
138899  -9.757  -88.517  -13.665 0.0000000000
1879  -10.408  -87.980  -14.424 0.0000000000
1894  -10.734  -87.685  -15.461 0.0000000000
2296  -11.416  -87.042  -15.321 0.0000000000
140234  -12.050  -86.214  -16.875 0.0000000000
2839  -12.574  -85.267  -18.176 0.0000000000
152441  -12.832  -84.928  -18.418 0.0000000000
3436  -12.840  -84.364  -19.524 0.0000000000
3440  -12.300  -84.591  -20.335 0.0000000000
3448  -12.409  -84.240  -21.071 0.0000000000
2851  -10.721  -85.678  -19.670 0.0000000000
3439  -11.791  -84.795  -20.963 0.0000000000
145174  -11.944  -84.528  -21.685 0.0000000000
3460  -12.081  -84.226  -22.323 0.0000000000
3471  -11.763  -84.216  -23.113 0.0000000000
4036  -11.755  -83.935  -24.099 0.0000000000
124  -5.674  -94.938  -10.017 0.0000000000
238  -4.885  -94.121  -11.688 0.0000000000
138  -5.454  -95.074  -12.123 0.0000000000
243  -4.717  -93.875  -12.555 0.0000000000
398  -4.745  -93.001  -12.744 0.0000000000
648  -5.365  -91.309  -14.371 0.0000000000
954  -6.042  -90.509  -15.446 0.0000000000
1288  -6.336  -89.528  -16.532 0.0000000000
442  -4.858  -91.934  -16.825 0.0000000000
971  -4.724  -90.223  -18.372 0.0000000000
967  -4.954  -90.314  -17.710 0.0000000000
130118  -5.042  -91.316  -16.515 0.0000000000
961  -5.435  -90.390  -16.692 0.0000000000
1297  -5.894  -88.937  -17.232 0.0000000000
1606  -6.522  -88.396  -17.363 0.0000000000
1922  -7.271  -87.251  -18.228 0.0000000000
2334  -7.592  -86.075  -19.534 0.0000000000
2346  -8.471  -85.709  -20.126 0.0000000000
2855  -6.759  -85.490  -20.956 0.0000000000
2857  -8.384  -85.504  -20.965 0.0000000000
2875  -9.620  -85.541  -21.630 0.0000000000
142434  -10.374  -85.237  -22.690 0.0000000000
3470  -11.056  -84.464  -23.797 0.0000000000
4049  -11.933  -83.728  -24.944 0.0000000000
4059  -12.195  -83.548  -25.631 0.0000000000
147338  -11.434  -83.880  -25.753 0.0000000000
3508  -11.264  -83.971  -26.983 0.0000000000
141951  -9.243  -84.938  -25.081 0.0000000000
3496  -10.114  -84.556  -26.165 0.0000000000
3517  -11.518  -83.990  -28.032 0.0000000000
3516  -10.804  -84.485  -27.989 0.0000000000
3535  -11.338  -84.734  -29.618 0.0000000000
2982  -11.586  -84.995  -30.448 0.0000000000
1975  -7.247  -87.083  -24.292 0.0000000000
2414  -7.221  -87.169  -25.655 0.0000000000
2416  -7.857  -86.464  -26.580 0.0000000000
1672  -7.071  -88.043  -27.024 0.0000000000
2427  -7.463  -87.130  -27.024 0.0000000000
2429  -9.080  -86.305  -27.993 0.0000000000
2970  -9.726  -85.883  -28.489 0.0000000000
2980  -10.752  -85.725  -29.201 0.0000000000
155300  -11.494  -85.291  -29.901 0.0000000000
2451  -12.292  -85.563  -30.666 0.0000000000
2458  -13.276  -86.199  -30.577 0.0000000000
2453  -13.626  -86.900  -30.213 0.0000000000
2005  -12.482  -87.668  -29.657 0.0000000000
2010  -15.089  -87.660  -30.662 0.0000000000
1698  -15.756  -88.401  -30.832 0.0000000000
1404  -16.542  -88.866  -31.124 0.0000000000
1405  -16.628  -89.589  -30.562 0.0000000000
496  -9.267  -92.364  -24.670 0.0000000000
1027  -9.461  -91.191  -25.171 0.0000000000
1028  -9.890  -91.115  -25.105 0.0000000000
1368  -9.654  -90.566  -25.487 0.0000000000
1036  -9.761  -89.913  -26.199 0.0000000000
130932  -11.113  -90.411  -27.880 0.0000000000
1054  -11.735  -90.702  -28.443 0.0000000000
148357  -13.459  -91.051  -29.304 0.0000000000
744  -13.883  -91.410  -27.842 0.0000000000
752  -13.575  -91.376  -28.536 0.0000000000
1061  -14.832  -90.650  -29.760 0.0000000000
1062  -15.658  -90.806  -29.614 0.0000000000
1401  -16.306  -90.294  -30.017 0.0000000000
1069  -17.971  -89.877  -30.238 0.0000000000
1065  -18.409  -90.297  -29.683 0.0000000000
1057  -18.818  -90.713  -29.104 0.0000000000
1058  -19.612  -90.404  -29.007 0.0000000000
749  -18.696  -91.872  -27.654 0.0000000000
750  -19.550  -91.432  -27.805 0.0000000000
1049  -20.010  -90.821  -28.295 0.0000000000
129330  -30.645  -53.937  -9.075 0.0000000000
149232  -30.553  -53.517  -9.649 0.0000000000
22923  -22.204  -62.151  -7.851 0.0000000000
21867  -23.190  -62.467  -7.591 0.0000000000
21868  -23.979  -62.422  -7.604 0.0000000000
20826  -23.823  -63.828  -8.354 0.0000000000
20806  -24.327  -63.149  -8.117 0.0000000000
21887  -24.876  -62.492  -7.880 0.0000000000
21888  -25.813  -62.442  -8.479 0.0000000000
22969  -26.651  -62.024  -8.939 0.0000000000
22970  -27.256  -61.538  -9.580 0.0000000000
18916  -23.072  -65.301  -12.069 0.0000000000
19853  -24.023  -64.780  -11.499 0.0000000000
19854  -24.652  -64.158  -11.523 0.0000000000
20906  -24.945  -63.251  -12.460 0.0000000000
20887  -25.227  -63.500  -11.571 0.0000000000
21946  -26.473  -62.412  -10.357 0.0000000000
22986  -26.961  -61.807  -10.387 0.0000000000
23975  -27.708  -60.875  -9.938 0.0000000000
25039  -28.364  -59.675  -10.033 0.0000000000
135279  -28.425  -59.067  -10.662 0.0000000000
26129  -28.847  -58.202  -10.540 0.0000000000
26135  -28.256  -58.517  -11.472 0.0000000000
27190  -29.118  -57.246  -10.571 0.0000000000
28211  -29.410  -56.366  -10.522 0.0000000000
29203  -29.707  -55.519  -10.487 0.0000000000
140414  -29.999  -54.807  -10.426 0.0000000000
147692  -30.312  -53.439  -10.273 0.0000000000
31107  -29.830  -53.262  -10.921 0.0000000000
31132  -29.316  -53.937  -11.288 0.0000000000
31131  -28.576  -53.698  -11.780 0.0000000000
29249  -27.614  -55.626  -12.399 0.0000000000
30210  -28.115  -54.287  -12.095 0.0000000000
31148  -27.867  -53.572  -12.183 0.0000000000
31147  -27.208  -53.623  -12.453 0.0000000000
31146  -26.518  -53.706  -12.677 0.0000000000
31171  -25.740  -53.785  -12.956 0.0000000000
26163  -24.265  -58.871  -13.755 0.0000000000
135554  -23.910  -58.034  -13.734 0.0000000000
134224  -22.359  -57.664  -13.842 0.0000000000
27227  -23.636  -57.267  -13.683 0.0000000000
151260  -24.698  -56.159  -13.574 0.0000000000
142376  -24.786  -55.372  -13.520 0.0000000000
30226  -24.491  -54.474  -13.468 0.0000000000
31170  -24.939  -53.758  -13.261 0.0000000000
31169  -24.060  -53.607  -13.429 0.0000000000
137481  -23.447  -53.152  -13.450 0.0000000000
31167  -22.326  -53.544  -13.534 0.0000000000
30223  -21.619  -54.669  -13.527 0.0000000000
30222  -20.999  -54.089  -13.473 0.0000000000
31166  -21.415  -53.252  -13.531 0.0000000000
142412  -20.748  -52.804  -13.486 0.0000000000
140310  -20.007  -52.838  -13.397 0.0000000000
142454  -18.437  -53.090  -12.911 0.0000000000
150612  -13.707  -72.808  -3.308 0.0000000000
12200  -14.179  -72.404  -3.675 0.0000000000
12223  -15.390  -72.363  -5.332 0.0000000000
11390  -14.267  -73.487  -5.908 0.0000000000
12240  -14.967  -73.022  -5.977 0.0000000000
12241  -15.673  -72.359  -6.200 0.0000000000
12255  -15.795  -72.438  -8.120 0.0000000000
12272  -15.542  -72.410  -9.551 0.0000000000
13164  -15.669  -72.011  -11.048 0.0000000000
13137  -11.337  -71.351  -7.624 0.0000000000
13138  -12.145  -71.730  -7.434 0.0000000000
13152  -12.960  -70.888  -8.497 0.0000000000
14062  -12.481  -70.107  -8.935 0.0000000000
14063  -13.210  -70.661  -9.636 0.0000000000
13153  -13.686  -71.498  -9.292 0.0000000000
13162  -13.895  -71.290  -10.285 0.0000000000
13179  -15.005  -71.559  -11.592 0.0000000000
13180  -15.383  -71.197  -12.236 0.0000000000
14116  -14.948  -70.593  -12.686 0.0000000000
15097  -15.009  -69.574  -13.702 0.0000000000
17005  -14.554  -68.086  -13.880 0.0000000000
143477  -13.321  -68.250  -12.729 0.0000000000
17004  -13.981  -67.443  -13.625 0.0000000000
143540  -14.687  -67.265  -14.143 0.0000000000
17967  -14.954  -66.460  -14.294 0.0000000000
18923  -14.306  -65.794  -14.057 0.0000000000
136986  -14.262  -64.236  -14.027 0.0000000000
13174  -6.052  -71.072  -12.390 0.0000000000
15073  -6.462  -69.955  -12.207 0.0000000000
15055  -6.847  -68.928  -11.664 0.0000000000
16044  -5.073  -68.719  -12.305 0.0000000000
16045  -6.094  -68.616  -12.215 0.0000000000
16956  -6.808  -68.145  -11.808 0.0000000000
16957  -7.474  -67.994  -10.898 0.0000000000
17936  -7.671  -67.240  -11.338 0.0000000000
129625  -7.986  -66.439  -11.737 0.0000000000
19804  -3.837  -64.798  -8.637 0.0000000000
19819  -4.297  -64.694  -9.638 0.0000000000
19836  -4.754  -64.654  -10.481 0.0000000000
133295  -4.865  -63.191  -10.521 0.0000000000
20866  -5.065  -63.940  -10.826 0.0000000000
19849  -5.331  -64.677  -11.170 0.0000000000
130467  -6.810  -65.280  -12.083 0.0000000000
18903  -8.152  -65.608  -12.133 0.0000000000
17937  -8.855  -66.305  -11.785 0.0000000000
18904  -9.588  -65.756  -12.229 0.0000000000
18910  -10.213  -65.210  -12.585 0.0000000000
150383  -10.879  -64.593  -12.999 0.0000000000
20901  -9.706  -63.691  -12.967 0.0000000000
145070  -10.415  -63.712  -13.143 0.0000000000
142149  -11.658  -64.423  -13.207 0.0000000000
154962  -12.784  -64.305  -13.541 0.0000000000
19887  -13.467  -64.269  -13.770 0.0000000000
20922  -14.673  -63.496  -14.095 0.0000000000
137129  -14.205  -62.764  -13.923 0.0000000000
131952  -14.464  -62.003  -13.908 0.0000000000
146702  -14.631  -61.341  -13.836 0.0000000000
24026  -12.375  -60.989  -13.593 0.0000000000
24027  -13.376  -60.810  -13.613 0.0000000000
143531  -15.045  -60.260  -13.737 0.0000000000
25068  -15.330  -59.580  -13.705 0.0000000000
25069  -16.303  -59.472  -13.881 0.0000000000
26155  -16.482  -58.555  -13.634 0.0000000000
25045  -8.926  -59.063  -11.866 0.0000000000
26140  -10.593  -58.831  -12.408 0.0000000000
138296  -11.479  -58.777  -12.649 0.0000000000
27185  -10.601  -57.407  -11.361 0.0000000000
149068  -11.190  -57.939  -12.059 0.0000000000
26142  -13.007  -58.163  -12.750 0.0000000000
148955  -14.392  -58.067  -13.170 0.0000000000
26144  -15.087  -57.966  -13.306 0.0000000000
27221  -16.770  -57.711  -13.418 0.0000000000
27203  -17.200  -56.912  -13.169 0.0000000000
134635  -16.933  -56.102  -12.683 0.0000000000
29245  -17.335  -55.492  -12.479 0.0000000000
28228  -15.255  -55.581  -12.166 0.0000000000
29223  -16.795  -55.040  -12.201 0.0000000000
30205  -17.553  -54.907  -12.353 0.0000000000
136088  -17.808  -54.288  -12.433 0.0000000000
139662  -17.795  -52.999  -12.750 0.0000000000
32050  -16.611  -52.168  -12.699 0.0000000000
32049  -15.953  -52.145  -12.508 0.0000000000
32991  -15.503  -51.544  -12.318 0.0000000000
31128  -13.955  -53.580  -11.458 0.0000000000
32033  -13.669  -52.701  -11.537 0.0000000000
32972  -14.028  -51.734  -11.670 0.0000000000
33897  -13.743  -50.832  -11.270 0.0000000000
33885  -12.940  -50.920  -10.872 0.0000000000
33884  -12.233  -50.676  -10.477 0.0000000000
31057  -10.250  -54.430  -7.859 0.0000000000
31086  -10.134  -53.414  -8.934 0.0000000000
135568  -10.355  -52.992  -9.628 0.0000000000
32008  -8.958  -52.145  -9.017 0.0000000000
32009  -9.711  -52.600  -9.407 0.0000000000
148497  -10.322  -52.148  -9.974 0.0000000000
140634  -10.834  -51.335  -10.214 0.0000000000
33883  -11.432  -50.591  -10.310 0.0000000000
140745  -12.051  -49.905  -10.312 0.0000000000
5294  -12.350  -81.192  -15.415 0.0000000000
4590  -11.161  -81.782  -16.480 0.0000000000
4600  -10.537  -82.254  -16.994 0.0000000000
141658  -10.720  -82.696  -19.221 0.0000000000
4618  -10.595  -82.878  -18.446 0.0000000000
4607  -9.566  -82.957  -17.892 0.0000000000
5338  -8.871  -82.608  -18.365 0.0000000000
4628  -7.541  -82.568  -19.674 0.0000000000
5365  -6.882  -81.889  -19.981 0.0000000000
5405  -9.615  -82.022  -24.531 0.0000000000
5395  -8.898  -82.457  -23.946 0.0000000000
4654  -8.490  -83.187  -22.402 0.0000000000
129690  -6.853  -83.052  -24.841 0.0000000000
4667  -7.098  -83.391  -23.225 0.0000000000
4026  -7.890  -83.470  -21.554 0.0000000000
4024  -6.709  -83.332  -21.017 0.0000000000
4638  -6.218  -82.898  -20.927 0.0000000000
6070  -6.045  -81.127  -21.038 0.0000000000
6087  -5.556  -80.379  -22.477 0.0000000000
6094  -4.505  -79.985  -24.134 0.0000000000
6773  -4.043  -79.974  -24.833 0.0000000000
6092  -3.030  -81.259  -24.415 0.0000000000
134538  -3.307  -80.647  -24.956 0.0000000000
6795  -4.290  -79.435  -26.533 0.0000000000
6807  -4.123  -79.043  -27.551 0.0000000000
7551  -3.018  -77.970  -28.718 0.0000000000
8325  -1.949  -78.408  -28.135 0.0000000000
145324  -6.401  -81.396  -34.562 0.0000000000
130075  -5.426  -81.790  -33.595 0.0000000000
5499  -4.823  -81.943  -32.768 0.0000000000
5527  -3.256  -81.284  -34.655 0.0000000000
5514  -3.511  -81.672  -33.621 0.0000000000
4781  -4.322  -82.026  -32.035 0.0000000000
153334  -3.909  -82.163  -31.469 0.0000000000
4761  -3.183  -82.112  -31.282 0.0000000000
4745  -1.813  -82.526  -30.451 0.0000000000
7659  0.216  -78.280  -35.039 0.0000000000
6902  -0.348  -79.551  -34.435 0.0000000000
9205  0.439  -76.983  -34.016 0.0000000000
6887  0.186  -79.146  -33.136 0.0000000000
6200  -0.725  -80.394  -33.140 0.0000000000
5495  -0.929  -80.961  -31.811 0.0000000000
4759  -1.501  -81.952  -30.907 0.0000000000
4736  -1.415  -82.872  -29.796 0.0000000000
4735  -0.970  -82.673  -29.361 0.0000000000
4716  -0.861  -81.920  -28.355 0.0000000000
5431  -1.343  -80.748  -28.600 0.0000000000
6834  0.032  -79.426  -29.255 0.0000000000
6132  -0.832  -80.047  -29.061 0.0000000000
155271  -1.068  -79.602  -28.549 0.0000000000
6133  -1.797  -79.645  -28.594 0.0000000000
7531  -1.290  -79.202  -27.609 0.0000000000
8304  -1.085  -78.607  -25.954 0.0000000000
8290  -0.387  -77.639  -25.333 0.0000000000
139150  -0.248  -76.931  -25.232 0.0000000000
10745  -0.556  -74.976  -24.977 0.0000000000
135653  -0.311  -74.857  -26.859 0.0000000000
10757  -0.473  -74.044  -26.348 0.0000000000
11619  -0.505  -73.085  -25.205 0.0000000000
137295  -0.371  -71.891  -24.428 0.0000000000
137519  -0.279  -70.945  -24.223 0.0000000000
14216  -0.147  -69.832  -24.047 0.0000000000
12531  -2.266  -73.002  -29.417 0.0000000000
12530  -1.183  -72.062  -29.944 0.0000000000
13363  -0.688  -70.469  -29.091 0.0000000000
14321  -1.195  -69.655  -29.039 0.0000000000
14294  -0.405  -70.080  -28.326 0.0000000000
15268  0.041  -69.016  -26.946 0.0000000000
15224  0.059  -69.068  -25.045 0.0000000000
15206  -0.153  -68.923  -23.667 0.0000000000
15  -6.194  -95.104  -9.020 0.0000000000
20  -6.029  -95.176  -9.710 0.0000000000
26  -5.892  -95.205  -10.478 0.0000000000
28  -7.074  -95.396  -9.824 0.0000000000
33  -5.694  -95.152  -11.274 0.0000000000
108  -6.525  -94.518  -7.356 0.0000000000
130  -5.461  -94.895  -10.679 0.0000000000
134  -4.941  -94.758  -12.316 0.0000000000
198  -6.307  -92.645  -5.623 0.0000000000
199  -6.642  -92.838  -5.447 0.0000000000
200  -7.112  -92.906  -5.244 0.0000000000
201  -7.577  -93.312  -5.836 0.0000000000
207  -7.390  -93.985  -6.474 0.0000000000
211  -6.070  -93.447  -6.793 0.0000000000
212  -6.338  -93.935  -6.839 0.0000000000
219  -5.843  -94.224  -8.347 0.0000000000
329  -7.269  -92.224  -4.845 0.0000000000
333  -5.893  -92.007  -5.564 0.0000000000
353  -5.785  -92.616  -7.665 0.0000000000
369  -5.533  -93.593  -10.045 0.0000000000
370  -6.226  -92.503  -9.795 0.0000000000
399  -5.081  -92.380  -12.454 0.0000000000
411  -4.795  -92.351  -13.350 0.0000000000
423  -4.630  -92.733  -14.194 0.0000000000
434  -4.620  -92.846  -15.609 0.0000000000
484  -8.587  -92.255  -23.983 0.0000000000
491  -9.165  -92.677  -24.285 0.0000000000
540  -6.045  -91.297  -4.833 0.0000000000
541  -6.399  -91.790  -4.845 0.0000000000
542  -6.783  -91.885  -4.694 0.0000000000
550  -5.431  -91.147  -5.578 0.0000000000
551  -5.939  -91.562  -5.081 0.0000000000
568  -4.821  -90.866  -6.918 0.0000000000
587  -6.905  -91.148  -9.184 0.0000000000
636  -5.250  -91.587  -13.608 0.0000000000
637  -5.851  -91.337  -13.038 0.0000000000
667  -4.980  -91.031  -17.244 0.0000000000
676  -4.875  -90.905  -17.952 0.0000000000
683  -4.986  -90.959  -18.810 0.0000000000
684  -5.530  -91.434  -19.481 0.0000000000
721  -8.309  -91.521  -24.721 0.0000000000
732  -9.166  -91.812  -24.989 0.0000000000
737  -9.281  -90.841  -25.319 0.0000000000
745  -14.711  -91.666  -27.652 0.0000000000
746  -15.432  -92.003  -27.124 0.0000000000
753  -14.301  -91.534  -28.385 0.0000000000
758  -19.214  -91.152  -28.458 0.0000000000
844  -5.026  -90.434  -5.635 0.0000000000
846  -5.986  -90.704  -4.833 0.0000000000
847  -6.910  -90.761  -4.685 0.0000000000
878  -4.630  -90.545  -8.304 0.0000000000
879  -5.488  -91.116  -8.229 0.0000000000
880  -6.194  -91.654  -8.469 0.0000000000
899  -4.019  -89.799  -9.456 0.0000000000
900  -4.372  -89.893  -9.675 0.0000000000
901  -4.824  -89.948  -9.755 0.0000000000
903  -8.200  -89.607  -10.235 0.0000000000
912  -8.349  -89.814  -10.915 0.0000000000
952  -5.250  -90.945  -16.398 0.0000000000
960  -5.164  -90.516  -17.086 0.0000000000
968  -5.024  -89.927  -17.607 0.0000000000
974  -5.126  -90.523  -19.634 0.0000000000
986  -5.727  -90.011  -20.712 0.0000000000
1005  -7.305  -90.077  -24.172 0.0000000000
1025  -8.144  -90.846  -25.508 0.0000000000
1026  -8.783  -90.907  -25.444 0.0000000000
1052  -10.004  -90.087  -26.947 0.0000000000
1053  -10.457  -90.269  -27.696 0.0000000000
1056  -13.083  -91.231  -28.006 0.0000000000
1066  -19.281  -89.909  -29.660 0.0000000000
1068  -17.102  -90.105  -30.148 0.0000000000
1070  -18.742  -89.550  -30.190 0.0000000000
1182  -4.061  -89.528  -6.899 0.0000000000
1185  -6.478  -89.327  -5.694 0.0000000000
1196  -3.868  -89.167  -7.372 0.0000000000
1203  -3.802  -89.358  -8.015 0.0000000000
1217  -3.534  -89.027  -10.920 0.0000000000
1219  -4.232  -89.681  -10.564 0.0000000000
1221  -6.745  -89.515  -9.582 0.0000000000
1230  -3.555  -88.961  -11.668 0.0000000000
1232  -4.108  -89.529  -11.605 0.0000000000
1235  -9.138  -88.948  -11.715 0.0000000000
1244  -3.954  -89.276  -12.487 0.0000000000
1245  -4.233  -89.334  -12.433 0.0000000000
1253  -3.512  -88.317  -13.137 0.0000000000
1254  -3.801  -88.937  -13.104 0.0000000000
1257  -8.425  -89.342  -13.601 0.0000000000
1258  -8.834  -89.290  -12.685 0.0000000000
1267  -8.315  -89.158  -14.977 0.0000000000
1277  -5.930  -90.203  -16.245 0.0000000000
1286  -5.221  -89.868  -17.306 0.0000000000
1287  -5.620  -89.724  -16.945 0.0000000000
1294  -4.738  -89.707  -18.033 0.0000000000
1296  -5.191  -89.281  -17.526 0.0000000000
1303  -4.459  -89.501  -18.731 0.0000000000
1307  -4.314  -89.151  -19.423 0.0000000000
1311  -4.757  -89.288  -20.587 0.0000000000
1312  -5.188  -89.499  -20.866 0.0000000000
1328  -7.757  -89.364  -21.950 0.0000000000
1349  -6.340  -88.566  -22.801 0.0000000000
1367  -7.184  -89.584  -25.376 0.0000000000
1373  -7.228  -89.280  -25.850 0.0000000000
1381  -8.193  -89.799  -27.300 0.0000000000
1390  -9.562  -89.962  -28.337 0.0000000000
1396  -10.616  -89.761  -29.043 0.0000000000
1407  -18.932  -88.883  -30.686 0.0000000000
1411  -18.470  -88.656  -31.293 0.0000000000
1504  -4.038  -89.096  -6.774 0.0000000000
1505  -5.059  -88.465  -6.569 0.0000000000
1526  -3.944  -88.169  -7.821 0.0000000000
1533  -3.549  -88.827  -9.527 0.0000000000
1539  -3.492  -88.341  -11.388 0.0000000000
1541  -7.106  -88.699  -10.098 0.0000000000
1543  -8.657  -88.375  -10.657 0.0000000000
1551  -6.457  -88.296  -10.944 0.0000000000
1552  -7.305  -88.057  -10.592 0.0000000000
1558  -3.386  -87.092  -13.352 0.0000000000
1560  -4.430  -88.968  -13.075 0.0000000000
1567  -3.315  -86.674  -13.856 0.0000000000
1568  -3.438  -87.432  -13.632 0.0000000000
1569  -3.691  -88.281  -13.705 0.0000000000
1571  -5.160  -88.364  -13.054 0.0000000000
1579  -3.487  -87.357  -14.370 0.0000000000
1580  -3.917  -88.116  -14.271 0.0000000000
1581  -4.271  -88.270  -14.191 0.0000000000
1599  -8.814  -88.612  -16.490 0.0000000000
1604  -4.694  -88.985  -17.907 0.0000000000
1607  -7.324  -88.344  -17.275 0.0000000000
1615  -5.145  -87.877  -18.184 0.0000000000
1620  -4.154  -88.424  -19.699 0.0000000000
1623  -4.310  -88.279  -20.528 0.0000000000
1631  -4.549  -88.155  -21.296 0.0000000000
1637  -4.971  -88.261  -21.939 0.0000000000
1638  -5.642  -88.227  -22.404 0.0000000000
1647  -6.019  -87.789  -22.640 0.0000000000
1662  -7.078  -87.726  -24.583 0.0000000000
1663  -7.004  -88.555  -25.226 0.0000000000
1686  -8.804  -88.622  -28.504 0.0000000000
1691  -11.115  -88.904  -29.350 0.0000000000
1694  -13.842  -88.638  -30.118 0.0000000000
1696  -19.701  -88.740  -30.229 0.0000000000
1700  -19.203  -88.510  -30.814 0.0000000000
1702  -17.005  -88.592  -32.054 0.0000000000
1703  -17.641  -88.570  -32.164 0.0000000000
1705  -18.825  -88.245  -31.479 0.0000000000
1707  -17.816  -88.083  -32.698 0.0000000000
1805  -5.883  -88.024  -6.970 0.0000000000
1821  -4.451  -87.454  -8.696 0.0000000000
1837  -3.602  -87.632  -11.240 0.0000000000
1839  -4.266  -86.850  -10.747 0.0000000000
1846  -3.407  -86.445  -13.018 0.0000000000
1847  -3.512  -87.324  -12.196 0.0000000000
1849  -7.786  -87.540  -10.785 0.0000000000
1850  -8.579  -87.581  -10.787 0.0000000000
1852  -10.173  -86.561  -11.668 0.0000000000
1856  -3.305  -86.396  -13.628 0.0000000000
1865  -3.079  -86.129  -14.359 0.0000000000
1868  -6.622  -87.262  -12.415 0.0000000000
1869  -10.415  -87.874  -13.343 0.0000000000
1876  -3.187  -86.596  -14.875 0.0000000000
1877  -4.019  -87.868  -14.846 0.0000000000
1889  -3.328  -86.901  -15.044 0.0000000000
1890  -3.587  -87.197  -15.267 0.0000000000
1893  -10.083  -88.237  -15.303 0.0000000000
1903  -2.695  -86.277  -15.614 0.0000000000
1904  -2.959  -86.549  -15.645 0.0000000000
1905  -3.477  -86.821  -15.863 0.0000000000
1908  -10.608  -87.612  -16.407 0.0000000000
1911  -6.718  -87.765  -17.846 0.0000000000
1915  -10.344  -87.433  -17.208 0.0000000000
1919  -4.445  -87.544  -18.769 0.0000000000
1921  -6.391  -86.998  -18.477 0.0000000000
1927  -4.075  -87.181  -19.510 0.0000000000
1934  -3.991  -86.903  -20.204 0.0000000000
1945  -4.444  -87.365  -21.370 0.0000000000
1953  -4.883  -87.125  -21.923 0.0000000000
1969  -7.094  -87.349  -23.704 0.0000000000
1976  -7.224  -87.341  -25.010 0.0000000000
1998  -8.182  -87.973  -28.291 0.0000000000
2003  -10.159  -87.294  -29.028 0.0000000000
2004  -10.820  -87.586  -29.178 0.0000000000
2007  -14.227  -87.637  -30.290 0.0000000000
2008  -20.007  -88.195  -29.815 0.0000000000
2019  -17.827  -87.507  -33.162 0.0000000000
2021  -17.261  -87.377  -33.592 0.0000000000
2222  -5.241  -86.703  -9.119 0.0000000000
2223  -5.926  -86.395  -8.911 0.0000000000
2224  -6.830  -86.056  -8.879 0.0000000000
2235  -6.443  -85.622  -9.411 0.0000000000
2254  -8.759  -86.783  -11.096 0.0000000000
2255  -9.469  -86.593  -11.331 0.0000000000
2256  -10.199  -85.768  -11.690 0.0000000000
2260  -3.157  -85.556  -13.483 0.0000000000
2262  -8.119  -86.335  -11.647 0.0000000000
2264  -11.365  -85.913  -12.552 0.0000000000
2271  -6.457  -86.974  -13.416 0.0000000000
2273  -11.214  -86.638  -12.927 0.0000000000
2283  -2.643  -85.780  -14.579 0.0000000000
2284  -5.746  -86.904  -14.709 0.0000000000
2287  -11.702  -86.676  -14.493 0.0000000000
2293  -2.473  -86.098  -15.716 0.0000000000
2294  -4.825  -86.663  -15.779 0.0000000000
2295  -5.724  -86.313  -15.381 0.0000000000
2310  -11.152  -86.980  -16.829 0.0000000000
2316  -2.310  -85.919  -16.577 0.0000000000
2318  -2.945  -86.201  -17.085 0.0000000000
2320  -10.011  -87.077  -17.904 0.0000000000
2325  -7.335  -86.704  -18.767 0.0000000000
2332  -5.467  -86.184  -19.762 0.0000000000
2337  -10.234  -86.075  -19.132 0.0000000000
2341  -4.016  -87.001  -20.805 0.0000000000
2342  -4.280  -86.430  -20.686 0.0000000000
2344  -6.573  -85.801  -20.081 0.0000000000
2358  -4.800  -85.928  -21.190 0.0000000000
2366  -5.450  -86.223  -22.208 0.0000000000
2376  -5.356  -86.702  -22.118 0.0000000000
2378  -6.614  -86.263  -23.041 0.0000000000
2392  -7.490  -86.242  -24.827 0.0000000000
2404  -8.142  -85.879  -26.022 0.0000000000
2415  -7.352  -86.952  -26.328 0.0000000000
2428  -8.250  -86.570  -27.453 0.0000000000
2440  -8.531  -87.039  -28.270 0.0000000000
2448  -9.908  -86.635  -28.915 0.0000000000
2449  -10.514  -86.441  -29.143 0.0000000000
2452  -12.804  -86.489  -29.882 0.0000000000
2459  -14.209  -86.833  -30.798 0.0000000000
2468  -14.276  -86.418  -31.753 0.0000000000
2482  -17.223  -86.684  -33.860 0.0000000000
2484  -17.044  -85.985  -34.344 0.0000000000
2733  -2.267  -84.912  -7.599 0.0000000000
2740  -2.123  -84.741  -9.322 0.0000000000
2748  -2.184  -84.484  -10.322 0.0000000000
2750  -5.682  -84.790  -10.579 0.0000000000
2759  -2.894  -84.541  -11.375 0.0000000000
2761  -5.115  -85.007  -11.189 0.0000000000
2767  -2.615  -84.430  -12.205 0.0000000000
2769  -3.644  -85.074  -11.971 0.0000000000
2771  -9.464  -85.906  -11.517 0.0000000000
2777  -9.592  -85.235  -11.802 0.0000000000
2786  -6.849  -86.314  -13.833 0.0000000000
2789  -12.411  -85.329  -13.665 0.0000000000
2796  -2.232  -85.348  -14.676 0.0000000000
2799  -12.725  -85.387  -14.494 0.0000000000
2809  -5.943  -85.654  -15.828 0.0000000000
2811  -12.025  -86.440  -15.247 0.0000000000
2812  -12.598  -85.778  -15.175 0.0000000000
2822  -1.933  -85.227  -16.568 0.0000000000
2825  -6.374  -84.917  -15.896 0.0000000000
2834  -2.529  -85.722  -17.599 0.0000000000
2836  -4.650  -85.424  -17.365 0.0000000000
2838  -12.059  -85.808  -17.868 0.0000000000
2842  -2.184  -85.259  -18.104 0.0000000000
2845  -4.225  -84.746  -18.452 0.0000000000
2847  -12.457  -85.065  -18.926 0.0000000000
2850  -9.924  -85.758  -19.865 0.0000000000
2852  -11.558  -85.482  -19.304 0.0000000000
2856  -7.606  -85.437  -21.149 0.0000000000
2860  -11.694  -85.086  -20.297 0.0000000000
2872  -6.154  -85.538  -21.649 0.0000000000
2885  -5.733  -85.815  -22.228 0.0000000000
2888  -8.592  -85.526  -22.376 0.0000000000
2890  -10.119  -85.466  -22.066 0.0000000000
2891  -10.803  -85.168  -22.174 0.0000000000
2901  -6.362  -85.918  -22.876 0.0000000000
2906  -10.233  -84.957  -23.497 0.0000000000
2920  -7.270  -86.011  -24.228 0.0000000000
2953  -9.700  -85.007  -27.018 0.0000000000
2963  -8.858  -85.927  -27.329 0.0000000000
2972  -10.961  -85.210  -29.134 0.0000000000
2981  -11.276  -85.275  -29.641 0.0000000000
2990  -17.111  -84.872  -31.236 0.0000000000
2991  -17.584  -85.444  -30.831 0.0000000000
3002  -17.694  -85.869  -32.747 0.0000000000
3008  -12.918  -85.048  -32.705 0.0000000000
3010  -17.373  -85.397  -33.258 0.0000000000
3027  -16.491  -85.529  -34.831 0.0000000000
3029  -15.550  -85.060  -35.280 0.0000000000
3303  -2.577  -84.619  -9.558 0.0000000000
3315  -5.402  -83.700  -10.037 0.0000000000
3327  -4.614  -84.584  -11.148 0.0000000000
3344  -8.943  -84.843  -12.410 0.0000000000
3347  -11.976  -84.291  -12.465 0.0000000000
3359  -1.378  -84.016  -13.594 0.0000000000
3360  -2.020  -84.568  -13.596 0.0000000000
3362  -8.448  -84.528  -13.230 0.0000000000
3377  -7.013  -84.888  -15.176 0.0000000000
3405  -1.812  -84.958  -15.826 0.0000000000
3406  -5.971  -84.554  -16.689 0.0000000000
3408  -13.255  -85.083  -16.498 0.0000000000
3425  -2.142  -84.740  -18.890 0.0000000000
3428  -13.086  -84.504  -18.643 0.0000000000
3431  -1.599  -83.686  -19.372 0.0000000000
3433  -2.515  -84.359  -19.698 0.0000000000
3434  -3.347  -84.347  -19.564 0.0000000000
3483  -10.453  -84.539  -24.463 0.0000000000
3509  -11.987  -83.610  -27.277 0.0000000000
3525  -10.678  -85.021  -28.612 0.0000000000
3526  -11.135  -84.569  -28.798 0.0000000000
3527  -11.736  -83.902  -29.016 0.0000000000
3542  -11.979  -84.327  -30.852 0.0000000000
3552  -12.715  -84.424  -32.268 0.0000000000
3559  -17.126  -84.567  -32.664 0.0000000000
3572  -13.541  -84.085  -34.166 0.0000000000
3577  -14.579  -84.413  -35.468 0.0000000000
3579  -17.090  -84.459  -35.682 0.0000000000
3865  -1.383  -83.648  -8.407 0.0000000000
3882  -1.240  -83.447  -9.280 0.0000000000
3896  -1.033  -83.168  -11.049 0.0000000000
3897  -1.460  -83.774  -10.659 0.0000000000
3906  -1.438  -83.651  -11.375 0.0000000000
3916  -10.841  -83.630  -12.240 0.0000000000
3917  -11.701  -83.619  -12.338 0.0000000000
3928  -0.910  -83.369  -13.297 0.0000000000
3929  -8.670  -83.349  -13.827 0.0000000000
3932  -13.321  -82.834  -13.622 0.0000000000
3955  -0.695  -83.186  -15.756 0.0000000000
3958  -8.174  -82.383  -14.784 0.0000000000
3968  -6.143  -83.723  -16.955 0.0000000000
3979  -0.952  -83.385  -17.960 0.0000000000
3980  -5.705  -83.390  -17.697 0.0000000000
3982  -14.161  -82.664  -17.097 0.0000000000
3987  -9.067  -83.143  -18.623 0.0000000000
3988  -9.828  -83.150  -18.442 0.0000000000
3989  -13.974  -83.164  -17.929 0.0000000000
3991  -1.749  -83.572  -19.884 0.0000000000
3992  -2.192  -83.755  -20.105 0.0000000000
3993  -2.980  -83.837  -20.168 0.0000000000
3998  -1.940  -83.087  -20.174 0.0000000000
4000  -6.819  -83.125  -20.617 0.0000000000
4002  -7.881  -83.343  -20.236 0.0000000000
4003  -8.654  -83.362  -19.930 0.0000000000
4004  -12.951  -83.812  -20.405 0.0000000000
4005  -13.469  -83.101  -20.072 0.0000000000
4011  -7.372  -83.402  -20.800 0.0000000000
4013  -9.133  -83.331  -20.746 0.0000000000
4025  -7.106  -83.512  -21.427 0.0000000000
4037  -12.402  -83.552  -23.631 0.0000000000
4051  -13.243  -82.798  -25.495 0.0000000000
4057  -3.169  -83.432  -25.589 0.0000000000
4058  -4.432  -83.460  -25.848 0.0000000000
4066  -1.965  -83.766  -26.990 0.0000000000
4070  -12.085  -83.568  -26.428 0.0000000000
4079  -2.933  -84.003  -26.888 0.0000000000
4080  -3.890  -83.965  -27.328 0.0000000000
4083  -13.001  -82.859  -27.907 0.0000000000
4089  -1.143  -83.416  -28.133 0.0000000000
4091  -3.042  -83.851  -28.601 0.0000000000
4092  -5.228  -83.360  -28.374 0.0000000000
4100  -1.428  -83.343  -29.020 0.0000000000
4101  -2.062  -83.146  -29.932 0.0000000000
4104  -5.129  -83.258  -28.967 0.0000000000
4105  -12.227  -83.436  -30.277 0.0000000000
4114  -3.181  -83.096  -30.039 0.0000000000
4117  -12.699  -83.088  -30.721 0.0000000000
4127  -13.396  -83.033  -32.008 0.0000000000
4140  -13.138  -83.845  -32.552 0.0000000000
4154  -13.804  -83.608  -33.888 0.0000000000
4155  -17.134  -84.070  -33.064 0.0000000000
4175  -16.201  -83.617  -36.916 0.0000000000
4177  -15.272  -83.113  -37.003 0.0000000000
4179  -16.839  -83.304  -37.278 0.0000000000
4493  -1.162  -82.626  -8.720 0.0000000000
4518  -0.688  -82.287  -11.225 0.0000000000
4528  -4.005  -82.325  -13.094 0.0000000000
4529  -4.682  -82.341  -12.858 0.0000000000
4540  -0.615  -82.699  -13.551 0.0000000000
4544  -9.247  -81.904  -13.588 0.0000000000
4547  -12.847  -82.296  -13.053 0.0000000000
4556  -3.125  -82.458  -15.432 0.0000000000
4557  -3.718  -82.543  -14.898 0.0000000000
4571  -2.922  -82.578  -16.367 0.0000000000
4573  -3.834  -82.493  -15.681 0.0000000000
4575  -13.875  -82.541  -15.441 0.0000000000
4587  -3.350  -82.516  -16.379 0.0000000000
4589  -7.074  -82.225  -16.227 0.0000000000
4597  -0.975  -82.425  -17.260 0.0000000000
4598  -5.830  -82.524  -17.786 0.0000000000
4608  -10.345  -82.686  -17.673 0.0000000000
4609  -11.318  -82.065  -17.734 0.0000000000
4610  -14.068  -81.403  -17.807 0.0000000000
4612  -1.603  -83.257  -19.103 0.0000000000
4616  -8.346  -82.877  -19.050 0.0000000000
4617  -10.106  -83.226  -19.141 0.0000000000
4619  -11.205  -82.080  -18.718 0.0000000000
4626  -2.247  -82.384  -20.282 0.0000000000
4627  -6.811  -82.659  -20.346 0.0000000000
4631  -14.012  -81.991  -20.738 0.0000000000
4640  -9.594  -82.763  -21.520 0.0000000000
4642  -13.097  -83.248  -21.759 0.0000000000
4651  -5.047  -82.855  -22.515 0.0000000000
4652  -6.442  -83.410  -21.579 0.0000000000
4653  -7.350  -83.517  -22.281 0.0000000000
4665  -3.770  -82.463  -23.711 0.0000000000
4666  -5.893  -83.462  -23.087 0.0000000000
4668  -8.199  -83.083  -23.240 0.0000000000
4669  -9.153  -82.618  -23.146 0.0000000000
4670  -13.122  -82.893  -23.327 0.0000000000
4671  -13.729  -82.252  -23.541 0.0000000000
4682  -3.979  -83.096  -23.971 0.0000000000
4685  -6.946  -83.219  -24.058 0.0000000000
4688  -13.321  -82.705  -24.739 0.0000000000
4697  -2.311  -82.699  -25.545 0.0000000000
4704  -14.467  -82.036  -26.192 0.0000000000
4708  -5.567  -83.250  -26.894 0.0000000000
4711  -14.169  -82.299  -27.035 0.0000000000
4717  -1.027  -82.854  -27.785 0.0000000000
4718  -1.419  -82.934  -27.026 0.0000000000
4719  -5.807  -83.118  -27.945 0.0000000000
4720  -6.534  -82.738  -27.497 0.0000000000
4721  -7.413  -82.376  -27.184 0.0000000000
4724  -15.452  -81.669  -27.575 0.0000000000
4726  -0.684  -82.031  -28.977 0.0000000000
4727  -0.867  -82.824  -28.562 0.0000000000
4729  -6.508  -82.580  -28.374 0.0000000000
4732  -15.101  -81.885  -28.396 0.0000000000
4734  -0.740  -82.053  -29.565 0.0000000000
4739  -7.190  -82.027  -29.519 0.0000000000
4740  -13.361  -82.422  -29.380 0.0000000000
4746  -2.741  -82.574  -30.627 0.0000000000
4747  -3.844  -82.573  -30.764 0.0000000000
4748  -4.990  -82.627  -30.440 0.0000000000
4753  -14.706  -81.889  -30.756 0.0000000000
4760  -2.284  -82.091  -31.136 0.0000000000
4763  -5.411  -82.211  -31.184 0.0000000000
4764  -6.162  -82.156  -30.995 0.0000000000
4780  -3.526  -81.895  -32.002 0.0000000000
4810  -14.829  -82.567  -34.997 0.0000000000
4817  -14.374  -83.171  -36.109 0.0000000000
4824  -14.775  -82.729  -36.656 0.0000000000
4828  -15.983  -82.123  -37.849 0.0000000000
4832  -17.316  -81.957  -38.491 0.0000000000
5207  -1.294  -81.748  -8.733 0.0000000000
5208  -2.033  -81.328  -8.222 0.0000000000
5218  -0.849  -81.875  -9.832 0.0000000000
5228  -0.899  -81.018  -9.962 0.0000000000
5229  -4.883  -81.202  -10.792 0.0000000000
5241  -4.435  -81.436  -11.552 0.0000000000
5243  -6.106  -81.441  -11.398 0.0000000000
5252  -5.214  -82.167  -12.476 0.0000000000
5257  -3.396  -81.772  -13.431 0.0000000000
5258  -5.557  -81.879  -13.020 0.0000000000
5274  -2.802  -82.070  -15.125 0.0000000000
5276  -4.823  -81.893  -14.808 0.0000000000
5278  -9.405  -80.750  -13.724 0.0000000000
5279  -12.171  -80.853  -13.831 0.0000000000
5289  -0.685  -80.470  -15.751 0.0000000000
5292  -7.863  -81.142  -15.308 0.0000000000
5296  -13.451  -81.893  -14.773 0.0000000000
5309  -3.840  -82.204  -16.238 0.0000000000
5311  -7.323  -81.179  -15.977 0.0000000000
5319  -1.359  -82.657  -17.867 0.0000000000
5320  -1.958  -82.375  -18.310 0.0000000000
5322  -2.980  -81.988  -17.627 0.0000000000
5323  -5.870  -81.671  -17.756 0.0000000000
5326  -10.687  -81.525  -16.562 0.0000000000
5327  -12.062  -81.478  -17.159 0.0000000000
5334  -1.742  -82.608  -18.635 0.0000000000
5336  -1.972  -81.813  -18.540 0.0000000000
5347  -1.794  -81.902  -19.820 0.0000000000
5351  -7.507  -81.721  -19.539 0.0000000000
5360  -1.955  -81.855  -20.099 0.0000000000
5361  -2.405  -81.540  -20.258 0.0000000000
5363  -3.846  -80.678  -20.102 0.0000000000
5364  -6.242  -82.040  -20.569 0.0000000000
5368  -14.328  -80.337  -20.321 0.0000000000
5376  -5.631  -82.123  -21.210 0.0000000000
5377  -10.106  -82.135  -22.107 0.0000000000
5396  -9.788  -82.020  -23.721 0.0000000000
5397  -10.482  -81.406  -23.353 0.0000000000
5398  -14.325  -81.572  -23.779 0.0000000000
5402  -3.389  -81.769  -23.876 0.0000000000
5403  -7.743  -82.766  -24.787 0.0000000000
5407  -15.242  -80.840  -24.872 0.0000000000
5417  -8.945  -82.208  -25.630 0.0000000000
5418  -9.670  -81.777  -25.865 0.0000000000
5423  -2.376  -81.814  -25.797 0.0000000000
5425  -8.557  -82.125  -26.716 0.0000000000
5428  -16.215  -80.760  -27.002 0.0000000000
5433  -1.508  -81.976  -27.332 0.0000000000
5434  -2.356  -81.356  -27.178 0.0000000000
5435  -8.268  -82.055  -27.286 0.0000000000
5436  -8.707  -81.682  -27.991 0.0000000000
5443  -0.826  -81.062  -28.917 0.0000000000
5451  -0.539  -81.423  -29.404 0.0000000000
5453  -8.426  -81.460  -29.522 0.0000000000
5454  -9.275  -81.235  -29.235 0.0000000000
5455  -15.498  -81.662  -30.172 0.0000000000
5463  -0.335  -81.092  -30.672 0.0000000000
5464  -0.575  -81.618  -30.063 0.0000000000
5465  -0.813  -81.584  -30.679 0.0000000000
5467  -7.640  -81.726  -30.125 0.0000000000
5480  -0.655  -81.164  -31.158 0.0000000000
5481  -1.261  -81.405  -31.371 0.0000000000
5483  -5.956  -82.085  -31.820 0.0000000000
5488  -15.928  -81.452  -31.644 0.0000000000
5496  -1.640  -81.248  -32.133 0.0000000000
5497  -2.265  -81.518  -32.486 0.0000000000
5501  -6.633  -81.926  -32.485 0.0000000000
5504  -15.431  -81.725  -32.431 0.0000000000
5512  -1.840  -81.229  -32.912 0.0000000000
5515  -4.411  -81.787  -33.598 0.0000000000
5517  -7.875  -81.429  -33.779 0.0000000000
5529  -5.690  -81.475  -34.521 0.0000000000
5530  -7.036  -81.474  -34.220 0.0000000000
5540  -4.197  -81.242  -35.072 0.0000000000
5549  -15.869  -81.384  -37.204 0.0000000000
5553  -15.599  -81.775  -37.480 0.0000000000
5556  -19.089  -81.323  -38.631 0.0000000000
5558  -17.679  -81.319  -38.782 0.0000000000
5904  -3.005  -80.788  -8.165 0.0000000000
5907  -2.426  -80.453  -8.691 0.0000000000
5917  -4.957  -80.281  -9.740 0.0000000000
5918  -5.431  -80.262  -9.256 0.0000000000
5930  -6.096  -80.967  -10.072 0.0000000000
5931  -6.965  -80.688  -10.416 0.0000000000
5945  -0.442  -79.891  -12.406 0.0000000000
5947  -6.506  -80.794  -12.589 0.0000000000
5954  -5.741  -81.178  -13.601 0.0000000000
5957  -11.392  -80.410  -13.552 0.0000000000
5968  -5.510  -80.420  -14.247 0.0000000000
5970  -9.986  -79.770  -14.022 0.0000000000
5985  -12.322  -80.999  -14.604 0.0000000000
5994  -0.918  -80.591  -16.265 0.0000000000
5995  -1.237  -81.275  -16.670 0.0000000000
5999  -7.308  -80.009  -16.029 0.0000000000
6001  -11.635  -81.175  -15.870 0.0000000000
6010  -2.809  -80.947  -17.754 0.0000000000
6011  -5.881  -80.824  -17.782 0.0000000000
6015  -13.229  -80.490  -17.801 0.0000000000
6023  -1.893  -81.218  -19.668 0.0000000000
6025  -8.687  -80.792  -18.815 0.0000000000
6027  -12.429  -80.350  -18.501 0.0000000000
6029  -13.343  -79.870  -18.582 0.0000000000
6043  -8.979  -79.826  -19.621 0.0000000000
6047  -13.702  -79.552  -19.278 0.0000000000
6058  -2.507  -80.598  -20.085 0.0000000000
6064  -14.076  -79.448  -19.967 0.0000000000
6071  -6.925  -80.259  -21.262 0.0000000000
6072  -11.009  -80.664  -22.028 0.0000000000
6078  -5.388  -81.157  -21.611 0.0000000000
6080  -10.976  -80.677  -22.916 0.0000000000
6085  -3.978  -81.288  -23.277 0.0000000000
6088  -11.482  -80.067  -23.322 0.0000000000
6106  -3.824  -80.000  -25.816 0.0000000000
6107  -11.018  -81.072  -25.487 0.0000000000
6109  -15.953  -80.070  -25.701 0.0000000000
6115  -11.364  -80.761  -26.663 0.0000000000
6116  -16.091  -80.478  -26.354 0.0000000000
6120  -0.555  -79.433  -28.380 0.0000000000
6121  -1.417  -79.585  -28.551 0.0000000000
6122  -1.637  -80.603  -28.414 0.0000000000
6123  -2.088  -81.128  -28.099 0.0000000000
6124  -2.796  -80.515  -28.175 0.0000000000
6125  -10.117  -81.135  -28.143 0.0000000000
6126  -10.998  -80.889  -27.385 0.0000000000
6128  -16.779  -80.007  -27.749 0.0000000000
6131  -0.412  -79.687  -29.096 0.0000000000
6135  -10.014  -81.053  -28.898 0.0000000000
6136  -10.648  -80.845  -28.554 0.0000000000
6138  -16.828  -80.502  -28.448 0.0000000000
6147  -0.238  -80.111  -29.617 0.0000000000
6150  -11.268  -80.512  -28.912 0.0000000000
6151  -16.904  -80.746  -29.410 0.0000000000
6163  -0.061  -80.429  -30.383 0.0000000000
6164  -9.786  -80.917  -30.552 0.0000000000
6186  -0.052  -80.185  -31.868 0.0000000000
6187  -0.561  -80.525  -32.262 0.0000000000
6201  -1.534  -80.800  -33.675 0.0000000000
6204  -8.810  -81.173  -33.861 0.0000000000
6205  -9.631  -80.732  -33.922 0.0000000000
6206  -10.272  -80.332  -34.294 0.0000000000
6208  -17.894  -79.511  -33.475 0.0000000000
6217  -6.057  -81.105  -35.222 0.0000000000
6218  -6.871  -81.125  -34.984 0.0000000000
6223  -17.486  -79.963  -34.370 0.0000000000
6234  -5.665  -80.546  -36.056 0.0000000000
6238  -16.549  -80.850  -35.764 0.0000000000
6253  -16.321  -80.962  -36.683 0.0000000000
6266  -17.303  -80.631  -38.652 0.0000000000
6267  -18.148  -80.573  -39.097 0.0000000000
6272  -19.603  -80.085  -39.285 0.0000000000
6593  -5.795  -79.570  -7.876 0.0000000000
6603  -7.065  -80.009  -7.957 0.0000000000
6604  -7.989  -79.525  -7.899 0.0000000000
6607  -1.344  -79.656  -9.682 0.0000000000
6614  -0.622  -79.185  -10.970 0.0000000000
6616  -4.633  -79.704  -10.103 0.0000000000
6617  -7.734  -79.996  -10.369 0.0000000000
6626  -3.995  -79.793  -11.649 0.0000000000
6655  -2.224  -79.551  -15.106 0.0000000000
6657  -5.667  -79.428  -14.102 0.0000000000
6660  -11.143  -79.743  -14.856 0.0000000000
6671  -1.056  -79.576  -15.585 0.0000000000
6673  -4.518  -80.005  -15.515 0.0000000000
6676  -10.087  -78.837  -15.327 0.0000000000
6688  -8.442  -78.667  -15.921 0.0000000000
6689  -10.662  -79.160  -16.376 0.0000000000
6698  -2.612  -79.997  -18.126 0.0000000000
6700  -6.940  -78.881  -17.231 0.0000000000
6712  -5.673  -79.604  -18.582 0.0000000000
6714  -10.201  -78.579  -17.871 0.0000000000
6723  -2.828  -79.266  -19.711 0.0000000000
6724  -9.901  -78.699  -19.158 0.0000000000
6732  -2.553  -80.004  -19.764 0.0000000000
6733  -2.908  -79.771  -20.074 0.0000000000
6734  -3.693  -79.721  -20.107 0.0000000000
6735  -9.364  -78.935  -20.450 0.0000000000
6736  -9.739  -78.294  -19.946 0.0000000000
6738  -12.957  -78.653  -20.176 0.0000000000
6748  -8.910  -78.787  -21.765 0.0000000000
6749  -12.260  -79.014  -20.947 0.0000000000
6750  -12.598  -78.533  -21.661 0.0000000000
6751  -13.489  -78.551  -20.737 0.0000000000
6752  -14.269  -78.955  -21.384 0.0000000000
6757  -6.752  -79.836  -22.617 0.0000000000
6758  -7.928  -79.291  -22.720 0.0000000000
6762  -14.506  -79.137  -22.299 0.0000000000
6767  -12.071  -79.520  -23.734 0.0000000000
6769  -14.742  -79.277  -23.220 0.0000000000
6770  -15.150  -79.358  -24.090 0.0000000000
6787  -4.669  -79.404  -25.685 0.0000000000
6789  -12.122  -80.150  -25.451 0.0000000000
6794  -0.322  -79.024  -26.728 0.0000000000
6796  -4.872  -78.751  -26.567 0.0000000000
6797  -12.167  -80.274  -26.383 0.0000000000
6798  -12.962  -79.710  -26.438 0.0000000000
6800  -16.167  -79.633  -26.604 0.0000000000
6804  -0.532  -79.259  -27.641 0.0000000000
6805  -0.876  -79.305  -27.484 0.0000000000
6808  -12.615  -80.053  -27.214 0.0000000000
6811  -16.426  -79.601  -27.314 0.0000000000
6818  -0.006  -79.214  -28.417 0.0000000000
6820  -2.957  -79.694  -28.614 0.0000000000
6823  -13.270  -79.632  -28.656 0.0000000000
6836  -12.804  -79.814  -29.179 0.0000000000
6839  -16.812  -79.276  -28.657 0.0000000000
6840  -17.131  -79.457  -29.158 0.0000000000
6863  -11.855  -79.919  -32.072 0.0000000000
6872  -0.226  -80.115  -32.675 0.0000000000
6878  -10.834  -80.161  -33.024 0.0000000000
6880  -12.421  -79.490  -32.677 0.0000000000
6881  -18.086  -78.817  -32.744 0.0000000000
6888  -0.177  -79.746  -33.457 0.0000000000
6894  -10.852  -80.075  -33.953 0.0000000000
6896  -11.967  -79.539  -33.453 0.0000000000
6903  -0.842  -79.909  -34.852 0.0000000000
6921  -9.279  -80.649  -35.365 0.0000000000
6938  -6.573  -79.326  -37.048 0.0000000000
6939  -7.994  -79.545  -36.880 0.0000000000
6940  -9.333  -78.912  -37.350 0.0000000000
6948  -8.529  -78.380  -37.607 0.0000000000
6956  -19.009  -79.586  -39.265 0.0000000000
6960  -19.965  -79.235  -39.238 0.0000000000
7267  -8.230  -78.254  -4.727 0.0000000000
7283  -8.279  -78.525  -5.293 0.0000000000
7297  -6.576  -78.427  -5.976 0.0000000000
7298  -7.614  -78.813  -5.773 0.0000000000
7299  -8.360  -78.829  -6.035 0.0000000000
7308  -9.525  -78.418  -7.553 0.0000000000
7312  -8.796  -79.011  -7.816 0.0000000000
7316  -1.045  -78.954  -9.548 0.0000000000
7318  -5.037  -78.833  -9.190 0.0000000000
7320  -9.549  -78.610  -9.425 0.0000000000
7323  -4.519  -78.864  -10.728 0.0000000000
7346  -8.596  -78.169  -12.427 0.0000000000
7352  -0.748  -78.228  -14.195 0.0000000000
7354  -3.394  -78.723  -13.142 0.0000000000
7355  -5.950  -78.625  -13.911 0.0000000000
7357  -7.361  -77.964  -13.325 0.0000000000
7366  -1.040  -78.436  -14.765 0.0000000000
7368  -2.076  -78.209  -14.712 0.0000000000
7369  -4.681  -78.910  -15.026 0.0000000000
7371  -5.958  -77.794  -14.037 0.0000000000
7383  -1.805  -78.804  -15.133 0.0000000000
7386  -9.126  -78.361  -16.054 0.0000000000
7388  -10.418  -78.727  -15.971 0.0000000000
7400  -8.490  -78.240  -16.580 0.0000000000
7402  -10.258  -78.483  -16.621 0.0000000000
7417  -7.492  -78.229  -17.587 0.0000000000
7418  -9.126  -77.890  -17.374 0.0000000000
7429  -2.663  -78.303  -18.435 0.0000000000
7430  -5.666  -78.891  -19.106 0.0000000000
7433  -10.044  -78.006  -18.471 0.0000000000
7455  -3.599  -78.403  -20.068 0.0000000000
7456  -4.228  -77.981  -20.217 0.0000000000
7468  -13.906  -78.494  -21.443 0.0000000000
7469  -14.217  -78.619  -22.004 0.0000000000
7477  -13.077  -78.323  -22.312 0.0000000000
7485  -13.635  -78.357  -23.009 0.0000000000
7494  -6.156  -79.048  -24.986 0.0000000000
7495  -6.975  -78.748  -24.703 0.0000000000
7497  -14.403  -78.619  -24.315 0.0000000000
7509  -15.353  -79.095  -25.484 0.0000000000
7514  0.095  -78.666  -26.479 0.0000000000
7516  -0.807  -79.115  -26.591 0.0000000000
7517  -5.633  -78.455  -26.144 0.0000000000
7519  -14.214  -78.924  -25.787 0.0000000000
7530  0.250  -78.666  -27.145 0.0000000000
7537  -15.668  -78.928  -27.332 0.0000000000
7538  -16.277  -79.113  -27.664 0.0000000000
7548  0.303  -78.688  -27.996 0.0000000000
7549  -1.997  -78.939  -28.580 0.0000000000
7550  -2.497  -78.488  -28.692 0.0000000000
7553  -15.825  -78.779  -28.259 0.0000000000
7554  -16.474  -79.035  -28.256 0.0000000000
7565  -16.908  -79.009  -29.234 0.0000000000
7575  0.357  -78.940  -30.645 0.0000000000
7581  -14.088  -78.962  -31.214 0.0000000000
7596  -14.446  -78.626  -31.997 0.0000000000
7597  -15.405  -78.252  -31.996 0.0000000000
7598  -16.965  -78.193  -31.203 0.0000000000
7599  -17.347  -78.472  -31.486 0.0000000000
7607  0.309  -78.864  -32.370 0.0000000000
7612  -13.140  -79.015  -33.047 0.0000000000
7614  -14.421  -78.448  -32.782 0.0000000000
7615  -15.089  -78.129  -32.815 0.0000000000
7625  0.128  -78.903  -34.031 0.0000000000
7633  -18.239  -78.059  -33.069 0.0000000000
7634  -18.607  -77.979  -33.748 0.0000000000
7640  -0.091  -79.003  -34.891 0.0000000000
7649  -12.774  -78.732  -34.936 0.0000000000
7671  -19.141  -77.905  -36.045 0.0000000000
7686  -10.817  -78.457  -37.474 0.0000000000
7687  -11.441  -78.751  -37.080 0.0000000000
7689  -13.157  -77.994  -36.943 0.0000000000
7695  -7.797  -78.232  -37.482 0.0000000000
7700  -18.682  -78.851  -37.899 0.0000000000
7703  -18.534  -79.246  -38.848 0.0000000000
7708  -20.694  -78.595  -39.140 0.0000000000
7709  -21.518  -78.581  -39.125 0.0000000000
8044  -7.717  -77.913  -4.583 0.0000000000
8060  -7.080  -77.973  -5.084 0.0000000000
8061  -9.049  -78.144  -4.785 0.0000000000
8081  -10.332  -77.436  -6.426 0.0000000000
8089  -10.321  -77.803  -7.781 0.0000000000
8101  -5.018  -77.956  -9.931 0.0000000000
8103  -10.488  -77.852  -10.007 0.0000000000
8118  -4.002  -77.200  -12.145 0.0000000000
8119  -4.340  -76.953  -11.488 0.0000000000
8120  -9.254  -78.007  -12.108 0.0000000000
8126  -0.363  -76.999  -12.588 0.0000000000
8127  -0.971  -76.630  -13.470 0.0000000000
8138  -0.867  -77.502  -14.025 0.0000000000
8144  -8.469  -77.292  -13.452 0.0000000000
8150  -1.245  -77.830  -14.444 0.0000000000
8151  -1.675  -77.740  -14.512 0.0000000000
8180  -4.337  -76.563  -16.093 0.0000000000
8190  -3.241  -76.770  -17.781 0.0000000000
8191  -8.352  -77.791  -18.075 0.0000000000
8200  -8.796  -77.573  -18.995 0.0000000000
8201  -9.573  -77.781  -19.112 0.0000000000
8213  -3.188  -77.542  -19.450 0.0000000000
8214  -3.774  -77.042  -19.910 0.0000000000
8216  -7.981  -77.516  -19.816 0.0000000000
8218  -9.663  -77.802  -19.753 0.0000000000
8228  -4.927  -77.134  -20.699 0.0000000000
8232  -9.436  -77.806  -20.450 0.0000000000
8243  -6.585  -76.938  -21.604 0.0000000000
8251  -8.509  -77.251  -22.370 0.0000000000
8262  -1.079  -76.621  -24.202 0.0000000000
8263  -1.484  -76.511  -24.039 0.0000000000
8264  -1.771  -76.781  -24.189 0.0000000000
8266  -8.633  -77.037  -23.484 0.0000000000
8278  -0.894  -77.230  -24.776 0.0000000000
8281  -8.421  -77.383  -24.099 0.0000000000
8291  -1.047  -77.836  -25.239 0.0000000000
8292  -1.686  -77.381  -24.832 0.0000000000
8303  0.118  -78.076  -26.023 0.0000000000
8306  -5.772  -77.571  -26.503 0.0000000000
8314  -1.398  -78.710  -26.930 0.0000000000
8315  -2.055  -77.835  -27.543 0.0000000000
8316  -3.253  -77.044  -28.311 0.0000000000
8318  -5.093  -77.249  -27.109 0.0000000000
8326  -2.648  -77.658  -28.386 0.0000000000
8340  0.636  -77.463  -29.344 0.0000000000
8366  0.711  -77.498  -31.836 0.0000000000
8382  0.471  -78.091  -32.424 0.0000000000
8390  -17.395  -77.645  -32.662 0.0000000000
8398  0.377  -77.932  -33.993 0.0000000000
8405  -17.915  -77.695  -32.960 0.0000000000
8419  -17.091  -76.821  -34.247 0.0000000000
8428  0.296  -77.483  -35.713 0.0000000000
8438  -15.296  -76.933  -36.215 0.0000000000
8451  -9.215  -77.154  -37.259 0.0000000000
8452  -12.930  -77.538  -37.680 0.0000000000
8454  -13.738  -76.673  -37.713 0.0000000000
8461  -7.759  -77.944  -37.401 0.0000000000
8464  -10.819  -77.175  -37.892 0.0000000000
8465  -13.109  -76.946  -38.033 0.0000000000
8470  -20.602  -77.949  -39.087 0.0000000000
8475  -22.114  -77.970  -39.219 0.0000000000
8830  -8.570  -76.328  -3.231 0.0000000000
8831  -9.376  -76.542  -2.828 0.0000000000
8832  -10.307  -76.635  -3.091 0.0000000000
8833  -10.932  -76.522  -3.558 0.0000000000
8857  -6.778  -77.206  -5.567 0.0000000000
8882  -1.090  -76.777  -7.708 0.0000000000
8883  -6.412  -76.140  -7.493 0.0000000000
8885  -11.597  -76.289  -7.612 0.0000000000
8889  -6.150  -75.980  -8.296 0.0000000000
8890  -11.286  -77.151  -8.951 0.0000000000
8902  -0.145  -76.197  -10.991 0.0000000000
8905  -11.212  -77.130  -10.937 0.0000000000
8906  -11.955  -76.381  -10.470 0.0000000000
8917  -2.934  -75.690  -12.512 0.0000000000
8931  -1.484  -75.925  -13.054 0.0000000000
8932  -2.377  -76.041  -13.164 0.0000000000
8934  -9.273  -77.230  -13.137 0.0000000000
8941  -8.795  -76.856  -13.743 0.0000000000
8946  -6.574  -76.561  -14.528 0.0000000000
8947  -7.475  -76.669  -14.254 0.0000000000
8948  -8.311  -76.546  -14.234 0.0000000000
8975  -4.973  -75.946  -16.678 0.0000000000
9006  -4.788  -75.926  -20.283 0.0000000000
9017  -5.166  -76.279  -20.996 0.0000000000
9038  -1.177  -75.800  -22.309 0.0000000000
9040  -2.135  -76.207  -22.247 0.0000000000
9042  -8.455  -76.685  -23.123 0.0000000000
9056  -1.773  -76.349  -23.482 0.0000000000
9058  -8.569  -76.281  -23.476 0.0000000000
9089  -7.643  -76.666  -25.265 0.0000000000
9100  -6.187  -76.155  -26.344 0.0000000000
9111  0.145  -77.057  -26.908 0.0000000000
9114  -4.017  -76.256  -27.700 0.0000000000
9177  0.938  -76.716  -31.393 0.0000000000
9240  -9.665  -76.764  -36.627 0.0000000000
9244  -15.840  -76.193  -36.692 0.0000000000
9247  -18.919  -76.358  -35.284 0.0000000000
9259  -12.055  -76.342  -37.568 0.0000000000
9263  -16.020  -75.478  -36.941 0.0000000000
9264  -19.913  -76.254  -36.583 0.0000000000
9272  -9.775  -77.113  -37.649 0.0000000000
9275  -12.401  -76.692  -37.860 0.0000000000
9277  -13.840  -76.229  -37.527 0.0000000000
9646  -11.553  -76.084  -3.894 0.0000000000
9670  -12.198  -75.501  -4.594 0.0000000000
9682  -7.042  -75.293  -6.595 0.0000000000
9683  -11.718  -75.897  -6.316 0.0000000000
9694  -0.718  -75.224  -7.644 0.0000000000
9703  -0.313  -75.200  -8.959 0.0000000000
9705  -5.280  -75.436  -9.447 0.0000000000
9717  -4.499  -75.720  -10.608 0.0000000000
9726  -0.622  -75.506  -11.294 0.0000000000
9730  -4.055  -75.781  -11.318 0.0000000000
9752  -11.571  -75.423  -14.097 0.0000000000
9759  -10.435  -75.690  -14.685 0.0000000000
9769  -9.689  -75.524  -15.795 0.0000000000
9786  -1.686  -73.953  -17.062 0.0000000000
9787  -1.924  -74.169  -16.750 0.0000000000
9788  -2.179  -74.422  -16.891 0.0000000000
9789  -7.019  -75.540  -16.697 0.0000000000
9790  -7.994  -75.451  -16.920 0.0000000000
9807  -10.594  -75.202  -17.179 0.0000000000
9815  -1.943  -74.556  -18.701 0.0000000000
9818  -7.421  -75.356  -18.455 0.0000000000
9821  -10.301  -75.230  -18.535 0.0000000000
9829  -1.478  -74.353  -19.036 0.0000000000
9830  -1.624  -74.761  -19.360 0.0000000000
9832  -6.518  -75.429  -20.307 0.0000000000
9833  -7.976  -75.461  -20.193 0.0000000000
9834  -9.036  -75.364  -20.588 0.0000000000
9847  -1.883  -75.678  -20.435 0.0000000000
9850  -7.831  -75.537  -21.367 0.0000000000
9852  -9.725  -74.744  -20.826 0.0000000000
9865  -1.175  -75.637  -21.544 0.0000000000
9882  -0.844  -75.670  -22.602 0.0000000000
9884  -8.547  -75.699  -23.126 0.0000000000
9894  -0.760  -75.902  -23.389 0.0000000000
9910  -3.480  -75.406  -24.286 0.0000000000
9923  -0.392  -76.068  -24.898 0.0000000000
9924  -2.773  -76.527  -25.218 0.0000000000
9925  -3.312  -75.751  -25.558 0.0000000000
9944  -5.100  -75.230  -26.671 0.0000000000
9960  -3.868  -75.687  -27.220 0.0000000000
9961  -4.598  -75.709  -27.152 0.0000000000
9976  0.420  -75.557  -29.716 0.0000000000
9977  0.202  -75.266  -28.938 0.0000000000
10022  0.507  -75.681  -32.430 0.0000000000
10081  -12.757  -76.016  -37.183 0.0000000000
10083  -15.067  -75.158  -36.707 0.0000000000
10085  -17.770  -74.864  -36.475 0.0000000000
10099  -13.299  -76.186  -37.592 0.0000000000
10102  -18.265  -74.329  -36.589 0.0000000000
10465  -9.070  -74.851  -2.616 0.0000000000
10467  -10.811  -74.663  -1.851 0.0000000000
10496  -8.463  -74.633  -3.421 0.0000000000
10498  -13.228  -74.430  -4.245 0.0000000000
10509  -7.587  -74.598  -5.336 0.0000000000
10512  -13.282  -74.363  -5.121 0.0000000000
10533  -5.897  -74.074  -8.020 0.0000000000
10534  -6.358  -74.637  -7.725 0.0000000000
10535  -12.089  -74.698  -7.931 0.0000000000
10539  -0.843  -73.954  -8.849 0.0000000000
10540  -4.215  -73.871  -9.105 0.0000000000
10545  -0.645  -74.589  -9.410 0.0000000000
10550  -5.497  -74.947  -9.010 0.0000000000
10557  -0.604  -74.912  -10.112 0.0000000000
10559  -2.175  -74.119  -10.678 0.0000000000
10562  -12.240  -74.278  -10.672 0.0000000000
10571  -12.379  -73.395  -11.960 0.0000000000
10581  -12.431  -74.827  -12.612 0.0000000000
10582  -12.561  -74.008  -12.453 0.0000000000
10589  -12.145  -75.113  -13.530 0.0000000000
10595  -0.976  -74.203  -14.630 0.0000000000
10606  -0.913  -74.008  -15.389 0.0000000000
10620  -1.544  -74.016  -16.202 0.0000000000
10622  -2.339  -74.658  -16.144 0.0000000000
10625  -11.597  -74.210  -16.424 0.0000000000
10647  -1.186  -73.853  -18.583 0.0000000000
10648  -2.280  -74.798  -18.642 0.0000000000
10660  -10.223  -74.463  -19.978 0.0000000000
10661  -10.628  -74.221  -19.300 0.0000000000
10689  -9.302  -74.181  -22.167 0.0000000000
10700  -0.547  -75.172  -22.259 0.0000000000
10701  -2.829  -75.433  -21.894 0.0000000000
10712  -0.517  -75.288  -23.003 0.0000000000
10715  -8.225  -73.971  -24.192 0.0000000000
10732  -4.065  -74.574  -24.245 0.0000000000
10746  -3.860  -75.038  -25.709 0.0000000000
10748  -5.346  -74.372  -25.789 0.0000000000
10750  -7.163  -74.919  -25.441 0.0000000000
10758  -4.274  -74.950  -26.215 0.0000000000
10760  -5.471  -74.832  -26.224 0.0000000000
10804  0.221  -75.148  -30.358 0.0000000000
10806  -2.054  -74.707  -29.835 0.0000000000
10823  -0.445  -75.180  -30.695 0.0000000000
10846  -0.358  -75.220  -31.500 0.0000000000
10909  -15.901  -74.561  -35.828 0.0000000000
10926  -15.770  -74.867  -36.710 0.0000000000
10945  -16.262  -75.037  -36.799 0.0000000000
11316  -10.608  -72.872  -1.786 0.0000000000
11333  -12.198  -73.510  -2.076 0.0000000000
11334  -12.887  -73.318  -2.569 0.0000000000
11352  -12.791  -74.035  -2.682 0.0000000000
11372  -1.926  -73.707  -5.115 0.0000000000
11374  -13.869  -73.804  -5.375 0.0000000000
11375  -14.704  -73.059  -5.123 0.0000000000
11406  -2.155  -72.992  -8.498 0.0000000000
11409  -5.301  -73.697  -8.076 0.0000000000
11410  -11.706  -73.751  -8.892 0.0000000000
11442  -1.632  -73.343  -12.736 0.0000000000
11443  -2.557  -73.428  -12.661 0.0000000000
11444  -3.523  -73.423  -12.779 0.0000000000
11445  -4.454  -73.451  -13.013 0.0000000000
11456  -12.514  -73.350  -12.839 0.0000000000
11464  -3.847  -74.244  -14.245 0.0000000000
11465  -4.564  -73.993  -14.599 0.0000000000
11467  -12.283  -73.639  -14.653 0.0000000000
11468  -12.468  -73.410  -13.710 0.0000000000
11491  -0.981  -73.634  -16.190 0.0000000000
11494  -11.442  -73.218  -16.587 0.0000000000
11506  -1.005  -73.692  -17.555 0.0000000000
11509  -4.702  -72.964  -17.190 0.0000000000
11510  -11.005  -73.461  -18.009 0.0000000000
11518  -2.986  -74.218  -18.602 0.0000000000
11519  -3.726  -73.409  -18.571 0.0000000000
11520  -10.434  -73.531  -19.096 0.0000000000
11528  -0.595  -73.781  -19.612 0.0000000000
11542  -0.532  -74.224  -20.245 0.0000000000
11544  -4.451  -73.127  -20.178 0.0000000000
11545  -9.429  -73.439  -20.973 0.0000000000
11561  -0.484  -73.916  -21.112 0.0000000000
11566  -9.646  -74.092  -21.380 0.0000000000
11578  -3.561  -74.425  -22.142 0.0000000000
11591  -0.463  -74.423  -23.533 0.0000000000
11593  -4.685  -73.569  -23.241 0.0000000000
11594  -6.860  -72.932  -24.090 0.0000000000
11595  -8.575  -73.575  -23.401 0.0000000000
11610  -5.626  -73.446  -24.643 0.0000000000
11612  -7.371  -73.581  -24.552 0.0000000000
11634  -0.376  -73.167  -28.019 0.0000000000
11656  -0.642  -73.135  -29.735 0.0000000000
11657  -1.261  -73.269  -29.879 0.0000000000
12165  -10.859  -72.351  -1.719 0.0000000000
12180  -9.296  -72.649  -2.270 0.0000000000
12184  -13.238  -72.721  -2.791 0.0000000000
12211  -7.769  -72.922  -4.290 0.0000000000
12212  -14.567  -72.733  -4.306 0.0000000000
12213  -15.064  -72.349  -4.693 0.0000000000
12220  -2.169  -72.659  -4.708 0.0000000000
12231  -1.956  -73.031  -5.929 0.0000000000
12232  -2.383  -72.514  -6.365 0.0000000000
12233  -3.226  -72.127  -6.683 0.0000000000
12235  -5.493  -72.347  -6.610 0.0000000000
12236  -6.227  -72.481  -6.105 0.0000000000
12237  -12.459  -73.173  -7.351 0.0000000000
12239  -14.052  -73.308  -6.766 0.0000000000
12249  -4.573  -72.570  -7.350 0.0000000000
12251  -11.233  -72.072  -7.870 0.0000000000
12252  -12.854  -72.778  -7.336 0.0000000000
12256  -16.369  -72.024  -7.865 0.0000000000
12258  -10.526  -71.672  -8.141 0.0000000000
12262  -15.720  -72.448  -8.857 0.0000000000
12269  -11.175  -72.871  -8.895 0.0000000000
12271  -14.863  -72.384  -9.570 0.0000000000
12273  -16.236  -72.176  -9.378 0.0000000000
12283  -16.062  -72.223  -10.179 0.0000000000
12290  -1.406  -72.469  -11.721 0.0000000000
12291  -11.920  -72.689  -11.509 0.0000000000
12302  -0.971  -72.843  -12.504 0.0000000000
12307  -6.466  -71.711  -12.962 0.0000000000
12315  -0.655  -72.957  -13.325 0.0000000000
12319  -11.925  -71.847  -13.691 0.0000000000
12326  -0.518  -72.865  -14.109 0.0000000000
12329  -7.020  -72.150  -14.163 0.0000000000
12337  -0.636  -73.241  -15.585 0.0000000000
12339  -4.986  -73.162  -15.786 0.0000000000
12344  -10.538  -72.042  -15.865 0.0000000000
12360  -5.225  -72.845  -16.429 0.0000000000
12365  -9.869  -72.464  -17.083 0.0000000000
12379  -6.821  -72.403  -17.161 0.0000000000
12392  -0.747  -72.539  -18.215 0.0000000000
12393  -4.466  -72.946  -18.389 0.0000000000
12394  -5.910  -72.524  -18.446 0.0000000000
12395  -6.812  -72.552  -18.916 0.0000000000
12407  -0.605  -72.640  -19.738 0.0000000000
12411  -7.674  -72.652  -19.600 0.0000000000
12423  -0.603  -72.207  -20.471 0.0000000000
12427  -8.625  -72.857  -20.327 0.0000000000
12440  -7.711  -72.688  -21.896 0.0000000000
12441  -8.394  -72.857  -21.230 0.0000000000
12450  -5.652  -72.825  -22.719 0.0000000000
12451  -6.393  -72.649  -22.589 0.0000000000
12482  -0.454  -72.788  -24.570 0.0000000000
12490  -0.417  -72.210  -25.392 0.0000000000
12529  -0.834  -71.624  -29.818 0.0000000000
13074  -8.828  -71.410  -1.975 0.0000000000
13078  -12.170  -71.275  -2.097 0.0000000000
13079  -12.931  -71.889  -2.530 0.0000000000
13093  -13.628  -72.133  -3.117 0.0000000000
13107  -6.244  -71.571  -4.651 0.0000000000
13109  -14.745  -71.826  -4.169 0.0000000000
13118  -2.225  -71.871  -4.839 0.0000000000
13120  -3.261  -71.097  -5.696 0.0000000000
13121  -4.467  -71.390  -6.095 0.0000000000
13132  -5.545  -71.998  -6.028 0.0000000000
13133  -16.174  -71.579  -6.451 0.0000000000
13134  -16.252  -70.734  -6.700 0.0000000000
13144  -12.514  -71.250  -7.681 0.0000000000
13145  -13.409  -71.703  -8.282 0.0000000000
13151  -10.090  -71.335  -8.463 0.0000000000
13154  -14.384  -72.009  -9.906 0.0000000000
13161  -11.035  -72.096  -10.234 0.0000000000
13163  -14.682  -71.816  -10.778 0.0000000000
13170  -1.211  -71.920  -11.247 0.0000000000
13171  -2.001  -72.152  -11.163 0.0000000000
13172  -3.188  -71.807  -11.648 0.0000000000
13173  -4.343  -71.325  -12.068 0.0000000000
13175  -6.655  -70.730  -12.497 0.0000000000
13198  -7.165  -71.447  -13.084 0.0000000000
13201  -10.874  -70.748  -12.482 0.0000000000
13202  -11.479  -71.438  -12.153 0.0000000000
13203  -16.120  -71.264  -12.244 0.0000000000
13213  -8.485  -70.971  -13.086 0.0000000000
13214  -9.503  -70.975  -13.593 0.0000000000
13223  -7.608  -72.138  -14.762 0.0000000000
13226  -10.434  -71.342  -14.450 0.0000000000
13291  -0.401  -71.877  -22.926 0.0000000000
13314  -0.234  -71.143  -25.148 0.0000000000
13333  -0.297  -71.170  -27.347 0.0000000000
13377  -0.882  -70.921  -29.570 0.0000000000
13378  -1.153  -71.049  -29.750 0.0000000000
13990  -1.734  -70.710  -2.511 0.0000000000
14025  -5.968  -71.121  -4.134 0.0000000000
14028  -14.995  -71.044  -4.550 0.0000000000
14036  -3.587  -70.513  -5.365 0.0000000000
14041  -15.637  -70.603  -5.596 0.0000000000
14046  -9.728  -69.979  -7.414 0.0000000000
14047  -9.950  -70.533  -7.532 0.0000000000
14050  -16.005  -70.013  -6.884 0.0000000000
14073  -7.688  -69.306  -11.241 0.0000000000
14075  -9.811  -69.939  -10.207 0.0000000000
14080  -17.193  -70.174  -11.432 0.0000000000
14090  -5.740  -70.580  -12.337 0.0000000000
14091  -6.611  -70.366  -12.322 0.0000000000
14095  -10.379  -70.420  -10.783 0.0000000000
14118  -16.460  -70.644  -12.678 0.0000000000
14141  -1.733  -70.942  -15.760 0.0000000000
14159  -1.907  -69.677  -16.389 0.0000000000
14188  -0.611  -70.603  -20.495 0.0000000000
14251  -0.047  -70.203  -25.958 0.0000000000
14320  -0.813  -69.580  -28.877 0.0000000000
14339  -1.013  -70.245  -29.419 0.0000000000
14976  -5.789  -68.592  -2.406 0.0000000000
14977  -6.368  -69.055  -2.118 0.0000000000
14978  -7.233  -69.514  -1.847 0.0000000000
14997  -6.877  -70.490  -2.489 0.0000000000
14998  -12.121  -68.958  -2.728 0.0000000000
14999  -12.684  -69.329  -3.170 0.0000000000
15010  -2.498  -69.176  -4.574 0.0000000000
15021  -5.244  -70.600  -4.325 0.0000000000
15027  -10.049  -69.851  -7.298 0.0000000000
15028  -10.650  -69.707  -7.426 0.0000000000
15029  -15.997  -69.514  -7.284 0.0000000000
15033  -9.574  -69.328  -7.445 0.0000000000
15035  -11.033  -69.268  -7.730 0.0000000000
15036  -11.765  -69.633  -8.248 0.0000000000
15041  -1.746  -69.907  -8.943 0.0000000000
15042  -2.080  -70.057  -8.907 0.0000000000
15046  -12.023  -69.347  -9.313 0.0000000000
15058  -9.076  -69.493  -9.733 0.0000000000
15086  -13.653  -69.511  -12.274 0.0000000000
15088  -15.347  -70.225  -13.352 0.0000000000
15098  -15.725  -69.761  -13.929 0.0000000000
15100  -17.253  -69.364  -13.467 0.0000000000
15108  -16.074  -69.239  -14.262 0.0000000000
15114  -1.905  -69.355  -15.610 0.0000000000
15143  -1.354  -69.514  -18.518 0.0000000000
15161  -0.540  -69.782  -20.696 0.0000000000
15174  -0.374  -69.558  -21.374 0.0000000000
15190  -0.283  -68.973  -22.731 0.0000000000
15252  0.118  -69.195  -25.851 0.0000000000
15283  -0.771  -68.032  -28.043 0.0000000000
15296  -0.982  -68.827  -28.480 0.0000000000
15953  -11.561  -68.674  -2.317 0.0000000000
15963  -1.696  -68.953  -3.597 0.0000000000
15975  -2.518  -68.343  -4.358 0.0000000000
15978  -4.972  -69.364  -3.460 0.0000000000
15984  -13.786  -68.229  -5.073 0.0000000000
15995  -1.625  -68.337  -8.071 0.0000000000
15996  -2.038  -68.771  -7.944 0.0000000000
15997  -2.547  -68.901  -8.335 0.0000000000
15999  -10.617  -68.543  -7.871 0.0000000000
16000  -17.059  -67.991  -9.149 0.0000000000
16023  -1.112  -68.807  -9.301 0.0000000000
16026  -7.604  -68.543  -10.647 0.0000000000
16027  -11.047  -68.190  -9.883 0.0000000000
16072  -14.449  -68.890  -13.499 0.0000000000
16074  -16.787  -68.960  -14.176 0.0000000000
16083  -16.867  -68.078  -14.473 0.0000000000
16105  -1.634  -69.090  -17.088 0.0000000000
16118  -1.037  -67.994  -19.014 0.0000000000
16202  -0.376  -67.455  -26.492 0.0000000000
16877  -1.507  -66.923  -2.115 0.0000000000
16878  -6.341  -67.368  -2.467 0.0000000000
16881  -8.985  -67.638  -2.037 0.0000000000
16882  -10.066  -67.747  -2.299 0.0000000000
16893  -5.806  -67.022  -2.889 0.0000000000
16894  -7.673  -66.835  -2.732 0.0000000000
16897  -10.977  -67.480  -2.848 0.0000000000
16905  -2.566  -67.392  -4.359 0.0000000000
16907  -12.931  -67.751  -4.120 0.0000000000
16912  -14.002  -67.607  -5.279 0.0000000000
16916  -15.589  -67.730  -7.089 0.0000000000
16926  -18.188  -67.294  -9.286 0.0000000000
16940  -8.151  -67.654  -9.387 0.0000000000
16941  -9.664  -67.552  -8.710 0.0000000000
16943  -18.102  -67.904  -10.022 0.0000000000
16953  -0.936  -68.072  -10.121 0.0000000000
16955  -4.247  -67.027  -10.716 0.0000000000
16976  -5.020  -66.861  -11.662 0.0000000000
16978  -7.053  -67.344  -11.791 0.0000000000
16979  -11.676  -67.751  -11.428 0.0000000000
16993  -1.034  -67.650  -12.209 0.0000000000
16995  -13.260  -67.579  -13.025 0.0000000000
16996  -13.847  -68.173  -13.279 0.0000000000
17012  -1.120  -67.972  -14.503 0.0000000000
17018  -0.678  -67.165  -15.032 0.0000000000
17045  -0.751  -66.919  -17.279 0.0000000000
17046  -1.120  -68.026  -18.291 0.0000000000
17051  -0.805  -67.154  -18.770 0.0000000000
17815  -1.706  -66.064  -3.414 0.0000000000
17816  -1.814  -65.452  -3.975 0.0000000000
17817  -4.066  -66.714  -4.389 0.0000000000
17820  -6.688  -66.710  -2.903 0.0000000000
17832  -1.706  -66.679  -3.974 0.0000000000
17834  -3.008  -66.672  -4.522 0.0000000000
17840  -9.648  -66.027  -4.245 0.0000000000
17841  -10.638  -66.273  -3.964 0.0000000000
17850  -14.945  -65.860  -5.812 0.0000000000
17864  -1.474  -66.146  -7.186 0.0000000000
17879  -2.681  -66.344  -7.245 0.0000000000
17898  -20.639  -66.581  -9.506 0.0000000000
17900  -21.791  -66.342  -9.762 0.0000000000
17910  -4.599  -66.086  -10.694 0.0000000000
17911  -8.337  -66.993  -11.081 0.0000000000
17913  -9.999  -67.125  -10.765 0.0000000000
17916  -20.784  -66.850  -10.282 0.0000000000
17939  -10.616  -66.877  -11.555 0.0000000000
17941  -11.995  -67.296  -12.083 0.0000000000
17945  -22.094  -66.317  -11.166 0.0000000000
17965  -13.570  -66.980  -13.475 0.0000000000
17968  -17.773  -66.952  -14.411 0.0000000000
17979  -17.713  -66.128  -14.508 0.0000000000
18784  -2.415  -65.860  -4.467 0.0000000000
18787  -6.401  -66.070  -5.087 0.0000000000
18789  -8.242  -65.714  -5.022 0.0000000000
18793  -12.250  -66.374  -4.177 0.0000000000
18804  -5.495  -65.574  -6.494 0.0000000000
18809  -10.398  -65.081  -5.278 0.0000000000
18811  -13.523  -65.446  -5.125 0.0000000000
18821  -1.638  -64.933  -6.731 0.0000000000
18829  -18.665  -65.034  -6.700 0.0000000000
18838  -2.095  -65.056  -6.717 0.0000000000
18839  -2.785  -65.489  -7.135 0.0000000000
18840  -6.672  -65.399  -7.500 0.0000000000
18841  -17.521  -65.708  -6.885 0.0000000000
18845  -21.076  -65.097  -7.648 0.0000000000
18869  -21.884  -65.973  -9.061 0.0000000000
18882  -0.812  -66.079  -9.967 0.0000000000
18884  -4.930  -65.369  -10.901 0.0000000000
18900  -5.548  -65.465  -11.460 0.0000000000
18902  -7.446  -65.825  -12.059 0.0000000000
18905  -10.393  -66.134  -12.218 0.0000000000
18908  -22.627  -65.842  -11.628 0.0000000000
18911  -11.007  -65.601  -12.635 0.0000000000
18925  -15.948  -64.804  -14.420 0.0000000000
18927  -19.807  -65.754  -13.940 0.0000000000
18929  -21.268  -65.178  -13.472 0.0000000000
18948  -17.248  -65.488  -14.539 0.0000000000
19711  -1.947  -64.622  -3.442 0.0000000000
19729  -3.855  -64.414  -4.824 0.0000000000
19745  -9.612  -64.654  -6.337 0.0000000000
19750  -14.040  -64.818  -5.391 0.0000000000
19751  -15.076  -64.249  -5.695 0.0000000000
19762  -5.635  -65.054  -7.165 0.0000000000
19763  -7.447  -65.234  -7.386 0.0000000000
19764  -8.370  -64.936  -7.171 0.0000000000
19771  -17.525  -64.379  -6.270 0.0000000000
19773  -19.188  -64.386  -6.751 0.0000000000
19774  -19.891  -63.986  -7.019 0.0000000000
19781  -1.242  -64.848  -6.863 0.0000000000
19787  -7.775  -64.871  -8.099 0.0000000000
19795  -22.248  -64.151  -7.693 0.0000000000
19802  -0.919  -64.709  -7.288 0.0000000000
19805  -6.588  -64.553  -8.286 0.0000000000
19810  -23.385  -64.487  -8.636 0.0000000000
19811  -23.982  -64.290  -9.035 0.0000000000
19834  -0.610  -64.578  -10.518 0.0000000000
19850  -6.090  -64.795  -11.737 0.0000000000
19851  -8.262  -64.756  -12.360 0.0000000000
19866  -12.281  -64.761  -13.288 0.0000000000
19868  -22.792  -64.906  -12.821 0.0000000000
19870  -24.248  -64.277  -12.218 0.0000000000
19886  -12.180  -63.943  -13.419 0.0000000000
19889  -14.699  -64.923  -14.163 0.0000000000
19892  -17.751  -63.912  -14.499 0.0000000000
19894  -19.910  -64.845  -14.234 0.0000000000
20761  -5.338  -63.699  -5.842 0.0000000000
20763  -14.621  -63.875  -5.826 0.0000000000
20775  -5.592  -64.274  -6.875 0.0000000000
20776  -6.011  -63.703  -7.303 0.0000000000
20777  -13.484  -63.761  -6.387 0.0000000000
20781  -18.644  -63.530  -6.796 0.0000000000
20791  -6.194  -64.087  -8.139 0.0000000000
20792  -10.602  -64.349  -8.459 0.0000000000
20800  -19.040  -63.083  -7.257 0.0000000000
20802  -20.496  -63.545  -7.259 0.0000000000
20817  -8.030  -63.336  -9.424 0.0000000000
20818  -8.853  -63.781  -9.420 0.0000000000
20822  -14.487  -63.922  -9.144 0.0000000000
20824  -17.611  -63.031  -8.290 0.0000000000
20841  -12.271  -64.012  -9.848 0.0000000000
20872  -18.067  -63.082  -10.042 0.0000000000
20873  -24.983  -63.936  -10.914 0.0000000000
20874  -25.437  -63.473  -10.583 0.0000000000
20884  -5.741  -63.934  -11.430 0.0000000000
20885  -6.391  -63.613  -11.816 0.0000000000
20900  -9.029  -63.235  -12.874 0.0000000000
20905  -24.365  -63.703  -12.742 0.0000000000
20919  -12.089  -63.100  -13.574 0.0000000000
20921  -13.837  -63.509  -13.884 0.0000000000
20925  -20.012  -63.847  -14.384 0.0000000000
21848  -2.122  -62.701  -6.002 0.0000000000
21861  -2.759  -62.928  -6.889 0.0000000000
21862  -6.758  -63.285  -8.510 0.0000000000
21864  -19.496  -62.872  -7.781 0.0000000000
21866  -21.941  -62.837  -7.561 0.0000000000
21878  -1.076  -62.698  -7.627 0.0000000000
21879  -3.352  -63.114  -7.730 0.0000000000
21881  -7.412  -62.677  -9.069 0.0000000000
21906  -4.267  -62.382  -9.462 0.0000000000
21918  -26.297  -62.548  -9.468 0.0000000000
21934  -5.975  -62.083  -11.385 0.0000000000
21939  -15.230  -63.188  -11.164 0.0000000000
21956  -15.787  -62.677  -11.369 0.0000000000
21957  -16.578  -62.647  -11.324 0.0000000000
21960  -18.898  -61.646  -10.961 0.0000000000
21962  -26.592  -62.004  -11.150 0.0000000000
21971  -7.989  -62.307  -12.535 0.0000000000
21976  -26.161  -62.151  -11.943 0.0000000000
21985  -11.146  -62.233  -13.525 0.0000000000
21986  -11.910  -62.324  -13.596 0.0000000000
21988  -21.356  -62.897  -14.287 0.0000000000
22896  -1.762  -61.384  -5.733 0.0000000000
22907  -2.309  -62.089  -5.909 0.0000000000
22922  -8.849  -61.162  -9.099 0.0000000000
22941  -4.349  -61.189  -8.735 0.0000000000
22942  -8.044  -61.799  -9.117 0.0000000000
22984  -21.403  -61.231  -10.992 0.0000000000
22987  -27.347  -61.268  -10.346 0.0000000000
23000  -17.745  -61.474  -11.236 0.0000000000
23002  -20.612  -61.167  -11.193 0.0000000000
23011  -7.609  -61.754  -12.309 0.0000000000
23022  -10.832  -61.526  -13.464 0.0000000000
23025  -13.074  -61.600  -13.668 0.0000000000
23029  -17.418  -61.085  -14.396 0.0000000000
23037  -25.830  -61.014  -13.022 0.0000000000
23947  -5.135  -59.967  -9.109 0.0000000000
23957  -27.430  -60.725  -8.194 0.0000000000
23976  -28.080  -60.297  -9.531 0.0000000000
23984  -6.155  -60.449  -10.987 0.0000000000
23988  -16.945  -60.090  -10.856 0.0000000000
23989  -17.736  -60.138  -10.914 0.0000000000
23995  -27.942  -60.227  -10.362 0.0000000000
24005  -18.440  -60.389  -11.052 0.0000000000
24011  -27.758  -60.060  -11.150 0.0000000000
24016  -8.548  -60.626  -12.462 0.0000000000
24019  -10.682  -60.229  -13.180 0.0000000000
24024  -10.554  -60.910  -13.337 0.0000000000
24028  -14.342  -60.655  -13.688 0.0000000000
24029  -15.218  -60.929  -13.910 0.0000000000
24037  -23.531  -60.408  -14.121 0.0000000000
24038  -24.475  -60.618  -13.794 0.0000000000
24039  -25.248  -60.861  -13.449 0.0000000000
24957  -5.397  -59.267  -7.933 0.0000000000
24973  -27.396  -59.367  -7.066 0.0000000000
24990  -4.995  -59.821  -8.249 0.0000000000
25020  -24.314  -59.343  -10.361 0.0000000000
25029  -6.669  -59.722  -10.992 0.0000000000
25030  -7.138  -59.059  -10.806 0.0000000000
25044  -8.424  -59.785  -12.064 0.0000000000
25048  -27.552  -59.742  -11.857 0.0000000000
25060  -27.175  -59.225  -12.471 0.0000000000
25061  -27.794  -59.089  -11.928 0.0000000000
25067  -14.515  -59.791  -13.579 0.0000000000
25075  -22.144  -59.870  -14.387 0.0000000000
25076  -23.494  -59.483  -14.049 0.0000000000
26050  -4.757  -57.841  -5.294 0.0000000000
26067  -4.546  -58.636  -5.673 0.0000000000
26076  -5.054  -58.944  -6.566 0.0000000000
26099  -5.904  -58.873  -8.284 0.0000000000
26104  -28.761  -58.930  -7.837 0.0000000000
26111  -7.298  -58.204  -9.651 0.0000000000
26119  -29.202  -58.228  -9.167 0.0000000000
26123  -7.557  -58.459  -10.395 0.0000000000
26133  -8.610  -58.557  -11.284 0.0000000000
26141  -12.088  -58.110  -12.427 0.0000000000
26154  -15.632  -58.723  -13.575 0.0000000000
26157  -18.808  -58.329  -14.024 0.0000000000
26158  -19.592  -58.300  -14.146 0.0000000000
26159  -20.876  -57.896  -14.137 0.0000000000
26164  -25.195  -58.675  -13.540 0.0000000000
27121  -6.760  -57.284  -6.267 0.0000000000
27148  -8.293  -57.165  -8.586 0.0000000000
27162  -7.749  -57.668  -9.119 0.0000000000
27164  -9.021  -57.175  -9.715 0.0000000000
27174  -8.689  -57.622  -10.191 0.0000000000
27177  -10.831  -56.686  -10.698 0.0000000000
27197  -11.928  -57.474  -11.974 0.0000000000
27202  -16.286  -56.820  -12.967 0.0000000000
27220  -15.939  -57.820  -13.346 0.0000000000
27222  -17.549  -57.713  -13.536 0.0000000000
27223  -19.215  -57.470  -13.785 0.0000000000
27226  -22.934  -57.212  -13.698 0.0000000000
27230  -26.019  -56.926  -13.265 0.0000000000
28138  -6.899  -56.637  -5.886 0.0000000000
28152  -8.895  -56.062  -6.893 0.0000000000
28172  -9.642  -56.383  -8.430 0.0000000000
28173  -11.412  -55.815  -8.423 0.0000000000
28176  -29.705  -56.947  -8.844 0.0000000000
28191  -12.611  -55.643  -9.915 0.0000000000
28206  -10.205  -56.640  -10.085 0.0000000000
28210  -13.414  -55.399  -11.223 0.0000000000
28225  -12.296  -56.246  -11.028 0.0000000000
28226  -13.455  -55.767  -11.411 0.0000000000
28244  -28.021  -56.376  -12.145 0.0000000000
28261  -19.298  -56.524  -13.461 0.0000000000
28266  -24.179  -56.664  -13.631 0.0000000000
28267  -25.037  -56.838  -13.542 0.0000000000
29150  -8.469  -55.597  -6.459 0.0000000000
29177  -12.463  -55.671  -9.015 0.0000000000
29178  -12.654  -55.494  -9.549 0.0000000000
29187  -12.947  -54.897  -10.145 0.0000000000
29200  -12.778  -55.486  -10.437 0.0000000000
29222  -16.075  -55.218  -12.189 0.0000000000
29224  -28.755  -55.397  -11.584 0.0000000000
29244  -16.680  -55.468  -12.372 0.0000000000
29246  -18.122  -55.398  -12.615 0.0000000000
29250  -28.208  -55.061  -12.045 0.0000000000
29267  -19.467  -55.721  -13.242 0.0000000000
29268  -20.730  -54.990  -13.422 0.0000000000
29269  -21.706  -55.531  -13.590 0.0000000000
29271  -23.427  -55.511  -13.607 0.0000000000
30112  -8.005  -54.788  -6.242 0.0000000000
30134  -10.709  -54.768  -7.917 0.0000000000
30136  -12.606  -55.195  -8.942 0.0000000000
30163  -13.174  -54.658  -10.486 0.0000000000
30166  -29.942  -54.113  -10.677 0.0000000000
30167  -30.196  -55.181  -9.857 0.0000000000
30188  -16.066  -54.810  -12.079 0.0000000000
30206  -18.331  -54.723  -12.569 0.0000000000
30208  -26.912  -55.060  -12.704 0.0000000000
30209  -27.593  -54.737  -12.379 0.0000000000
31055  -8.811  -54.017  -7.109 0.0000000000
31074  -9.114  -53.459  -7.867 0.0000000000
31076  -10.770  -54.170  -8.346 0.0000000000
31087  -10.959  -53.597  -9.232 0.0000000000
31090  -30.670  -53.084  -9.097 0.0000000000
31127  -13.443  -53.469  -11.227 0.0000000000
31130  -16.541  -53.732  -12.275 0.0000000000
31143  -18.131  -53.666  -12.634 0.0000000000
31145  -26.013  -52.964  -12.664 0.0000000000
31165  -20.458  -53.467  -13.421 0.0000000000
32017  -11.785  -52.986  -10.357 0.0000000000
32034  -14.392  -52.714  -11.869 0.0000000000
32037  -29.114  -53.046  -11.449 0.0000000000
32051  -17.402  -52.183  -12.912 0.0000000000
32052  -18.311  -52.245  -13.144 0.0000000000
32053  -19.109  -52.807  -13.219 0.0000000000
32054  -23.816  -52.118  -13.189 0.0000000000
32055  -24.472  -52.240  -13.034 0.0000000000
32056  -25.232  -52.492  -12.844 0.0000000000
32058  -27.399  -52.949  -12.305 0.0000000000
32954  -11.978  -52.164  -10.694 0.0000000000
32955  -12.618  -52.002  -11.039 0.0000000000
32957  -30.523  -51.995  -10.021 0.0000000000
32973  -14.763  -51.693  -12.034 0.0000000000
32999  -25.883  -51.327  -12.524 0.0000000000
33021  -19.417  -51.507  -13.378 0.0000000000
33887  -29.876  -50.787  -10.819 0.0000000000
33898  -14.444  -50.831  -11.620 0.0000000000
33899  -15.442  -50.024  -11.633 0.0000000000
33902  -29.464  -50.131  -11.110 0.0000000000
33918  -15.798  -50.627  -12.228 0.0000000000
33921  -19.064  -49.904  -12.960 0.0000000000
33924  -22.701  -50.194  -12.802 0.0000000000
33926  -26.730  -50.139  -12.371 0.0000000000
33943  -19.530  -50.718  -13.267 0.0000000000
34834  -18.275  -49.482  -12.599 0.0000000000
34836  -20.207  -49.179  -12.634 0.0000000000
35713  -13.757  -47.976  -10.097 0.0000000000
35725  -16.594  -48.013  -11.207 0.0000000000
35726  -17.404  -48.390  -11.748 0.0000000000
35761  -24.745  -47.883  -13.260 0.0000000000
36682  -14.508  -46.742  -9.527 0.0000000000
36694  -14.786  -47.295  -9.731 0.0000000000
36730  -22.612  -47.759  -13.042 0.0000000000
36742  -21.530  -46.831  -13.422 0.0000000000
37734  -16.549  -46.629  -10.971 0.0000000000
37752  -19.269  -46.615  -12.744 0.0000000000
38681  -15.696  -45.656  -9.858 0.0000000000
128641  -0.957  -73.822  -6.859 0.0000000000
128724  -13.822  -66.315  -5.152 0.0000000000
128807  -1.574  -84.252  -9.029 0.0000000000
128940  -10.058  -79.487  -36.757 0.0000000000
129005  -0.449  -73.867  -27.185 0.0000000000
129041  -12.740  -65.159  -4.962 0.0000000000
129424  -5.017  -71.854  -6.407 0.0000000000
129552  -0.711  -66.235  -11.832 0.0000000000
129613  -14.233  -70.215  -12.337 0.0000000000
129666  -0.892  -64.058  -7.938 0.0000000000
129811  -1.672  -66.833  -3.164 0.0000000000
129877  -11.355  -71.211  -1.791 0.0000000000
129981  -9.265  -69.517  -10.755 0.0000000000
129999  -5.338  -59.032  -7.301 0.0000000000
130031  -12.999  -79.847  -27.921 0.0000000000
130157  -2.185  -84.240  -12.453 0.0000000000
130232  -6.231  -72.643  -14.972 0.0000000000
130257  -7.694  -70.999  -12.822 0.0000000000
130391  -0.508  -73.926  -25.439 0.0000000000
130443  -2.054  -84.863  -8.317 0.0000000000
130468  -7.882  -81.537  -31.096 0.0000000000
130571  -15.914  -72.345  -7.204 0.0000000000
130608  -7.472  -72.297  -15.654 0.0000000000
130734  -19.157  -47.041  -12.431 0.0000000000
131020  -0.785  -73.409  -16.874 0.0000000000
131041  -2.486  -83.217  -25.642 0.0000000000
131057  -13.038  -79.003  -19.494 0.0000000000
131300  -1.604  -84.875  -17.330 0.0000000000
131371  -11.989  -80.046  -30.316 0.0000000000
131383  -5.868  -88.159  -17.730 0.0000000000
131570  -5.155  -72.665  -17.929 0.0000000000
131609  -16.445  -78.838  -28.883 0.0000000000
131610  -5.994  -69.282  -12.322 0.0000000000
131637  -14.711  -64.985  -5.555 0.0000000000
131745  -2.442  -85.892  -15.076 0.0000000000
131944  -20.872  -58.878  -14.350 0.0000000000
131951  -15.892  -62.151  -14.230 0.0000000000
131959  -22.687  -59.245  -14.205 0.0000000000
132098  -9.907  -84.639  -25.219 0.0000000000
132138  -0.456  -73.520  -24.025 0.0000000000
132145  -13.302  -89.752  -30.094 0.0000000000
132202  -12.323  -55.849  -9.253 0.0000000000
132203  -5.995  -72.686  -20.854 0.0000000000
132216  -0.848  -83.545  -14.978 0.0000000000
132407  -3.671  -89.279  -8.913 0.0000000000
132423  -6.220  -81.878  -33.223 0.0000000000
132435  -7.100  -85.705  -23.094 0.0000000000
132454  -12.533  -83.919  -21.792 0.0000000000
132487  0.048  -68.133  -26.750 0.0000000000
132512  -17.364  -79.592  -29.700 0.0000000000
132662  -0.581  -66.310  -13.054 0.0000000000
132697  -3.159  -68.792  -9.064 0.0000000000
132726  -3.592  -88.637  -8.894 0.0000000000
132800  0.508  -78.066  -28.689 0.0000000000
132816  -20.940  -66.891  -10.992 0.0000000000
132837  -6.559  -76.699  -6.516 0.0000000000
132885  -17.769  -66.084  -7.646 0.0000000000
132886  -13.602  -66.340  -13.623 0.0000000000
133149  -1.069  -73.658  -18.111 0.0000000000
133168  -11.778  -64.205  -6.013 0.0000000000
133179  -3.902  -78.828  -20.118 0.0000000000
133311  -1.602  -63.521  -6.629 0.0000000000
133375  -4.021  -81.575  -34.301 0.0000000000
133408  -19.359  -91.862  -27.015 0.0000000000
133440  -14.997  -78.875  -26.861 0.0000000000
133563  -9.255  -64.123  -12.724 0.0000000000
133628  -10.682  -70.816  -1.623 0.0000000000
133710  -15.932  -66.306  -6.705 0.0000000000
133920  -0.457  -74.971  -25.740 0.0000000000
133995  -17.512  -78.967  -31.052 0.0000000000
134407  -14.168  -82.637  -32.367 0.0000000000
134420  -1.038  -71.563  -18.101 0.0000000000
134614  -1.280  -73.495  -8.446 0.0000000000
134687  -16.723  -64.351  -6.047 0.0000000000
134760  0.513  -76.312  -33.175 0.0000000000
134812  0.755  -77.349  -30.089 0.0000000000
134842  -17.567  -89.391  -30.779 0.0000000000
134930  -1.337  -73.736  -6.108 0.0000000000
134946  -0.359  -77.907  -12.563 0.0000000000
135045  -13.880  -83.667  -15.635 0.0000000000
135063  -0.959  -70.430  -11.195 0.0000000000
135070  -9.068  -78.851  -10.728 0.0000000000
135076  -11.206  -85.392  -20.091 0.0000000000
135216  -3.539  -86.548  -16.528 0.0000000000
135284  -27.034  -54.282  -12.594 0.0000000000
135446  -7.815  -82.030  -27.987 0.0000000000
135540  -1.975  -67.789  -4.240 0.0000000000
135559  0.135  -79.770  -31.054 0.0000000000
135651  -1.002  -84.289  -17.186 0.0000000000
135741  -6.562  -90.417  -14.031 0.0000000000
135765  -7.061  -76.223  -14.774 0.0000000000
136043  0.358  -78.878  -29.756 0.0000000000
136064  -3.291  -73.863  -17.968 0.0000000000
136136  -13.824  -57.653  -12.792 0.0000000000
136281  -4.506  -89.121  -6.310 0.0000000000
136317  -3.970  -74.814  -24.991 0.0000000000
136367  -7.145  -89.615  -15.403 0.0000000000
136454  -23.195  -62.783  -13.844 0.0000000000
136634  -1.593  -78.260  -26.407 0.0000000000
136680  -19.627  -48.843  -12.501 0.0000000000
136785  -6.815  -64.340  -12.102 0.0000000000
136947  -1.757  -71.835  -29.628 0.0000000000
137046  -23.250  -54.794  -13.582 0.0000000000
137123  -23.195  -56.372  -13.644 0.0000000000
137142  -7.386  -72.460  -17.943 0.0000000000
137255  -1.142  -75.250  -31.198 0.0000000000
137346  -3.184  -74.553  -14.651 0.0000000000
137351  -15.385  -60.187  -10.786 0.0000000000
137362  -16.395  -81.205  -28.830 0.0000000000
137489  -12.787  -85.402  -17.297 0.0000000000
137498  -5.420  -73.162  -23.867 0.0000000000
137553  -11.648  -65.167  -12.987 0.0000000000
137609  -3.398  -78.930  -28.457 0.0000000000
137672  -3.382  -83.107  -20.208 0.0000000000
137673  -15.982  -54.343  -12.040 0.0000000000
137745  -28.854  -49.931  -11.501 0.0000000000
137805  -8.874  -64.598  -12.498 0.0000000000
137807  -3.027  -79.913  -17.406 0.0000000000
137861  -12.981  -90.631  -29.631 0.0000000000
138094  -4.975  -81.626  -11.385 0.0000000000
138115  -9.517  -88.360  -16.465 0.0000000000
138224  -8.081  -85.547  -23.109 0.0000000000
138261  -5.576  -67.818  -12.115 0.0000000000
138460  -4.478  -68.060  -3.245 0.0000000000
138521  -13.872  -77.599  -36.774 0.0000000000
138536  -3.933  -81.902  -32.802 0.0000000000
138544  -7.404  -71.675  -3.289 0.0000000000
138597  -9.988  -74.030  -1.951 0.0000000000
138656  -6.301  -81.667  -33.925 0.0000000000
138723  -5.322  -61.907  -10.794 0.0000000000
138790  -4.761  -77.196  -10.721 0.0000000000
138895  -1.059  -80.276  -10.032 0.0000000000
138907  -0.617  -79.855  -11.056 0.0000000000
139163  -7.828  -79.776  -8.638 0.0000000000
139178  -3.231  -62.286  -7.143 0.0000000000
139187  -0.893  -83.715  -17.408 0.0000000000
139224  -17.095  -62.534  -14.445 0.0000000000
139295  -1.189  -74.355  -19.229 0.0000000000
139492  -20.057  -65.974  -8.371 0.0000000000
139638  -8.681  -81.667  -14.195 0.0000000000
139787  -0.556  -72.298  -29.599 0.0000000000
139804  -8.746  -75.577  -16.199 0.0000000000
139869  -14.138  -81.477  -18.854 0.0000000000
139873  -22.364  -49.512  -12.667 0.0000000000
140038  -3.994  -82.546  -13.959 0.0000000000
140091  -15.094  -72.924  -6.864 0.0000000000
140136  -11.095  -49.741  -10.324 0.0000000000
140295  -15.317  -77.371  -34.987 0.0000000000
140305  -15.809  -60.313  -13.975 0.0000000000
140371  -3.732  -68.657  -4.215 0.0000000000
140463  -0.433  -68.904  -28.093 0.0000000000
140479  -14.177  -78.474  -23.569 0.0000000000
140524  -20.064  -62.541  -9.366 0.0000000000
140538  -5.008  -72.152  -6.987 0.0000000000
140545  -0.085  -67.798  -25.461 0.0000000000
140681  -13.499  -84.653  -15.735 0.0000000000
140829  -4.751  -84.072  -10.581 0.0000000000
140871  -12.909  -91.184  -28.816 0.0000000000
141056  -13.781  -78.796  -32.566 0.0000000000
141241  -26.780  -53.134  -12.513 0.0000000000
141421  -9.913  -62.998  -13.163 0.0000000000
141432  -2.723  -78.942  -17.794 0.0000000000
141705  0.577  -78.195  -31.190 0.0000000000
141813  -10.822  -76.903  -12.259 0.0000000000
141840  -19.688  -67.374  -10.735 0.0000000000
141981  -5.491  -94.520  -9.997 0.0000000000
141989  -3.355  -74.993  -22.624 0.0000000000
142033  -15.028  -64.224  -14.215 0.0000000000
142049  -6.935  -73.971  -6.620 0.0000000000
142233  -0.314  -72.443  -28.923 0.0000000000
142254  -0.206  -75.821  -9.423 0.0000000000
142275  -1.694  -73.879  -10.028 0.0000000000
142277  -0.449  -79.497  -13.423 0.0000000000
142336  -5.436  -80.480  -18.559 0.0000000000
142431  -5.464  -91.087  -15.151 0.0000000000
142475  -5.859  -93.398  -8.341 0.0000000000
142713  -0.541  -72.670  -21.169 0.0000000000
142825  -7.305  -66.583  -11.854 0.0000000000
142826  -4.275  -82.435  -15.081 0.0000000000
142834  -13.520  -54.117  -10.975 0.0000000000
142913  -16.654  -71.647  -9.037 0.0000000000
142970  -4.831  -86.063  -20.469 0.0000000000
143010  -12.367  -75.229  -10.475 0.0000000000
143051  -0.851  -63.147  -8.582 0.0000000000
143137  -6.986  -55.755  -5.755 0.0000000000
143231  -7.260  -79.030  -24.040 0.0000000000
143265  -0.323  -68.916  -21.850 0.0000000000
143319  -5.378  -90.393  -5.263 0.0000000000
143525  -11.010  -81.021  -26.166 0.0000000000
143616  -5.639  -89.646  -9.769 0.0000000000
143669  -8.318  -56.421  -6.744 0.0000000000
143694  -22.883  -53.117  -13.497 0.0000000000
143760  -0.715  -72.642  -16.826 0.0000000000
143769  -1.894  -84.706  -8.878 0.0000000000
143846  -11.169  -85.209  -20.820 0.0000000000
143893  -17.278  -80.440  -30.992 0.0000000000
143932  -3.640  -85.693  -12.401 0.0000000000
143977  -1.746  -82.481  -19.802 0.0000000000
144150  -5.649  -72.938  -13.631 0.0000000000
144234  -8.596  -67.685  -8.407 0.0000000000
144283  -13.896  -82.056  -22.239 0.0000000000
144355  -0.387  -75.214  -9.639 0.0000000000
144361  -9.786  -82.345  -13.044 0.0000000000
144455  -22.577  -62.548  -7.620 0.0000000000
144504  -7.977  -76.080  -24.988 0.0000000000
144513  -11.701  -86.717  -16.037 0.0000000000
144708  -6.348  -80.010  -8.056 0.0000000000
144751  -0.024  -68.723  -24.497 0.0000000000
144856  -19.516  -62.962  -14.481 0.0000000000
145018  -8.280  -59.164  -11.564 0.0000000000
145069  -13.528  -73.924  -3.797 0.0000000000
145081  -8.961  -85.563  -21.640 0.0000000000
145163  -19.975  -49.923  -12.955 0.0000000000
145196  -19.052  -75.714  -35.808 0.0000000000
145276  -7.133  -70.448  -12.367 0.0000000000
145308  -0.820  -71.559  -11.613 0.0000000000
145309  -9.080  -82.001  -26.366 0.0000000000
145388  -12.323  -83.526  -24.387 0.0000000000
145397  -5.326  -85.554  -10.727 0.0000000000
145593  -10.058  -71.156  -7.856 0.0000000000
145661  -10.441  -84.256  -12.101 0.0000000000
145988  -18.559  -59.121  -14.235 0.0000000000
146118  -14.122  -79.180  -29.747 0.0000000000
146134  -3.551  -86.344  -12.579 0.0000000000
146199  -13.940  -78.689  -21.012 0.0000000000
146282  -1.209  -63.350  -6.985 0.0000000000
146397  -0.834  -82.812  -11.772 0.0000000000
146448  -8.794  -81.737  -18.313 0.0000000000
146488  -0.460  -71.067  -21.005 0.0000000000
146642  -9.978  -82.572  -17.354 0.0000000000
146744  -0.539  -82.475  -14.342 0.0000000000
146788  -10.403  -80.811  -16.789 0.0000000000
146813  -16.691  -71.551  -9.903 0.0000000000
146831  -3.883  -86.929  -11.351 0.0000000000
146904  -16.618  -81.043  -31.104 0.0000000000
146918  -1.783  -76.213  -22.730 0.0000000000
147117  -3.807  -89.289  -11.886 0.0000000000
147146  -14.122  -91.176  -29.234 0.0000000000
147299  -0.497  -73.522  -24.744 0.0000000000
147398  -25.666  -62.129  -12.538 0.0000000000
147431  -8.721  -83.880  -13.402 0.0000000000
147466  -4.543  -88.516  -13.581 0.0000000000
147484  -8.653  -83.192  -19.255 0.0000000000
147575  0.074  -76.118  -27.897 0.0000000000
147599  -3.624  -84.747  -18.992 0.0000000000
147623  -5.327  -63.343  -11.082 0.0000000000
147705  -8.013  -78.801  -37.377 0.0000000000
147722  -2.776  -81.288  -25.099 0.0000000000
147739  -1.955  -75.150  -19.521 0.0000000000
147953  -26.272  -57.769  -13.163 0.0000000000
147957  -24.306  -61.166  -7.426 0.0000000000
148024  -11.225  -80.242  -31.627 0.0000000000
148200  -27.025  -60.481  -7.484 0.0000000000
148243  -9.029  -65.702  -4.777 0.0000000000
148253  -8.269  -73.111  -3.549 0.0000000000
148458  -8.276  -82.487  -25.373 0.0000000000
148515  -0.443  -80.651  -12.188 0.0000000000
148565  -10.043  -75.378  -17.658 0.0000000000
148572  -9.615  -90.369  -25.513 0.0000000000
148662  -0.668  -79.022  -14.518 0.0000000000
148701  -3.185  -66.688  -7.790 0.0000000000
148812  -7.331  -79.630  -36.801 0.0000000000
148816  -7.702  -89.973  -26.264 0.0000000000
148848  -14.445  -78.997  -26.447 0.0000000000
149031  -18.358  -59.932  -14.396 0.0000000000
149168  -12.889  -83.081  -12.973 0.0000000000
149175  -2.881  -78.886  -28.778 0.0000000000
149184  -7.893  -94.294  -7.006 0.0000000000
149188  -5.602  -72.732  -13.056 0.0000000000
149189  -14.180  -80.047  -19.577 0.0000000000
149213  -4.088  -86.881  -16.063 0.0000000000
149284  -1.499  -68.602  -14.008 0.0000000000
149311  -15.720  -71.604  -11.777 0.0000000000
149344  -2.792  -70.576  -10.608 0.0000000000
149437  -6.099  -78.637  -25.612 0.0000000000
149535  -14.151  -76.991  -37.514 0.0000000000
149646  -4.522  -81.802  -19.552 0.0000000000
149653  -15.244  -72.568  -8.427 0.0000000000
149761  -25.611  -61.452  -7.443 0.0000000000
149770  -1.023  -82.066  -9.223 0.0000000000
149811  -12.417  -59.593  -13.258 0.0000000000
149829  -4.907  -81.220  -22.196 0.0000000000
149916  -2.790  -78.023  -19.120 0.0000000000
149924  -1.377  -70.890  -17.940 0.0000000000
150013  -7.675  -77.069  -21.929 0.0000000000
150075  -8.837  -68.426  -7.809 0.0000000000
150255  -10.768  -77.635  -9.345 0.0000000000
150311  -11.657  -77.051  -37.973 0.0000000000
150377  -4.731  -92.628  -16.277 0.0000000000
150499  -6.527  -91.115  -12.328 0.0000000000
150591  -9.998  -78.254  -9.938 0.0000000000
150602  -9.469  -64.460  -7.624 0.0000000000
150648  -8.881  -74.884  -22.598 0.0000000000
150825  -1.318  -69.520  -9.211 0.0000000000
150844  -7.249  -80.425  -9.896 0.0000000000
150925  -6.596  -91.400  -8.847 0.0000000000
150971  -15.297  -54.285  -11.824 0.0000000000
150981  -9.300  -89.252  -28.586 0.0000000000
151005  -7.534  -90.400  -25.370 0.0000000000
151110  -1.555  -69.248  -2.802 0.0000000000
151167  -14.537  -70.452  -4.492 0.0000000000
151189  -10.574  -73.282  -18.503 0.0000000000
151234  -9.138  -88.515  -11.067 0.0000000000
151267  -4.803  -79.620  -24.881 0.0000000000
151379  -11.334  -60.011  -13.243 0.0000000000
151555  -17.052  -80.306  -37.285 0.0000000000
151564  -6.497  -82.113  -30.546 0.0000000000
151816  -22.829  -49.593  -12.647 0.0000000000
151870  -8.032  -72.963  -23.386 0.0000000000
151900  -18.655  -47.150  -12.293 0.0000000000
151923  -0.508  -73.534  -26.108 0.0000000000
152113  -8.381  -68.209  -8.321 0.0000000000
152126  -21.760  -53.996  -13.527 0.0000000000
152185  -29.057  -58.274  -9.848 0.0000000000
152266  -7.171  -76.523  -5.305 0.0000000000
152436  -23.527  -65.084  -11.802 0.0000000000
152511  -7.645  -72.016  -3.430 0.0000000000
152518  -5.639  -82.315  -30.706 0.0000000000
152629  -3.255  -66.174  -4.753 0.0000000000
152736  -18.024  -75.900  -35.410 0.0000000000
152792  -17.527  -79.971  -30.641 0.0000000000
152845  -15.488  -67.286  -6.791 0.0000000000
152906  -0.570  -74.727  -7.799 0.0000000000
152951  -9.811  -76.987  -13.063 0.0000000000
153028  -2.144  -72.035  -4.212 0.0000000000
153139  -5.609  -83.227  -22.353 0.0000000000
153166  -2.550  -84.788  -13.431 0.0000000000
153176  -22.266  -50.588  -13.046 0.0000000000
153298  -1.431  -68.554  -16.764 0.0000000000
153322  -9.149  -81.152  -30.744 0.0000000000
153430  -2.974  -77.500  -28.560 0.0000000000
153543  -10.217  -82.263  -21.421 0.0000000000
153668  -11.621  -63.632  -10.165 0.0000000000
153809  -11.507  -73.591  -1.802 0.0000000000
153920  -8.356  -78.035  -23.909 0.0000000000
154020  -17.150  -63.223  -9.117 0.0000000000
154046  0.223  -77.676  -26.316 0.0000000000
154089  -11.345  -76.330  -6.155 0.0000000000
154150  -1.160  -75.460  -20.871 0.0000000000
154179  -5.989  -86.111  -22.548 0.0000000000
154193  -4.572  -93.056  -14.897 0.0000000000
154210  -8.144  -89.323  -14.309 0.0000000000
154291  -2.064  -66.613  -7.072 0.0000000000
154296  -7.037  -89.696  -5.358 0.0000000000
154444  -18.612  -67.509  -9.897 0.0000000000
154519  -4.953  -71.613  -12.204 0.0000000000
154734  -8.448  -67.216  -10.215 0.0000000000
154861  -11.419  -81.415  -12.808 0.0000000000
154885  -11.829  -85.655  -29.999 0.0000000000
154925  -2.991  -73.878  -13.102 0.0000000000
154930  -2.070  -85.418  -17.057 0.0000000000
154945  -0.955  -82.984  -17.714 0.0000000000
154984  -7.130  -72.513  -18.425 0.0000000000
154989  -1.003  -76.193  -23.669 0.0000000000
154996  -4.486  -89.620  -19.270 0.0000000000
155055  -19.133  -77.619  -35.179 0.0000000000
155140  -19.827  -80.506  -39.020 0.0000000000
155150  -0.557  -75.922  -23.784 0.0000000000
155162  -2.612  -80.415  -14.637 0.0000000000
155245  -17.468  -58.836  -13.910 0.0000000000
155318  -4.363  -80.556  -23.517 0.0000000000
