global_signal	global_signal_derivative1	global_signal_derivative1_power2	global_signal_power2	csf	csf_derivative1	csf_derivative1_power2	csf_power2	white_matter	white_matter_derivative1	white_matter_power2	white_matter_derivative1_power2	csf_wm	tcompcor	std_dvars	dvars	framewise_displacement	rmsd	t_comp_cor_00	t_comp_cor_01	t_comp_cor_02	t_comp_cor_03	t_comp_cor_04	c_comp_cor_00	c_comp_cor_01	c_comp_cor_02	c_comp_cor_03	c_comp_cor_04	c_comp_cor_05	c_comp_cor_06	w_comp_cor_00	w_comp_cor_01	w_comp_cor_02	w_comp_cor_03	w_comp_cor_04	w_comp_cor_05	w_comp_cor_06	w_comp_cor_07	w_comp_cor_08	w_comp_cor_09	w_comp_cor_10	w_comp_cor_11	a_comp_cor_00	a_comp_cor_01	a_comp_cor_02	a_comp_cor_03	a_comp_cor_04	a_comp_cor_05	a_comp_cor_06	a_comp_cor_07	a_comp_cor_08	a_comp_cor_09	a_comp_cor_10	a_comp_cor_11	edge_comp_00	edge_comp_01	edge_comp_02	edge_comp_03	edge_comp_04	edge_comp_05	edge_comp_06	edge_comp_07	edge_comp_08	edge_comp_09	edge_comp_10	edge_comp_11	edge_comp_12	edge_comp_13	edge_comp_14	edge_comp_15	edge_comp_16	edge_comp_17	edge_comp_18	edge_comp_19	edge_comp_20	edge_comp_21	edge_comp_22	edge_comp_23	cosine00	cosine01	trans_x	trans_x_derivative1	trans_x_derivative1_power2	trans_x_power2	trans_y	trans_y_derivative1	trans_y_power2	trans_y_derivative1_power2	trans_z	trans_z_derivative1	trans_z_power2	trans_z_derivative1_power2	rot_x	rot_x_derivative1	rot_x_derivative1_power2	rot_x_power2	rot_y	rot_y_derivative1	rot_y_derivative1_power2	rot_y_power2	rot_z	rot_z_derivative1	rot_z_power2	rot_z_derivative1_power2	motion_outlier00	motion_outlier01	motion_outlier02	motion_outlier03	motion_outlier04	motion_outlier05	motion_outlier06	motion_outlier07	motion_outlier08	motion_outlier09	motion_outlier10	motion_outlier11	motion_outlier12	motion_outlier13	motion_outlier14	motion_outlier15	motion_outlier16	motion_outlier17	motion_outlier18	motion_outlier19	motion_outlier20
835.9080848449192	n/a	n/a	698742.3263091007	861.3184478176627	n/a	n/a	741869.4685510277	776.9354425208845	n/a	603628.6818451226	n/a	789.3772252102162	646.8541820326963	n/a	n/a	n/a	n/a	-0.0834376253	0.155703993	-0.1263935455	0.0065015688	-0.0856729053	-0.0793997253	-0.1006247811	0.2882837455	-0.2623820888	0.065683539	-0.0512413512	0.0059994564	-0.0105957381	0.1142935335	0.0941476723	-0.0165506794	0.1201546362	-0.0048272936	0.081068306	-0.3365496942	-0.0616935412	0.1137728573	-0.0402708706	0.0808172028	-0.0014214116	0.0776557094	-0.0793691365	0.1363441667	-0.1372701229	0.0209249623	-0.0972868705	0.1179309003	-0.201249733	0.1138846422	-0.1550799956	0.1408310699	-0.0895749388	0.0846489332	0.0735710923	-0.0712423333	0.1771856195	-0.1256566092	0.0939846976	-0.196915543	-0.1394334079	0.0239077545	-0.054885164	0.1090989809	-0.1602028602	0.0172116666	-0.0223674794	0.0479979235	-0.0200104209	0.0384539096	-0.0716194841	0.1926651349	-0.0112483708	0.0031197004	0.02337254	-0.219659688	0.1561451084	0.1560591586	-0.0207630983109652	n/a	n/a	0.0004311062514708	-0.0362658708729668	n/a	0.0013152133901747	n/a	-0.0966725574380973	n/a	0.0093455833616222	n/a	0.0037560230018225	n/a	n/a	1.4107708790219702e-05	-0.0021049929684537	n/a	n/a	4.43099539723952e-06	7.952839355514869e-06	n/a	6.324765381462615e-11	n/a	0.0	0.0	0.0	0.0	0.0	0.0	0.0	0.0	0.0	0.0	0.0	0.0	0.0	0.0	0.0	0.0	0.0	0.0	0.0	0.0	0.0
831.0472430500481	-4.860841794871135	23.62778295476604	690639.5201810857	838.76804405261	-22.550403765052693	508.5207099669026	703531.831723841	774.1722504690791	-2.7631920518053903	599342.6733963586	7.635230315160483	785.9172867782088	614.8589181402123	1.536108	30.471558	0.1690946773245827	0.0879269515574465	-0.1723769574	-0.1468202514	0.0204989571	0.1330037737	-0.148618216	-0.1032927231	0.094848258	-0.0440512312	0.0869506331	-0.2316131482	0.0011457665	-0.0402075576	-0.1095982026	0.044286681	-0.1835599209	-0.155260086	0.1454552686	-0.0094364208	-0.1220702888	-0.1040017841	-0.1867737749	-0.216747421	0.2111269951	-0.0118110197	0.0464466914	-0.0495587368	-0.2044681065	-0.1482447591	-0.0134651993	0.1513229982	-0.0596941717	-0.1827311672	-0.1708132544	0.2276997101	0.1896440079	-0.1285224066	-0.1225513457	0.2078138241	-0.1773719618	-0.1261180049	0.1738330484	0.1022203817	-0.0164228406	-0.3704436243	-0.0004503825	-0.0406309203	-0.2118927685	0.2540122604	0.0424502399	-0.0152049538	0.0045260615	-0.1008323128	0.0618664683	0.1819647914	0.0803248232	-0.0129452042	0.0092644642	-0.0843122188	0.0757294281	0.1484170324	0.155915944	0.1551433414	0.0015799109665834	0.0223430092775486	0.0004992100635766	2.496118662330493e-06	0.0306560182980888	0.0669218891710556	0.0009397914578927	0.004478539250223	-0.1032195133407327	-0.0065469559026354	0.0106542679342976	4.286263159105256e-05	0.0042509745110283	0.0004949515092057	2.4497699646509904e-07	1.8070784293412294e-05	-0.0012141603507502	0.0008908326177034	7.9358275276447e-07	1.4741853573338489e-06	-7.19194932020488e-05	-7.987233255756366e-05	5.172413502439543e-09	6.3795895081860454e-09	1.0	0.0	0.0	0.0	0.0	0.0	0.0	0.0	0.0	0.0	0.0	0.0	0.0	0.0	0.0	0.0	0.0	0.0	0.0	0.0	0.0
833.4991007334854	2.4518576834373107	6.011606099830575	694720.7509235289	848.0096455470772	9.241601494467204	85.40719818253847	719120.3589408795	777.2883268777797	3.116076408700565	604177.1431004581	9.709932184860207	788.1061772984655	615.9014636809567	1.698225	33.687466	0.2184608845807309	0.1305383585459844	-0.0817896709	0.0274425534	-0.0028511998	0.1103737259	0.1301416736	0.132216277	-0.1571119886	0.0160991785	-0.1118440836	0.1025647941	0.1247613861	9.0963e-06	0.0086887227	0.085308347	-0.120984569	0.0537989651	-0.2558517607	-0.1030794222	-0.0178510364	-0.0298741658	-0.0196811139	0.17001811	0.1531597439	0.0599151491	0.0525239256	0.164935345	-0.0095421609	-0.1106045927	-0.061601535	-0.0823748696	0.3133722566	0.010953765	0.0725271753	0.0089705683	-0.0886029165	0.1168289877	-0.0784204348	-0.0566195158	-0.0420840992	-0.0489423445	-0.1380952075	-0.214307659	-0.1499969015	-0.0985394908	-0.1017626852	-0.0114283836	0.0007332317	0.1681440699	-0.03965652	0.1192884494	0.2796758279	0.1074709235	-0.0538009426	0.0319826368	-0.1205048677	0.0104775137	0.1086945199	-0.0174533773	-0.189718679	0.1876193153	0.1554579513	0.1533170814	0.0019553445914368	0.0003754336248534	1.409504066705635e-07	3.8233724712611465e-06	0.0279150672632226	-0.0027409510348661	0.0007792509803102	7.512812575534085e-06	-0.2027776339533034	-0.0995581206125706	0.0411187688316999	0.0099118193799071	0.0022350301162562	-0.0020159443947721	4.064031802813049e-06	4.995359620572202e-06	-0.0014019574306827	-0.0001877970799324	3.5267743231173724e-08	1.9654846374464373e-06	4.006661826216397e-05	0.0001119861114642	1.6053338989659712e-09	1.2540889160875084e-08	0.0	1.0	0.0	0.0	0.0	0.0	0.0	0.0	0.0	0.0	0.0	0.0	0.0	0.0	0.0	0.0	0.0	0.0	0.0	0.0	0.0
832.6671026088969	-0.8319981245884946	0.6922208793187723	693334.5037670953	844.7493382836603	-3.2603072634168484	10.62960345188866	713601.444530682	776.4781789029582	-0.8101479748214615	602918.3623124544	0.6563397411073154	787.6407969015767	614.7405886669236	1.401705	27.805435	0.1713491816353362	0.0921310759950548	-0.1353117726	-0.0637573934	0.1652094967	-0.1696858705	-0.0574344608	0.0448529906	0.0073626972	-0.2334039262	0.0557153467	0.0381335551	0.0964767576	-0.1433536514	-0.0233702351	0.0511295245	-0.1348229174	0.0452372545	-0.1211831095	-0.0361505882	0.0710636313	0.1228005107	-0.0571349932	-0.1407659638	-0.0963178539	0.0330103986	0.0397280917	0.0736106894	-0.0558849156	-0.077951427	0.1210354447	-0.1759320528	-0.0428116213	-0.015304108	0.1224970649	0.0267429181	-0.0536590831	-0.2450940956	-0.0959681486	-0.0031387582	-0.032662495	-0.1433211787	-0.0894802399	0.103089684	-0.2086843544	0.056000299	0.1046309753	-0.0768229375	-0.0920913683	0.0748891797	-0.1793044645	0.0611627198	0.1024616274	0.0631916685	-0.260188571	-0.0285754537	0.2240789024	0.1173972009	-0.0889327726	0.0136307439	-0.04224098	0.0519590176	0.1547718027	0.1505910958	0.0240778953909739	0.0221225507995371	0.000489407253878	0.0005797450464586	0.0845737727164959	0.0566587054532733	0.0071527230315015	0.0032102089036407	-0.1458167544406308	0.0569608795126725	0.0212625258755992	0.0032445417948572	0.0016789208037841	-0.000556109312472	3.092575674181915e-07	2.8187750653790486e-06	-0.0014020994369521	-1.4200626939999718e-07	2.016578054890457e-14	1.9658828311013955e-06	-0.0001158229803934	-0.0001558895986555	1.3414962787209921e-08	2.4301566968992813e-08	0.0	0.0	0.0	0.0	0.0	0.0	0.0	0.0	0.0	0.0	0.0	0.0	0.0	0.0	0.0	0.0	0.0	0.0	0.0	0.0	0.0
832.7711885421444	0.104085933247461	0.0108338814999949	693507.8524658958	845.9188092468651	1.1694709632047309	1.3676623337790004	715578.6318376341	776.1523624948794	-0.3258164080788219	602412.4898063827	0.1061563317733854	786.0354142326428	612.3037315583133	1.599253	31.724155	0.3244750257118086	0.1704745456135049	-0.016195276	-0.3130686308	0.0814878967	-0.0424560424	0.1443884553	-0.1188903538	0.281359431	0.0257709563	-0.2053214189	0.1361836043	-0.0227876237	-0.2551292198	-0.0007675689	-0.1045312719	-0.1112934151	0.1931362196	0.1944554064	0.1095285882	-0.1483917784	0.1707580983	0.0866553999	-0.0509566555	0.0757338544	0.0840003553	-0.0531287887	-0.1805961388	-0.2234114807	0.055658722	-0.0233515979	-0.1190878418	0.0432354269	-0.1794771927	0.0569198831	-0.1259290628	0.0592663423	0.0381722581	0.0069877101	0.2852789537	-0.0627623206	-0.0214494836	-0.1788387412	-0.0793399822	-0.1162154765	-0.0816028019	0.1232358038	-0.0815013993	0.2810223268	-0.0912837007	-0.1653041422	-0.1340164021	0.0950578066	0.0278068121	-0.1241942851	-0.2601489075	-0.0637642974	0.0426031317	-0.3909268417	-0.0242463211	0.1102855698	-0.0966788258	0.1538585052	0.1469813818	0.0244520502887013	0.0003741548977273	1.3999188749339922e-07	0.0005979027633211	0.1692095010610756	0.0846357283445797	0.0286318552493381	0.0071632065124174	-0.0003760284674143	0.1454407259732165	1.413974083059473e-07	0.0211530047716162	0.002813059163118	0.0011341383593339	1.2862698181125909e-06	7.913301855202143e-06	-0.000893829635034	0.0005082698019181	2.583381915418646e-07	7.989314164650136e-07	0.0001222571882803	0.0002380801686737	1.4946820086204724e-08	5.668216671569744e-08	0.0	0.0	1.0	0.0	0.0	0.0	0.0	0.0	0.0	0.0	0.0	0.0	0.0	0.0	0.0	0.0	0.0	0.0	0.0	0.0	0.0
831.3162245047249	-1.4549640374194723	2.1169203501839715	691086.6651247902	844.633508767292	-1.2853004795730385	1.6519973227906828	713405.7641325472	775.1132951943615	-1.0390673005178996	600800.6203870614	1.079660855005555	786.744708733981	636.4789891989834	1.859254	36.881767	0.4240488046600429	0.2284069955015883	0.0131165554	0.1778681119	-0.0969305186	-0.0601394312	-0.0292908867	0.1707099521	-0.2477227604	-0.0086797507	0.0820826156	-0.1984843867	0.0240539295	-0.0164165763	-0.0162394263	0.0469549546	0.1668802813	-0.1482257451	-0.1061849423	0.1831559018	-0.0205016611	0.1005224314	-0.0527687147	0.0397263947	-0.0493309222	-0.0420527577	0.04922633	0.1123367888	0.2267188456	-0.0305426213	-0.1369631387	0.0252987301	-0.1178798888	-0.108153389	0.0821613158	-0.0450699781	-0.0082007142	-0.097639079	-0.0035141174	-0.0983811723	0.1158483084	-0.0022721101	0.1673693721	-0.0923771934	-0.0962425858	0.2086929426	-0.0397732461	-0.0493444957	0.0998102287	0.1080964156	-0.0498089682	0.0226246643	-0.0226478832	-0.0111235228	-0.1145782386	0.0050880555	-0.0057729716	0.0247563738	0.1085054998	0.1424084689	0.0294195683	0.1727905527	0.152719399	0.1425091225	-0.0073638932061896	-0.0318159434948909	0.00101225426047	5.422692315216535e-05	-0.0189909994539618	-0.1882005005150374	0.0003606580602603	0.0354194283941105	-0.0726748203403389	-0.0722987918729246	0.0052816295115005	0.0052271153062844	0.0004040672432722	-0.0024089919198458	5.803242069882355e-06	1.6327033708559528e-07	-0.0011174780811451	-0.0002236484461111	5.0018627447909656e-08	1.2487572618397348e-06	0.0001202261786934	-2.031009586900008e-06	1.4454334043217349e-08	4.1249999420797394e-12	0.0	0.0	0.0	1.0	0.0	0.0	0.0	0.0	0.0	0.0	0.0	0.0	0.0	0.0	0.0	0.0	0.0	0.0	0.0	0.0	0.0
830.9293589845951	-0.3868655201298452	0.1496649306653356	690443.5996225501	839.3259397859026	-5.307568981389409	28.170288492207007	704468.0331974886	774.7391081963585	-0.3741869980029833	600220.6857688889	0.1400159094744846	783.6350769238386	620.95631099226	1.377477	27.324829	0.130081650557554	0.0769705138145782	0.0837794839	-0.0682679574	0.0151125776	0.1039600846	0.0015755634	-0.0978779768	0.1224031754	-0.0528503931	0.1179602337	0.0159703185	0.1058578589	0.0303150878	-0.0476554095	-0.053974816	0.0303557993	0.0320603571	0.070650963	-0.0975878376	-0.127648105	0.0645341746	-0.1162263055	0.0879624874	0.1769829974	0.0593285133	0.0081211351	-0.1024795559	-0.1000606649	0.0585184155	-0.0115120043	0.202953811	0.1522491233	-0.0927038267	0.0183654632	0.0122151089	0.0092717251	-0.1576642339	0.0554877351	0.0454470579	-0.1010844048	0.0190159685	0.0294851497	-0.0235168523	-0.0589122013	-0.0805384957	0.0196164741	-0.011499858	0.195137496	0.1502799335	-0.0032973422	-0.0517966001	0.1457381377	0.0770275607	-0.1333022599	-0.0341348985	0.1114104546	-0.3305694639	0.0836290972	-0.0771772128	0.0438553775	0.10091984	0.1513561561	0.1372005631	0.0182239856566752	0.0255878788628648	0.0006547395447006	0.0003321136532147	0.0499638441354619	0.0689548435894236	0.0024963857207927	0.0047547704544418	-0.0786799058935514	-0.0060050855532124	0.0061905275914181	3.606105250140144e-05	7.708292731393848e-05	-0.0003269843159582	1.0691874288269218e-07	5.941777683285923e-09	-0.0013809977111749	-0.0002635196300297	6.94425954110426e-08	1.907154678270312e-06	0.0001200532736404	-1.729050530000035e-07	1.441278851177676e-08	2.989615735293401e-14	0.0	0.0	0.0	0.0	0.0	0.0	0.0	0.0	0.0	0.0	0.0	0.0	0.0	0.0	0.0	0.0	0.0	0.0	0.0	0.0	0.0
834.2956048809341	3.366245896339024	11.331611434619315	696049.1563236438	848.0696712906953	8.743731504792663	76.45284062790377	719222.1673631079	777.0748432745202	2.3357350781616333	603845.3120501201	5.455658355354731	787.1797537462688	628.9071635510549	1.49898	29.735056	0.1656690913563563	0.089867767477332	0.0698950985	0.2002148062	-0.023062755	-0.2117998983	0.1155487451	0.0009366144	-0.0473204335	-0.0868092174	0.018252096	0.1408792356	0.0408777939	0.086667838	0.0440174445	-0.0093377927	0.1652314442	0.0043299365	0.04381724	-0.0338570156	0.0829361738	0.1260840393	0.0546923604	-0.0270272528	0.0231879652	-0.1329923094	-0.036770888	-0.0074864184	0.1336511506	0.1296212932	0.1215735863	0.0653420931	-0.0383850328	-0.0047551922	0.1423104128	-0.0006533554	0.0236464228	0.0217909298	0.0367490203	-0.0626860321	0.2054562882	0.1428159442	0.0773759908	0.1896737946	-0.2657590387	0.1967226038	-0.166474576	-0.0236632365	-0.0005509817	-0.1085987373	-0.051788995	0.2742511724	0.1055492717	-0.1679541631	0.2274197147	0.0593509498	-0.0030729952	-0.104206421	0.0725119767	-0.1797445519	0.2524595116	-0.0839912824	0.1497707771	0.1310868562	0.0071690969957245	-0.0110548886609507	0.000122210563306	5.139595173410605e-05	0.074525856289398	0.024562012153936	0.005554103255668	0.0006032924410501	-0.0579692138828988	0.0207106920106525	0.0033604297582012	0.0004289327635601	-0.0012149726971762	-0.0012920556244901	1.6694077367766017e-06	1.47615865488361e-06	-0.0004870725029273	0.0008939252082475	7.991022779405148e-07	2.372396231078647e-07	0.0001192041357618	-8.491378785999945e-07	1.4209625982717644e-08	7.210351368732992e-13	0.0	0.0	0.0	0.0	0.0	0.0	0.0	0.0	0.0	0.0	0.0	0.0	0.0	0.0	0.0	0.0	0.0	0.0	0.0	0.0	0.0
834.1872527766858	-0.1083521042482971	0.0117401784950338	695868.3726951142	841.8233132331994	-6.246358057495854	39.01698898244338	708666.4907029214	777.3802404510841	0.3053971765639289	604320.0382437853	0.0932674354532196	788.0124280801323	623.549056363393	1.28031	25.397329	0.6139080642916904	0.3631872251780199	-0.0733890804	0.1659006425	0.1332835791	-0.2178169842	-0.0772469944	0.0347437957	0.0195315449	-0.2103897637	-0.0373629009	0.0745065975	-0.1096369535	-0.0177432404	0.0075201387	0.119879191	0.0730804611	0.0205139717	-0.096040499	-0.0330664398	0.4147397618	0.1588518373	0.0015642631	-0.1395135134	0.0341172852	0.1952045601	0.0164373119	0.1102593915	0.0201937996	0.0464287079	0.1813686776	-0.0481356636	-0.1319201271	0.1672693656	0.310537484	0.2414429928	-0.0588178841	-0.0318592548	-0.1590606114	-0.1525682631	0.1770907048	0.0350591424	0.0827357197	0.3338254065	-0.0006471743	0.1602148181	-0.3912365243	-0.2860022137	0.003161263	-0.0792694949	0.1434201234	-0.1081969249	-0.0194815263	0.015798193	0.0772662087	-0.2266001063	-0.0801507247	0.1085561329	-0.1814950029	-0.1526799017	-0.0404651899	0.1135956528	0.1479655889	0.1242038795	0.0043119500429043	-0.0028571469528202	8.163288710009755e-06	1.8592913172502395e-05	-0.0722032278856232	-0.1467290841750211	0.0052133061171032	0.0215294241428404	-0.3132144588999779	-0.2552452450170791	0.0981032972640059	0.0651501351038287	0.002042756216407	0.0032577289135832	1.0612797674395975e-05	4.172852959669443e-06	-0.0010470093086907	-0.0005599368057633	3.135292264485195e-07	1.0962284924849774e-06	0.0004830701793506	0.0003638660435888	2.3335679817782085e-07	1.3239849767696654e-07	0.0	0.0	0.0	0.0	1.0	0.0	0.0	0.0	0.0	0.0	0.0	0.0	0.0	0.0	0.0	0.0	0.0	0.0	0.0	0.0	0.0
838.1922150994991	4.004962322813299	16.039723207154093	702566.189453405	851.0858106673903	9.262497434190893	85.79385871839284	724347.0571193689	779.0079884046919	1.627747953607809	606853.4459983245	2.6495634004744097	790.2585725733412	647.719406403691	1.515751	30.067749	0.3985275214295791	0.249313339803981	0.0129426468	0.1049332258	0.0541785984	0.014926189	-0.0633155085	-0.0720323247	0.003075505	-0.0202093834	-0.1961854106	0.157250493	-0.0916360283	-0.1120181163	0.0555887578	-0.0152646337	0.065998502	0.1164095517	-0.0645355247	-0.0347837231	0.2315399561	-0.0986355222	-0.0118613687	0.0997151381	-0.0027926027	0.0294443548	-0.0483988438	0.0201152929	0.0121993702	0.0575870917	-0.0416916514	-0.1212007418	0.0119453979	0.1836357228	0.1075412195	0.0395360514	-0.1029553769	0.1346005699	-0.0020627368	0.0044297735	0.0195233235	0.003110945	-0.0814503691	0.0104126102	0.2803335985	-0.095352761	-0.0420040247	0.0809807762	0.1468040016	-0.0531422565	-0.145263545	-0.1797301026	0.0049906623	0.1254969465	0.0324889662	0.0155824602	-0.0770014235	0.0255087392	0.0257262239	0.0316681603	-0.1278611476	-0.0684287178	0.1459432408	0.1165920251	0.0147517796986562	0.0104398296557519	0.0001089900432411	0.0002176150042776	0.0301272133237802	0.1023304412094033	0.0009076489826565	0.0104715191981111	-0.107905695287954	0.2053087636120238	0.0116436390755767	0.0421516884158979	0.000784127974726	-0.001258628241681	1.5841450507570062e-06	6.148566807478986e-07	-0.0008938876734057	0.0001531216352849	2.3446235192352542e-08	7.990351726666554e-07	0.0002858503172686	-0.000197219862082	8.171040388255927e-08	3.8895673999643116e-08	0.0	0.0	0.0	0.0	0.0	1.0	0.0	0.0	0.0	0.0	0.0	0.0	0.0	0.0	0.0	0.0	0.0	0.0	0.0	0.0	0.0
832.5963054557396	-5.595909643759455	31.31420474112008	693216.6078585474	843.0504048584373	-8.035405808952987	64.56774651455541	710733.9851319751	776.563229907318	-2.4447584973738685	603050.4500440861	5.976844110481736	786.8294049469613	629.9000449199754	1.114816	22.114456	0.0707511408842097	0.0445958311270589	0.0106000836	0.0124867167	0.0388258061	-0.0897166209	0.0253183514	-0.0604365792	0.0594046457	0.0770443105	0.0115945022	-0.0596990238	-0.0975798035	0.0109193073	-0.0072095866	0.0130517035	0.0002556157	-0.0109943727	0.1445276989	-0.096027334	-0.0263286214	0.0859737608	-0.1282862042	0.0462910466	-0.1984938915	0.0717332198	-0.0128905918	-0.0350535281	-0.0726118782	0.0918515533	0.0122086883	0.1194254199	-0.0293418456	0.1527601538	-0.0278819406	-0.0002737883	0.0785902865	-0.0553951722	-0.0156367118	0.0070489723	0.1063255363	-0.0165074477	-0.0272629994	0.0592353462	0.1479318666	0.0368444739	-0.0939355691	-0.0034793951	0.0152713966	0.0234180981	0.0471999994	-0.0668568829	-0.1148577326	0.0848826021	0.0796973835	-0.0774796324	0.1614879557	-0.0215486866	0.131368122	0.0858126709	0.1466616476	-0.0271234371	0.1437067008	0.1082959623	0.0117071891954765	-0.0030445905031797	9.269531332052024e-06	0.0001370582788586	-0.0097062791868012	-0.0398334925105814	9.421185565213016e-05	0.0015867071255905	-0.0885326399145753	0.0193730553733787	0.0078380283302438	0.0003753152744999	0.0008661154179182	8.198744319220001e-05	6.721940841194223e-09	7.501559171556183e-07	-0.0008058765081482	8.80111652575e-05	7.745965209982974e-09	6.494369463851359e-07	0.0002858488757769	-1.4414916999850103e-09	8.170957978291761e-08	2.077898321125676e-18	0.0	0.0	0.0	0.0	0.0	0.0	0.0	0.0	0.0	0.0	0.0	0.0	0.0	0.0	0.0	0.0	0.0	0.0	0.0	0.0	0.0
832.2283019251753	-0.3680035305643514	0.1354265985078275	692603.9465252607	846.4469906995251	3.3965858410878127	11.536795375878205	716472.508064282	776.1481325528148	-0.4150973545032457	602405.9236652218	0.1723058137155932	787.6280230966933	625.6771185082125	0.925628	18.361563	0.0538318126222564	0.0312955687478474	0.0218491512	0.0341932424	-0.1068619948	0.0475802956	-0.0085151493	0.0168226264	-0.0388556498	0.1171946485	0.0214106077	0.0400804899	0.0526503592	-0.0474904281	-0.0376148785	0.0209819845	0.089834096	0.088379933	0.0818374855	-0.1739355457	-0.0374190018	-0.2447168289	0.0020656938	0.0298025013	-0.0768189448	0.0774710349	0.0358867926	-0.0065924623	0.004621352	0.1565092735	0.004995684	0.0189729592	0.0946503537	0.0914253429	-0.213371136	0.0932909603	-0.0495188829	0.0964499304	0.013875567	-0.0370922235	0.0534004539	-0.0110399714	-0.0482371052	-0.0307949336	0.2976791498	-0.00489692	0.0306416036	0.0455356627	0.0445777147	-0.0135150258	0.0546167505	0.0011547475	0.0451290085	0.0213075431	0.1494170736	0.0383945038	-0.0794773192	0.0501175664	-0.0192735988	0.0826155221	0.1314608975	-0.0442885212	0.1412592515	0.0993643757	0.0052273247110008	-0.0064798644844756	4.198864373716952e-05	2.73249236342396e-05	-0.0215628886831069	-0.0118566094963057	0.00046495816836	0.0001405791887478	-0.0835751428116253	0.00495749710295	0.0069848044959835	2.457677752575765e-05	0.0003441274726005	-0.0005219879453177	2.7247141505699415e-07	1.1842371739840787e-07	-0.0008939503651872	-8.807385703900003e-05	7.757004293726215e-09	7.991472554183283e-07	0.0002851538473631	-6.950284138000054e-07	8.131271666597814e-08	4.830644959893515e-13	0.0	0.0	0.0	0.0	0.0	0.0	0.0	0.0	0.0	0.0	0.0	0.0	0.0	0.0	0.0	0.0	0.0	0.0	0.0	0.0	0.0
830.7700385391279	-1.458263386047406	2.126532103086446	690178.856934304	843.7046348911941	-2.7423558083310127	7.520515379486842	711837.5109368832	775.9497283478355	-0.1984042049792833	602097.9809230798	0.0393642285534614	787.2524911398058	626.1090356451441	0.861411	17.087687	0.0662674642620008	0.0325876775822581	0.0101331974	-0.0639942754	-0.177498075	-0.0184531437	-0.0263491063	0.0114183702	-0.0575579319	0.1384865258	0.0849405593	-0.0392148342	0.0172974846	-0.1427350099	-0.0147781143	0.0458337315	0.0863356945	0.0879012437	-0.0769791796	0.1180458543	-0.0612547327	-0.1355349362	-0.052262127	0.0030133968	-0.0984925568	0.0958200597	0.0065032437	0.0418899707	0.0129023415	0.1000481964	-0.1575356869	-0.0617610152	0.0275494659	-0.0023909917	-0.0089361157	0.0544303823	-0.0240372855	0.0138922549	0.0117374327	-0.0061654493	0.0957707791	-0.0539553475	-0.0297372202	-0.0323816682	0.2074374112	0.1542043953	0.0510374857	0.0402974913	0.1028012666	0.0577086539	-0.005266048	-0.0768189359	-0.093769059	-0.0460565757	0.1235079979	0.1896331227	-0.0818467628	-0.0099463492	-0.0170977354	-0.0869727961	0.0228806515	0.0154256031	0.1386044847	0.0898496795	-0.0121472829896305	-0.0173746077006313	0.0003018769927508	0.0001475564840301	-0.029017118060679	-0.0074542293775721	0.0008419931405473	5.556553561345896e-05	-0.0769944768737502	0.006580665937875	0.0059281494690624	4.330516418590952e-05	8.106555804475302e-05	-0.0002630619145557	6.920157088973512e-08	6.571624701107221e-09	-0.000459988375066	0.0004339619901212	1.8832300886995253e-07	2.115893051958591e-07	0.0002850185271216	-1.353202414999962e-07	8.123556080256625e-08	1.831156775961729e-14	0.0	0.0	0.0	0.0	0.0	0.0	0.0	0.0	0.0	0.0	0.0	0.0	0.0	0.0	0.0	0.0	0.0	0.0	0.0	0.0	0.0
828.4379573209429	-2.3320812181849533	5.438602808211016	686309.4491300965	844.9896207432838	1.284985852089676	1.6511886400706306	714007.4591638786	776.0412978268741	0.0915694790386396	602240.0959328192	0.0083849694914078	788.5229313706893	616.7101344526053	0.793949	15.749458	0.0875578602394099	0.046422984570266	0.0093726966	-0.056675803	-0.250000195	0.0543912563	-0.0498601891	0.0456288445	-0.1209116182	0.1885947639	0.1372332182	0.047488638	0.1102539063	-0.1767165796	-0.0019954843	0.0609254218	0.1381886503	0.0737239934	-0.1656030859	0.066170471	-0.0945161215	-0.0643663232	0.0277096524	-0.0751706565	-0.0036604244	0.0271159234	0.0180772391	0.1030795006	0.1381209098	0.0628075551	-0.1451217221	-0.0858525612	0.0380352127	-0.0694014571	-0.0227473506	0.0127657379	0.0080057234	-0.0454001681	0.0275356869	-0.03705332	0.0421905887	-0.0812679908	0.0395078497	-0.0943602268	0.1131177996	0.1367434118	0.1251318863	0.1121953132	0.1076346233	0.0400553456	0.0818186339	-0.019332724	-0.0363273703	-0.1265035262	0.1156246474	0.1682697025	-0.0340494549	-0.0283856438	0.0105698154	0.0222328808	0.0412801709	-0.0921722238	0.1357462967	0.0798077096	-0.012272866082327	-0.0001255830926965	1.577111317121773e-08	0.0001506232418747	-0.0295986234375078	-0.0005815053768287	0.0008760785093953	3.38148503280801e-07	-0.0526073588753632	0.024387117998387	0.0027675342078412	0.0005947315242672	-0.0002820747251104	-0.0003631402831551	1.3187086525000473e-07	7.956615054610772e-08	-0.0008939767765914	-0.0004339884015254	1.8834593265857185e-07	7.9919447708475e-07	-0.0001671258636278	-0.0004521443907494	2.793105429333801e-08	2.044345500861461e-07	0.0	0.0	0.0	0.0	0.0	0.0	0.0	0.0	0.0	0.0	0.0	0.0	0.0	0.0	0.0	0.0	0.0	0.0	0.0	0.0	0.0
828.8776642350293	0.4397069140864005	0.1933421702953852	687038.182267718	840.6492634548503	-4.340357288433552	18.83870139125825	706691.1841471823	776.5779519527592	0.536654125885093	603073.3154591421	0.2879976508294932	787.0172035111434	609.2070682326474	0.816434	16.195492	0.0740846131333229	0.0309888582747535	0.0250103262	-0.1635277007	-0.2013098463	0.0469555673	-0.0612342287	-0.0433107115	-0.0310455511	0.1911562876	0.243627908	0.0547808272	-2.29304e-05	0.0161802417	0.0280851338	0.016893737	-0.0210141767	-0.0175147645	-0.1228946225	0.1824095521	-0.2040110293	-0.0429052167	-0.0227250637	0.0787173311	-0.0037436091	0.1243062123	-0.0368994469	0.0553119052	-0.0380952887	-0.0299596434	-0.2347816274	0.0199686896	0.0357224556	-0.0503476764	0.0231385889	-0.0966640408	-0.0757826194	-0.011825543	0.0470877809	-0.0076102057	-0.0164524242	-0.0864828416	0.0167005036	-0.106448624	0.0241460814	0.2053374153	0.0877590644	0.072839039	0.0860144894	0.1272115985	0.0783834586	-0.100652975	-0.1577312522	-0.1226821938	-0.0055341257	0.1922717559	0.0338277314	0.0023010844	0.0327802151	-0.1775114003	-0.0657442176	-0.0599237487	0.1326888823	0.0692973963	-0.0341486735047027	-0.0218758074223757	0.0004785509503808	0.0011661319021307	-0.0389750953390688	-0.009376471901561	0.0015190580566895	8.791822532076303e-05	-0.0689960276698684	-0.0163886687945052	0.0047604518342212	0.0002685884648559	-0.0004279958027577	-0.0001459210776473	2.129296090174936e-08	1.8318040717820805e-07	-0.0006910025927866	0.0002029741838048	4.119851929122474e-08	4.774845832378037e-07	1.2852175217721373e-05	0.0001799780388455	1.6517840782701139e-10	3.239209446668e-08	0.0	0.0	0.0	0.0	0.0	0.0	0.0	0.0	0.0	0.0	0.0	0.0	0.0	0.0	0.0	0.0	0.0	0.0	0.0	0.0	0.0
829.4212666249102	0.5436023898809026	0.2955035582842288	687939.6375296704	835.7706376093968	-4.8786258454534845	23.80099013992673	698512.5586900177	774.1684733758705	-2.409478576888773	599336.8251691258	5.805587012485947	785.0285417847853	619.2421721186504	1.349665	26.773115	0.2679623088287352	0.1666477823868419	-0.0273642524	0.1180105621	-0.1319969766	0.0990351146	-0.019504633	0.1592139119	0.0096787748	0.0390539485	0.2693938888	0.1441925348	-0.065006897	0.2815972536	-0.1092643009	0.0834502159	0.086831843	-0.1306678896	-0.0786530549	-0.1911910336	-0.1198510952	0.1526826914	0.1098630619	0.197469935	-0.0922179428	-0.1266314837	0.1733838057	0.0928317642	0.1481131052	-0.0123309594	0.0951158999	0.2092822025	0.1318961772	0.0217159877	0.0190168908	-0.2099808054	0.0063718189	0.0289339039	-0.0509287913	-0.2588250363	-0.0642016788	0.0277875287	0.0500990931	-0.1686554429	-0.0512668221	-0.0973699742	0.0838143234	0.1772334761	0.133049813	-0.2596609502	0.182646869	0.0155789753	-0.0200480874	-0.0400983422	-0.2550815888	0.031182779	0.0414037369	-0.100637026	0.1096565143	-0.0446923651	0.2859319753	-0.1975725015	0.1294367287	0.0583804184	-0.0536244968838701	-0.0194758233791674	0.0003793076962965	0.0028755866660481	-0.0421440793175804	-0.0031689839785115	0.0017761234215265	1.0042459456063198e-05	-0.2194071549156007	-0.1504111272457323	0.0481394996281584	0.0226235071993318	0.0002718918777256	0.0006998876804833	4.89842765292294e-07	7.392519317315264e-08	-0.0012979180854766	-0.00060691549269	3.683464152671456e-07	1.684591356607243e-06	0.0006041764865509	0.0005913243113331	3.650292269009899e-07	3.4966444117365804e-07	0.0	0.0	0.0	0.0	0.0	0.0	0.0	0.0	0.0	0.0	0.0	0.0	0.0	0.0	0.0	0.0	0.0	0.0	0.0	0.0	0.0
833.0009363208177	3.579669695907455	12.814035131798173	693890.559911359	837.046649131046	1.2760115216492522	1.6282054033816402	700647.0928215125	774.6109639714273	0.4424905955568192	600022.1455047438	0.1957979271562286	787.2040400062325	620.2045224354449	1.502221	29.799345	0.3710814658675301	0.2156246479513354	-0.1947475692	0.1638607799	-0.0084746987	-0.006627295	-0.2604311337	0.3950368347	0.0765855633	-0.2374539978	0.1118198527	0.0250572083	-0.0260710543	0.128131831	-0.1591075895	0.2036145533	-0.0624085847	-0.1485290627	-0.1009972805	-0.091041047	0.0625777825	0.101793783	0.2721443771	0.0162515632	-0.2371742697	-0.5293769954	0.2750618562	0.2138558647	0.1941894076	-0.0879687005	0.3898476055	-0.0460511115	-0.1616897266	0.0314796738	-0.0968332575	-0.289273261	0.2284966819	0.022668008	-0.2203837344	-0.3430341964	-0.1798584687	-0.0251735113	0.1646642444	0.1150618493	-0.0694277266	-0.1744308223	0.1576170271	0.3225688113	-0.2347811095	-0.232079636	0.1416060404	-0.0529769799	0.0116826057	-0.0346762006	0.0287097982	-0.0692204868	-0.174715664	-0.0270845471	-0.2085612816	0.0574934156	-0.2224267697	0.0866196948	0.1259946088	0.0471208409	-0.0766829209098034	-0.0230584240259332	0.0005316909185597	0.0058802703592591	-0.0592269029906731	-0.0170828236730926	0.0035078260378666	0.0002918228646459	-0.3993048084006716	-0.1798976534850709	0.159444330011897	0.0323631657294346	0.0015880526016424	0.0013161607239168	1.732279051181195e-06	2.521911065583195e-06	-9.412299930433576e-05	0.0012037950861722	1.4491226094924893e-06	8.85913899804399e-09	0.0011050719701305	0.0005008954835796	1.2211840591681048e-06	2.5089628547044133e-07	0.0	0.0	0.0	0.0	0.0	0.0	1.0	0.0	0.0	0.0	0.0	0.0	0.0	0.0	0.0	0.0	0.0	0.0	0.0	0.0	0.0
835.8360579124081	2.8351215915904504	8.03791443910237	698621.9157065545	841.8783726783315	4.831723547285492	23.345552437393096	708759.1943835156	778.2127225497243	3.6017585782969945	605615.0415382541	12.972664856335989	787.2834932211242	617.0442722274596	1.710471	33.930374	0.6768382991849228	0.3686075626061169	-0.0107150872	-0.0350620746	0.1811258739	0.0209103629	-0.029623071	0.0363577179	0.1040792992	-0.2163157891	-0.0038812718	0.1868393012	-0.2464673983	-0.0178205918	0.0321644776	-0.0439218293	-0.1273638168	0.0548108089	-0.0337437297	-0.1463605629	0.12809813	0.0807842162	0.0942327589	-0.0073959074	-0.0321231768	0.0607507451	-0.0237254985	-0.0426086459	-0.0827514623	-0.0490990521	0.1449730248	-0.0400527245	0.1646724772	0.2018634039	0.1799121718	0.0267569445	-0.0499581006	0.0978363155	0.0022422145	-0.0914140463	-0.0782979668	-0.0732773919	-0.236945941	0.0577245978	-0.0592576873	0.1016499221	-0.0181487268	0.1004164642	-0.0399310869	-0.0743330387	-0.1363506526	0.0177906695	0.0066487098	-0.0999920856	0.0429908006	-0.091797199	0.1124980042	0.0761922791	0.1794533593	0.0820703982	-0.1025462682	-0.0323498045	0.1223675745	0.0355847396	-0.0350433345555529	0.0416395863542505	0.001733855151753	0.0012280352967724	0.1130787122148433	0.1723056152055164	0.0127867951561673	0.0296892250313514	-0.1235205842455116	0.27578422415516	0.0152573347323525	0.0760569382928635	-0.0006869888193984	-0.0022750414210407	5.175813467451341e-06	4.719536379784074e-07	-0.0005000153292455	-0.0004058923299411	1.6474858350506696e-07	2.500153294804858e-07	4.3828251712547007e-05	-0.0010612437184179	1.9209156481783794e-09	1.1262382298815635e-06	0.0	0.0	0.0	0.0	0.0	0.0	0.0	1.0	0.0	0.0	0.0	0.0	0.0	0.0	0.0	0.0	0.0	0.0	0.0	0.0	0.0
834.9800602405949	-0.8559976718132702	0.7327320141497391	697191.7009993874	843.9787196262627	2.1003469479311434	4.41145730168367	712300.0791819857	778.1675275023957	-0.0451950473285478	605544.7008591918	0.0020425923030296	788.3557589438326	623.9054386950879	1.092114	21.664122	0.0975405807353611	0.0702397502837238	0.03350715	-0.052665512	0.128176281	-0.1487848403	-0.0970632	-0.0098051953	0.0073876012	-0.0468367409	-0.0426739591	0.1075290041	-0.163790528	-0.0132929939	0.0641623942	0.0504020943	-0.0478720949	0.0315368752	0.0992840356	-0.0359042542	-0.0487091196	0.100337722	-0.0574739393	-0.0707170989	-0.2540698753	0.0470069528	-0.0416623124	0.0500608918	-0.0682039908	0.0142138021	0.066971826	-0.005086288	-0.1469629669	0.1170212687	-0.0169070313	-0.1905066161	0.0039740064	-0.1286901578	0.0263370339	-0.0528143463	-0.0113521828	-0.0998742076	-0.0298555416	0.1450734555	-0.1131442555	0.1012682921	0.0274701173	0.2082580902	-0.0237403665	-0.0512734478	-0.1207673219	-0.1106949187	-0.1535685795	0.0349775993	0.0325899045	-0.012634182	0.0621774153	-0.0184962832	0.1120784016	0.0429766405	0.0299467081	-0.0104065302	0.1185609488	0.023839813	-0.022612393827444	0.0124309407281088	0.0001545282873857	0.0005113203546074	0.0448019866957309	-0.0682767255191124	0.0020072180118844	0.0046617112476122	-0.1233563626808091	0.0001642215647024	0.0152167922138393	2.696872231333712e-08	-0.0005870409293377	9.994789006069992e-05	9.989580727585758e-09	3.4461705271767055e-07	-0.0005369550921308	-3.693976288530001e-05	1.364546082022188e-09	2.88320770965196e-07	-0.0001526579538102	-0.0001964862055227	2.330445086151716e-08	3.860682896072718e-08	0.0	0.0	0.0	0.0	0.0	0.0	0.0	0.0	0.0	0.0	0.0	0.0	0.0	0.0	0.0	0.0	0.0	0.0	0.0	0.0	0.0
833.418608138402	-1.5614521021929022	2.4381326674426336	694586.5763913512	843.8426402389623	-0.1360793873003558	0.0185175996480402	712070.4014854628	776.8851914423682	-1.2823360600275464	603550.6006824451	1.6443857708469711	786.9934633106407	611.2269080441639	1.23646	24.527491	0.1535966181368808	0.0670531840211187	-0.0515047152	-0.0923295818	0.0978720026	-0.0448364117	0.158856543	0.0416213287	0.0017129177	0.1105499937	-0.0216471901	0.0149953036	-0.187081911	0.0778724382	-0.0156597315	0.0508581625	-0.1428850044	0.0096141643	0.039962113	-0.1027788626	-0.1386223628	-0.0674207368	0.1171121056	0.126603272	-0.1028374972	0.1206315871	0.0211937795	0.0263537077	-0.1189298032	-0.0540407341	-0.029346163	0.1110412138	0.1984604843	0.113666878	-0.1028438935	-0.1065634494	0.0735150206	0.181576786	-0.0159861386	-0.0643467217	0.0290490631	-0.0335241544	-0.3673854388	0.0697353458	0.24226406	-0.0095790401	0.0234987011	0.0384419301	-0.0690060642	-0.0030137436	0.2407128872	0.1781816541	0.0530827814	0.0887723637	-0.0016156257	-0.1364812899	-0.0460996053	-0.0629988285	0.0862207424	0.1120656792	-0.2327229794	-0.0643588908	0.1145803187	0.0119549848	0.0125590593346345	0.0351714531620785	0.0012370311175322	0.0001577299713708	0.0676158799459756	0.0228138932502446	0.0045719072208685	0.0005204737252335	-0.0827798631770235	0.0405764995037856	0.0068525057476067	0.0016464523119807	9.201960719394072e-05	0.0006790605365316	4.611232122746398e-07	8.467608108127146e-09	-0.0003729952491997	0.0001639598429311	2.6882830093991003e-08	1.391254559255463e-07	0.0001050171111425	0.0002576750649527	1.1028593632716198e-08	6.639643909837819e-08	0.0	0.0	0.0	0.0	0.0	0.0	0.0	0.0	0.0	0.0	0.0	0.0	0.0	0.0	0.0	0.0	0.0	0.0	0.0	0.0	0.0
834.5654535380056	1.1468453996036487	1.3152543705920527	696499.496239097	848.4663993203716	4.623759081409276	21.379148042914743	719895.2307756762	778.4531345438868	1.5679431015186085	605989.2826812027	2.458445569599793	790.2130430826128	623.7081965710744	1.23006	24.400539	0.1460673460152856	0.0815610409014934	0.074599418	-0.0785504148	-0.012152654	-0.0577743334	-0.0348726088	-0.011452775	-0.0905905095	-0.0271107807	0.0201450282	-0.1122416399	0.0799062016	-0.0362208094	0.0426448487	-0.0749381617	0.0021753815	0.0710488391	-0.0725601481	0.0014976554	0.0650060572	-0.1132021824	0.1321523023	-0.0895885995	-0.0085966516	0.0112064279	-0.05169475	-0.0601863791	0.0612941058	0.0031172216	0.0439675319	-0.1524450151	-0.0283992285	0.005778043	-0.1128930908	0.054406858	-0.0606211818	-0.0355222662	0.0567363603	0.0440801397	-0.0013040796	0.0722039078	-0.071437828	0.1449380099	0.172983732	-0.0337032701	0.2455574566	-0.0905018881	-0.0262794306	-0.1744897656	0.0292387957	-0.0076921627	0.1073262671	-0.1931460653	-0.0284009782	-0.0283188029	0.0231182997	0.0744962683	-0.0533773619	0.2415211571	0.048037008	-0.0034804924	0.1104315261	-0.0	-0.0004872083003704	-0.0130462676350049	0.0001702050992041	2.373719279498139e-07	0.027626179100082	-0.0399897008458935	0.0007632057716698	0.001599176173744	-0.0157001528330624	0.0670797103439611	0.0002464947989815	0.0044996875398297	-1.3000732851221518e-05	-0.0001050203400451	1.1029271823201508e-08	1.690190546688304e-10	-8.199987736556835e-05	0.0002909953718341	8.467830642888454e-08	6.723979887968249e-09	-1.800052078672691e-05	-0.0001230176319292	3.2401874859338764e-10	1.513333776547475e-08	0.0	0.0	0.0	0.0	0.0	0.0	0.0	0.0	0.0	0.0	0.0	0.0	0.0	0.0	0.0	0.0	0.0	0.0	0.0	0.0	0.0
831.1118175509674	-3.453635987038183	11.927601530965203	690746.8532728726	836.3780476272486	-12.088351693122943	146.12824665662836	699528.2385527681	777.4970729985041	-0.9560615453826812	604501.6985212412	0.9140536785595208	786.0367812377539	596.3178185535722	1.61522	32.04089	0.2035454672066045	0.1044449448797546	-0.1160510309	-0.1109449654	0.1784966427	0.3521210189	0.1079099262	-0.0550158859	0.200315188	0.0589769695	0.013586698	-0.1163270281	-0.2124114897	0.1550263616	-0.002386237	-0.137873126	-0.2550678668	-0.1698662186	0.0129072404	0.2074776539	-0.1045272317	0.0653622222	0.1686578925	0.1576881571	0.1272818168	0.0544849774	-0.0167542497	-0.1193285843	-0.114276783	-0.3433339361	-0.0977044882	0.0896248866	0.0260830334	-0.1348617614	0.1104866235	-0.1661338523	-0.0466403086	0.1462756921	-0.0293146304	0.0243655222	-0.2888257305	0.040522773	-0.1395545072	-0.2890089322	-0.0668950362	0.0499745117	-0.2508103492	-0.1655043235	-0.1439209902	-0.0314428265	0.1336153501	0.1400039757	-0.3946254435	-0.0217931821	0.026860969	0.0319164074	0.0961174724	-0.0349920076	-0.1038999281	-0.1034991928	-0.2100304789	-0.1288052844	0.10612066	-0.0119549848	-0.0152683992911164	-0.014781190990746	0.0002184836071049	0.0002331240169129	0.0385772939768571	0.0109511148767751	0.0014882076105768	0.0001199269170443	-0.0644473435837795	-0.0487471907507171	0.0041534600950057	0.0023762886060867	0.0012333313474439	0.0012463320802951	1.5533436543727654e-06	1.5211062125877862e-06	-0.0011341870142342	-0.0010521871368686	1.1070977709918086e-06	1.2863801832574894e-06	-0.0003008007153903	-0.0002828001946035	9.048107037931627e-08	7.997595006781882e-08	0.0	0.0	0.0	0.0	0.0	0.0	0.0	0.0	1.0	0.0	0.0	0.0	0.0	0.0	0.0	0.0	0.0	0.0	0.0	0.0	0.0
834.5734376286588	3.46162007769135	11.982813562275869	696512.8227953168	849.1183368658563	12.740289238607716	162.31496988338355	721001.9500018379	779.2937262031469	1.79665320464278	607298.7116995853	3.227962737753172	791.4302703303741	612.3772356998489	1.517441	30.101269	0.1430053754284576	0.093125973797512	0.0087024091	-0.0599169801	-0.0061233499	0.0164706897	0.1556391936	0.021722471	-0.1180920622	-0.1023361701	-0.0247322033	-0.231899808	0.1043340505	0.0143487934	0.0788585674	-0.0098184922	-0.0079469375	0.0954965921	0.0526345374	0.0745387185	0.1028804325	-0.0857889402	0.1088812885	-0.1736943802	0.076144182	-0.0729639973	-0.0718915087	-2.9261e-05	0.070215207	0.0077898364	0.118363213	-0.1717733274	-0.0303042048	-0.1932806058	-0.1064473304	0.1347264395	0.1435158984	0.2291153416	0.0215602785	0.1270276265	0.0539505141	-0.006761869	-0.0152262289	-0.0155836084	-0.0015081221	-0.0786127048	-0.0156087852	-0.1196180671	-0.102086355	0.0594559573	-0.0324033943	0.25063973	-0.0464020009	-0.1014923205	-0.0395241928	-0.0114733424	-0.204437692	-0.1362190812	0.0897605834	0.1552951221	-0.0552286357	-0.0276185389	0.1016540472	-0.023839813	-0.0044514113823197	0.0108169879087967	0.000117007227419	1.9815063294645383e-05	0.0253252573426578	-0.0132520366341993	0.0006413686594718	0.0001756164749541	0.0267390929505921	0.0911864365343716	0.0007149790918204	0.0083149662078369	0.0013468145230416	0.0001134831755976	1.2878431143738402e-08	1.8139093594757728e-06	-0.0008423041258462	0.000291882888388	8.519562053372168e-08	7.094762404175311e-07	-0.0004504329384264	-0.0001496322230361	2.0288983201944109e-07	2.2389802170725185e-08	0.0	0.0	0.0	0.0	0.0	0.0	0.0	0.0	0.0	1.0	0.0	0.0	0.0	0.0	0.0	0.0	0.0	0.0	0.0	0.0	0.0
834.5195373233921	-0.0539003052666657	0.0029052429078397	696422.8581744485	848.6813534293206	-0.4369834365357974	0.1909545238066352	720260.0396586233	778.2533780787321	-1.040348124414777	605678.3204909579	1.0823242199733445	789.3855968300281	635.5874979256627	1.267158	25.136438	0.0989744858640328	0.0628785379192902	0.1179482791	-0.0433330438	0.0177344051	0.0596600362	-0.0236029321	-0.1360411855	-0.0036682302	-0.0777879536	-0.0207602702	-0.1039305054	0.1422420177	0.017233468	0.0685655886	-0.1254440866	-0.0064810419	-0.0610142563	0.0797889808	0.0873343478	-6.26437e-05	0.0256131621	-0.0887215061	0.0658537908	0.1038291064	0.0407882405	-0.0973512113	-0.1063535291	-0.0074247372	-0.0391440979	-0.0209547022	-0.0192896924	-0.0831923885	-0.0574680245	-0.0044406877	-0.0015318358	-0.1754758642	-0.1824288333	0.104369565	0.0964450993	-0.0552719044	0.1135336182	0.0677768017	-0.0677805794	-0.0091793422	0.0438378374	0.0606621724	-0.1087446165	-0.0160679698	-0.0672530488	0.1068192494	-0.2005349873	0.0059834558	0.057570784	-0.0242061366	-0.0938841412	0.1016935712	0.1648642298	-0.0822153943	0.0690773051	-0.064050014	0.024136313	0.0970382431	-0.0355847396	-0.0154192898595226	-0.0109678784772028	0.0001202943582906	0.0002377544997719	-0.0132943108103944	-0.0386195681530521	0.0001767386999233	0.0014914710443282	0.0264676618451744	-0.0002714311054177	0.0007005371235505	7.367484498827534e-08	0.0003733135270776	-0.000973500995964	9.477041891429e-07	1.39362989499118e-07	-0.0008420828983481	2.212274981000127e-07	4.894160591559111e-14	7.091036076903365e-07	-0.0004418429993213	8.589939105100035e-06	1.952252360492423e-07	7.37870538293268e-11	0.0	0.0	0.0	0.0	0.0	0.0	0.0	0.0	0.0	0.0	0.0	0.0	0.0	0.0	0.0	0.0	0.0	0.0	0.0	0.0	0.0
833.2017354059944	-1.3178019173976736	1.736601893496985	694225.1318835608	845.8257662050283	-2.855587224292208	8.154378395540876	715421.2267763233	778.5023864288902	0.2490083501580784	606065.965675477	0.0620051584484482	789.7077340336722	611.4187442212699	0.984988	19.539066	0.1710314109349864	0.0971187155277513	0.052612327	-0.1011562446	0.018245461	0.0330996543	0.100417796	-0.064655401	0.0108290831	0.0332700417	-0.033386312	-0.0888871428	0.0418011442	0.0512802297	0.0542972149	-0.1038340445	-0.1135456145	-0.0454255253	0.0762917975	0.0759804974	-0.1184439856	-0.0691480724	0.0358098312	-0.0664213546	0.0012397851	-0.1064789823	-0.080355136	-0.1012154006	-0.0329746194	-0.0974199061	0.0058073169	-0.0029429414	-0.0352934573	-0.0723568873	-0.1932702238	-0.0564065403	0.0584806055	-0.0038451158	0.0964148949	0.0976376783	-0.028100849	0.0640939928	-0.0151957609	0.0041457048	-0.0345587156	0.0318306186	0.1318196967	0.0064176773	-0.1739730035	0.0126894097	0.0432632816	0.147732125	-0.0603418327	0.0502034136	0.0653683475	0.1071364304	-0.009927232	-0.0060457485	-0.0562119803	-0.0533626178	0.0112803821	0.0636322265	0.092280022	-0.0471208409	-0.0155537409387136	-0.0001344510791909	1.807709269562454e-08	0.0002419188571886	0.02387861234142	0.0371729231518144	0.0005701881273518	0.0013818262156506	0.0655930587892754	0.039125396944101	0.0043024493613333	0.0015307966860334	-0.0009670649321481	-0.0013403784592257	1.7966144139562618e-06	9.352145829906092e-07	-0.0002907860323273	0.0005512968660207	3.039282344843559e-07	8.455651659665355e-08	-0.0004421404692724	-2.97469951100022e-07	1.954881945684181e-07	8.848837180744945e-14	0.0	0.0	0.0	0.0	0.0	0.0	0.0	0.0	0.0	0.0	0.0	0.0	0.0	0.0	0.0	0.0	0.0	0.0	0.0	0.0	0.0
835.8321836452706	2.63044823927612	6.919257939510841	698615.4392172213	849.2402554651734	3.4144892601450465	11.658736907645867	721209.011502553	777.7011527872264	-0.8012336416637709	604819.0830465809	0.641975348533788	788.3887036953563	630.7335857368378	0.870147	17.260979	0.0722347704702162	0.0457011748139005	0.131238771	-0.0133704743	0.0634910833	0.0809804414	0.0360484839	-0.1034061241	0.0175547971	-0.0862424709	-0.1170951995	-0.0866904373	0.1375554172	0.111794549	0.0407409731	-0.1364034771	0.06814331	-0.0417997067	0.0644048757	-0.0289128939	-0.0509593621	0.1211954918	0.0256337737	-0.1023753122	0.1259001127	-0.1597627942	-0.0730064524	-0.1437274377	0.0635818069	0.0144807133	0.0216996377	0.0514896694	0.020227119	-0.1352841992	0.0193611287	0.0006241965	0.0710033784	-0.0598853204	0.1294833249	0.0905120897	-0.0449809885	0.137953046	0.0686255007	-0.0363867217	-0.0664625725	0.0511350728	0.0516061984	-0.0937934797	-0.0700718741	-0.0093706362	0.0519995113	-0.1024382452	0.049495976	0.0773121359	-0.0146295489	0.0414136672	0.0680771718	-0.0213231828	-0.0680591129	-0.1086699051	-0.0387935547	-0.0872076618	0.0873863672	-0.0583804184	-0.0125157102450117	0.0030380306937019	9.22963049587485e-06	0.000156643002937	-0.0047424981265749	-0.0286211104679949	2.249128848056644e-05	0.0008191679644211	0.056078831359386	-0.0095142274298894	0.0031448353266344	9.052052358765988e-05	-0.0003460645528647	0.0006210003792834	3.8564147107012686e-07	1.1976067474944476e-07	-0.0002909234040795	-1.3737175220002997e-07	1.887099830250644e-14	8.463642704120404e-08	-0.0004420501827354	9.028653700002666e-08	1.954083640564005e-07	8.151658763457184e-15	0.0	0.0	0.0	0.0	0.0	0.0	0.0	0.0	0.0	0.0	0.0	0.0	0.0	0.0	0.0	0.0	0.0	0.0	0.0	0.0	0.0
834.4398305012245	-1.3923531440460692	1.938647277734974	696289.8307269122	844.659661651417	-4.580593813756423	20.98183968662361	713449.9440210862	778.0152936499663	0.3141408627399187	605307.7971532433	0.0986844816429804	788.7936214418523	623.179667844351	0.813478	16.136843	0.1126972190410064	0.0705616178904596	0.09590345	-0.0276132699	0.1231675291	-0.0154234762	0.1096396571	-0.0592195668	0.0600400585	-0.0206514704	-0.028340518	-0.0364408713	0.103219474	0.0472936966	0.0411467039	-0.1004651936	-0.051523382	0.005900412	0.0473961284	0.0371864346	-0.0698431301	-0.0210663857	-0.0691037772	-0.1418400063	0.0028756754	-0.1581303656	-0.0628135873	-0.1170806182	-0.0077842536	-0.0214434354	0.0294082117	-0.0047203669	-0.0399603851	-0.0195215676	-0.1213374714	-0.0261920551	0.0643830609	-0.0765459424	0.1232883416	0.1005441978	0.0031181497	0.0976019223	-0.0014884928	0.0265202788	-0.0072749336	0.0490500419	0.0805971145	-0.0008685536	-0.1280037702	-0.0667693922	0.0463085803	0.1577535337	0.0715418882	0.1127285574	0.0914479981	0.0983250917	0.0859110136	0.0302769546	-0.0519888891	-0.0478288816	-0.0566793064	0.0095534365	0.0823644609	-0.0692973963	-0.0021982196756624	0.0103174905693492	0.0001064506116486	4.832169742469308e-06	0.0132027825574709	0.0179452806840458	0.0001743134672598	0.0003220330988291	0.0885941325240224	0.0325153011646364	0.007848920317684	0.001057244809827	-0.0013840674627887	-0.001038002909924	1.0774500410106917e-06	1.9156427415503498e-06	-0.0002906942651863	2.2913889320002893e-07	5.2504632376934284e-14	8.450315581220289e-08	-0.0004422010663777	-1.5088364230004137e-07	1.9554178310557506e-07	2.2765873513726835e-14	0.0	0.0	0.0	0.0	0.0	0.0	0.0	0.0	0.0	0.0	0.0	0.0	0.0	0.0	0.0	0.0	0.0	0.0	0.0	0.0	0.0
834.614512778398	0.1746822771734741	0.0305138979585104	696581.3849403226	848.0003819070804	3.3407202556634275	11.160411826599915	719104.6477145542	778.6707853395841	0.6554916896177474	606328.1919413647	0.4296693551579293	788.8736245594005	621.4234465020727	0.836778	16.599045	0.0485975913675263	0.0266715985717354	0.1311801797	-0.0967854078	0.0257595006	0.0685492989	0.0864631679	-0.0734418094	0.0196716861	-0.0446734006	-0.055310053	-0.0803577557	0.1875863702	0.0969765346	0.093994575	-0.1061749061	0.0520021678	0.1447338439	-0.0680462358	0.1479341499	-0.1114905141	0.036217875	0.0523914049	0.0137042542	0.1591858173	-0.1141035626	-0.1053012121	-0.0904615869	0.0672975481	0.0574547886	-0.0798354345	-0.1207260849	0.0542514654	-0.1588061249	0.0274649144	-0.1108947524	0.0219436533	-0.0293412036	0.1491778843	0.1027473283	-0.0480028005	0.0807665286	-0.0286378442	-0.0085681573	-0.05479398	0.1076125977	0.0968341234	-0.0018091396	-0.0926773177	-0.0453321567	0.0155071716	-0.004089757	0.1788642811	0.0170756157	0.0598463705	0.2009029548	0.0788333214	-0.020049755	-0.1252533457	-0.1190151543	-0.1716051108	-0.0564748591	0.0772216734	-0.0798077096	-0.0122667365330642	-0.0100685168574018	0.0001013750317077	0.0001504728251716	0.0288540368918717	0.0156512543344008	0.0008325554449574	0.00024496176224	0.0818795792408337	-0.0067145532831887	0.0067042654966559	4.508522579278024e-05	-0.0013841091773656	-4.1714576899925394e-08	1.7401059259397889e-15	1.915758214867678e-06	-0.0002899709535928	7.233115934999709e-07	5.231796612914671e-13	8.408315392751779e-08	-0.000764701378058	-0.0003225003116802	5.847681976038042e-07	1.040064510338906e-07	0.0	0.0	0.0	0.0	0.0	0.0	0.0	0.0	0.0	0.0	0.0	0.0	0.0	0.0	0.0	0.0	0.0	0.0	0.0	0.0	0.0
834.3126811732865	-0.301831605111488	0.0911023178441772	696077.649966558	841.7264945157774	-6.273887391302992	39.36166299875066	708503.491569819	778.5751898261938	-0.0955955133903216	606179.3262128937	0.0091385021803591	789.7612988646027	626.5583308729302	1.165737	23.124563	0.2119407478541045	0.1375177929460478	0.0211271627	0.0196872632	0.1016189747	-0.0896534977	0.1154691404	-0.07333175	0.1377592218	0.0275892026	0.0187998746	-0.0707454304	0.0767429004	-0.0072453477	0.006321661	-0.1281789495	-0.1046217228	-0.0933391844	0.1668029846	0.0388757171	0.0890779978	0.0337239952	-0.0934778396	-0.0549615914	-0.049759276	-0.0125007415	-0.0467571075	-0.1428335569	-0.1099370126	-0.0795776814	0.0738129909	0.0301642798	-0.2117813046	0.0795223612	-0.074236317	-0.024012745	0.0080980497	-0.0620870171	0.051138304	0.0923675842	0.0566119288	0.108312335	-0.0280622304	0.0545570953	-0.0316341603	-0.0591242499	0.0471444217	0.0851197977	-0.2027308692	-0.0442233182	-0.0225662275	0.0680028076	-0.1854080118	0.1105583716	-0.0201264001	-0.1390750437	-0.0450487001	0.1701726988	0.0379685519	-0.0736696997	0.1200857561	0.1821707498	0.0719655524	-0.0898496795	-0.0155685765937363	-0.003301840060672	1.0902147786259137e-05	0.000242380577155	0.0469428851497895	0.0180888482579177	0.0022036344661863	0.0003272064312979	0.000176833679589	-0.0817027455612447	3.1270150236985124e-08	0.0066753386322454	0.0004689351444782	0.0018530443218438	3.4337732587175485e-06	2.199001697267903e-07	-0.0002911033824954	-1.132428902600002e-06	1.2823952194438453e-12	8.474117930026318e-08	-0.000441931849319	0.0003227695287389	1.9530375944251133e-07	1.041801686823961e-07	0.0	0.0	0.0	0.0	0.0	0.0	0.0	0.0	0.0	0.0	0.0	0.0	0.0	0.0	0.0	0.0	0.0	0.0	0.0	0.0	0.0
834.316857015839	0.0041758425525131	1.7437661023379384e-05	696084.617900788	847.504346252247	5.777851736469643	33.38357068862526	718263.6169164487	778.081807111533	-0.4933827146608109	605411.2985579488	0.2434265031260712	790.3640139324307	630.8654984776754	0.994387	19.725521	0.1942337199307785	0.1105904863497542	-0.0105066461	0.0763519479	-0.0277087029	-0.0816644486	0.043633185	0.0060719286	-0.0091508618	0.2434369645	-0.0730743328	-0.1636476312	-0.1438732131	-0.0044338131	0.0037119998	-0.0309583746	-0.0024249465	-0.0971417984	0.0195999889	0.2749361257	0.0991343358	-0.1150960532	-0.098396283	-0.0614642537	-0.0088486437	0.0124458536	-0.0141045943	-0.0090097248	-0.0268377759	-0.1025723681	-0.250005062	-0.0380963581	-0.1817233351	0.0574524599	-0.0068553044	0.0888452649	0.0806788243	0.1082717942	0.0053559657	0.0562974942	0.0989758757	0.0320698485	0.0889665286	-0.0328006858	-0.0013723242	-0.1374575319	-0.0385725089	-0.0343417636	-0.0538981416	0.0699332027	-0.0434791829	0.0558936897	-0.264790019	0.021071013	-0.0500110781	-0.0700440344	-0.2966567881	0.0659845372	0.0503629013	0.022504736	0.0808362894	0.1178482412	0.066603812	-0.0993643757	-0.0113390154260457	0.0042295611676906	1.788918767123628e-05	0.0001285732708321	-0.014688558884103	-0.0616314440338924	0.0002157537620917	0.0037984348937028	-0.0231677615971364	-0.0233445952767254	0.0005367451774217	0.0005449701286341	0.0019750245023187	0.0015060893578404	2.268305153800409e-06	3.900721784759228e-06	-0.0002908496449198	2.537375756000147e-07	6.438275727137316e-14	8.459351594997376e-08	0.0001522874443143	0.0005942192936333	2.3191465695781025e-08	3.53096568926058e-07	0.0	0.0	0.0	0.0	0.0	0.0	0.0	0.0	0.0	0.0	0.0	0.0	0.0	0.0	0.0	0.0	0.0	0.0	0.0	0.0	0.0
833.3592765849028	-0.9575804309362184	0.9169602817119936	694487.6838701125	847.1257332722852	-0.378612979961872	0.1433477885956089	717622.0079721068	779.1166727587525	1.0348656472195898	607022.7897706691	1.0709469077952205	788.8390833835338	624.8134154967036	1.160914	23.028898	0.2116476176727046	0.1513601135540171	0.1454534831	0.0002033762	-0.0413902318	0.0708476545	0.0037403533	-0.1087999531	-0.0668099267	0.0502603447	0.0276543516	-0.1216972783	-0.0513289347	0.1043758782	0.0893227667	-0.0624082448	0.0545685018	-0.0142394919	0.0306161553	-0.0487269783	0.040067077	-0.0340891949	-0.0624059958	0.0444760401	0.0342345319	-0.2070309395	-0.0981852069	-0.0584668622	0.074318576	0.0574819858	-0.0017277479	0.0793077466	0.0173155133	0.0389890153	-0.022343724	0.0574913313	0.0750071247	-0.0172159861	0.1291928605	0.0849307764	-0.0039106552	0.0784386773	0.1483407697	-0.0218537198	0.0283169852	-0.0611919346	0.01342409	-0.0351763271	0.0479983598	-0.0796711055	0.0203310185	0.0426000637	0.0518000071	0.0120745176	0.0138168426	-0.1281794142	0.043991981	-0.1572232447	0.0547659586	0.0057953766	0.0324475139	-0.002320836	0.0611443214	-0.1082959623	-0.01562039169373	-0.0042813762676843	1.8330182745490343e-05	0.0002439966366655	0.0015972173043081	0.0162857761884111	2.551103117181233e-06	0.000265226506059	0.0591884522032728	0.0823562138004092	0.0035032728742191	0.0067825459515387	-0.0001989783498789	-0.0021740028521975	4.726288401363299e-06	3.9592383720529954e-08	-0.0002910150620083	-1.6541708850001825e-07	2.7362813167822873e-14	8.468976631569472e-08	0.0001519706852764	-3.167590379000128e-07	2.3095089183378618e-08	1.0033628809134173e-13	0.0	0.0	0.0	0.0	0.0	0.0	0.0	0.0	0.0	0.0	0.0	0.0	0.0	0.0	0.0	0.0	0.0	0.0	0.0	0.0	0.0
832.6820168652853	-0.6772597196174956	0.4586807278163688	693359.3412108392	848.6505595407668	1.524826268481661	2.3250951490517062	720207.7722088567	778.3363638317094	-0.7803089270431656	605807.4952627671	0.6088820216232563	789.8669154799227	628.0837423408846	0.921743	18.284489	0.0744948488212113	0.0409247620984314	0.1147069835	0.0348490521	-0.1285929833	0.0184396589	0.0367286206	-0.0318787642	0.0010959217	0.1003474771	-0.0553496399	-0.0272789284	0.0804247282	0.0476311639	0.0091455433	-0.093215101	0.15045565	0.1220474744	0.0377541999	0.0415678906	0.080909043	-0.1589521967	0.0438992606	0.0366603401	0.0440568645	-0.0832078439	-0.0365967568	-0.0887377777	0.1147438823	0.1292432299	-0.07848857	-0.1030384055	-0.089769344	-0.0658529218	-0.0836872866	-0.0395501465	-0.065991295	0.1383538609	0.1072508011	0.0470547505	0.0533111762	0.1096967535	0.1163886414	-0.0455591471	-0.0164545597	0.0425297668	0.0467526506	-0.0238943932	-0.0216759147	-0.0349779875	-0.0256880547	-0.0244037628	-0.0031552904	-0.040933454	-0.0003572476	0.0067218109	-0.0874018872	0.0055858812	-0.0339107214	0.0744151102	-0.042303126	-0.0341693529	0.055595093	-0.1165920251	-0.0229918181455701	-0.00737142645184	5.433792793488791e-05	0.0005286237016389	-0.0245482684079263	-0.0261454857122344	0.0006026174818275	0.0006835864231286	0.047712730186916	-0.0114757220163567	0.0022765046218894	0.0001316921957966	-0.0001990663689029	-8.801902399998922e-08	7.747348585910679e-15	3.9627419228185474e-08	-0.0003689642240884	-7.79491620801e-05	6.0760718689897e-09	1.361345986571551e-07	-0.0003600364264351	-0.0005120071117115	1.2962622836015717e-07	2.621512824431524e-07	0.0	0.0	0.0	0.0	0.0	0.0	0.0	0.0	0.0	0.0	0.0	0.0	0.0	0.0	0.0	0.0	0.0	0.0	0.0	0.0	0.0
833.8487051714131	1.1666883061278668	1.361161603655511	695303.6631160423	846.6322562588248	-2.018303281942053	4.073548137898063	716786.1773379083	778.0291638320751	-0.3071999996342356	605329.379773238	0.0943718397752743	788.8750406141088	624.9689160235914	0.939689	18.640491	0.0487461361062729	0.0265890005838743	0.1288158862	-0.0170804281	-0.0123197812	0.0691085612	-0.0441031545	-0.122679367	0.0156241487	0.0517186056	-0.0151464222	-0.1066828625	-0.0186854964	0.2190874823	0.0684560633	-0.0730283838	0.0383190666	-0.1519769897	0.0196421117	0.1397901191	-0.0117276485	0.2430400915	-0.1751570456	0.0870716836	-0.0076774165	-0.0181845578	-0.0886953064	-0.0650175488	0.0198332563	-0.0671963615	-0.1288351161	0.1521846107	-0.1100828211	0.0227846249	0.157981327	-0.0476433159	0.0466860101	-0.1686572618	0.1263582001	0.062714992	-0.0312394313	0.0777121756	0.1513460914	-0.0476854679	0.0075742745	0.01785755	0.0338588704	-0.0566593569	-0.0348288009	-0.0802218266	0.0519824566	-0.0985181911	-0.0165510752	0.0689290921	-0.0842319099	-0.1266631285	0.1035398672	-0.0305334357	0.1128457485	-0.1219998956	0.0078649145	0.0486830269	0.0499642712	-0.1242038795	-0.0271925562263675	-0.0042007380807974	1.7646200423461444e-05	0.0007394351141241	-0.0205738378264186	0.0039744305815076	0.0004232828029077	1.5796098447223612e-05	0.0411473185662174	-0.0065654116206985	0.0016931018251897	4.310462974920418e-05	-0.0001989749151352	9.145376770000625e-08	8.363791626526703e-15	3.959101685306004e-08	-0.0006060077980796	-0.0002370435739912	5.618965597052151e-08	3.672454513332853e-07	8.293966227138435e-05	0.0004429760887064	6.878987577691297e-09	1.962278151656951e-07	0.0	0.0	0.0	0.0	0.0	0.0	0.0	0.0	0.0	0.0	0.0	0.0	0.0	0.0	0.0	0.0	0.0	0.0	0.0	0.0	0.0
832.3388820005654	-1.509823170847767	2.279566007228805	692788.0144899511	844.8462734343899	-1.785982824434882	3.189734649176398	713765.2257359759	777.1679784653338	-0.8611853667413243	603990.0667518936	0.7416402358893892	788.6858126743117	623.9604679475348	0.96504	19.14337	0.0549207149145721	0.0291458707107483	0.1084290208	0.0786957745	-0.0384591912	0.0667377409	0.0952623238	-0.0209549078	0.0245562523	0.0575682461	0.0160975389	0.0105886089	0.1452287754	0.0214077185	-0.0182913126	-0.1186862367	0.0949745836	-0.0023684539	0.1338661708	-0.0736418157	-0.0780391845	-0.1464903044	-0.0116648792	0.0266204008	0.1001205484	-0.0993426954	-0.0053121517	-0.1349157579	0.0589993477	0.0907758805	0.0409507163	0.0540960937	0.0134639362	-0.003472077	-0.2175263952	0.0395941042	-0.0614102422	0.0348454038	0.1106414001	0.0391381306	0.0367098052	0.1224870968	0.095695103	-0.084495588	-0.0165769423	-0.0088448836	0.0295579194	-0.0177725997	-0.0682701209	-0.063972075	0.0355014733	0.1182121221	0.0371263318	0.0818005082	0.08271671	-0.0202301336	-0.0298787793	0.0223758936	-0.0196627237	0.1066759403	0.02041254	-0.0055320202	0.0442601199	-0.1310868562	-0.0344895009571359	-0.0072969447307683	5.324540240388867e-05	0.0011895256762722	-0.020581353566115	-7.515739696397489e-06	0.0004235921146134	5.6486343184005015e-11	0.0591611292727805	0.018013810706563	0.0035000392168306	0.0003244973761718	-0.0001990282296782	-5.331454300001177e-08	2.842440495300103e-15	3.9612236208838336e-08	-0.0002909807617694	0.0003150270363102	9.924203360638809e-08	8.46698037199003e-08	-0.0001940288616263	-0.0002769685238976	3.764719914399787e-08	7.671156323006215e-08	0.0	0.0	0.0	0.0	0.0	0.0	0.0	0.0	0.0	0.0	0.0	0.0	0.0	0.0	0.0	0.0	0.0	0.0	0.0	0.0	0.0
834.367239714962	2.028357714396634	4.114235017552337	696168.6907095648	849.1135691746025	4.267295740212603	18.209812934436627	720993.8533564325	779.3777553258317	2.2097768604978683	607429.685496732	4.883113773191815	790.4109350833465	623.9710923466816	1.008054	19.996637	0.0647529988264403	0.0333364176642997	0.1565227257	0.0068124159	-0.1151341481	0.0389077136	-0.0404240057	-0.069347128	-0.0397171222	-0.0276973159	-0.0143769842	-0.0820331121	0.1311679344	0.129532356	0.0820119069	-0.0713393641	0.0923177191	-4.1675e-06	-0.0709989588	0.1461027243	0.0701353989	0.0319046663	-0.0859996327	-0.0211831447	-0.025971886	-0.0455879866	-0.0919467857	-0.0344637478	0.0785207272	0.027497202	-0.0711717475	-0.0815808991	-0.1383453741	-0.0713556072	0.0440200167	-0.0514285382	-0.0501866132	-0.0959732405	0.1268488626	0.0412414116	-0.0024960668	0.049776026	0.178867215	0.0057942632	0.0299354607	0.0797832447	0.0316015899	-0.0105279354	0.0329172592	-0.0895557464	-0.0011515165	-0.1726232441	0.0465956941	-0.0497467036	-0.1160988585	-0.0722669877	-0.0248708127	-0.0593814571	-0.0029622393	0.0028582321	-0.027498062	0.0714538496	0.0384910108	-0.1372005631	-0.0345504255080157	-6.092455087980397e-05	3.711800899905823e-09	0.0011937319027849	-0.0306263000327788	-0.0100449464666638	0.0009379702536977	0.0001009009495181	0.0314336806324888	-0.0277274486402916	0.0009880762781053	0.0007688114081	-0.0006050238026802	-0.0004059955730019	1.6483240529722226e-07	3.6605380180960965e-07	-0.0003629599157337	-7.197915396430003e-05	5.180998605416409e-09	1.3173990042941462e-07	-0.0001336100052205	6.04188564058e-05	1.7851633495022034e-08	3.6504382093846795e-09	0.0	0.0	0.0	0.0	0.0	0.0	0.0	0.0	0.0	0.0	0.0	0.0	0.0	0.0	0.0	0.0	0.0	0.0	0.0	0.0	0.0
834.2966667910373	-0.0705729239247148	0.0049805375912835	696050.9282186351	844.7319005492386	-4.381668625363886	19.19901994249825	713571.9838055287	775.8713344616837	-3.5064208641480263	601976.3276393538	12.294987276532591	786.7723090009985	634.6389184706661	1.389756	27.568401	0.3945361007305806	0.2727833317051333	0.0366290525	0.2489181048	0.0097241723	0.0450735078	0.0009422976	0.121850287	-0.0848413454	0.0751661361	-0.0331186515	0.1417986974	-0.0413188636	0.1779038481	-0.0577554324	0.0626365656	0.0557551235	-0.1676375633	-0.1351938716	-0.1480919702	-0.0455766593	0.1149330233	-0.1448365314	0.1680819871	0.0994542226	0.1322076509	0.1015982097	0.1154389768	0.0622689143	-0.0564768957	-0.0608745814	0.2597843034	0.1427222721	0.1100077262	-0.0054829848	-0.0910288917	-0.1219219141	-0.0525960142	-0.0188974114	-0.2604835802	-0.0025365845	0.0870630221	0.053549824	-0.1145419181	-0.0666787952	-0.0522592127	-0.1176806174	-0.0226602745	0.0734892917	0.0615025894	0.1167712275	-0.0437114685	0.0103933966	0.2430045474	-0.2259712104	0.0606878575	-0.0177757499	0.0483198818	0.1055681122	0.1302188018	0.0495206198	0.1584155822	0.0326654109	-0.1425091225	-0.0346010144543669	-5.058894635119604e-05	2.559241492924191e-09	0.0011972302012713	-0.0963646241291797	-0.0657383240964009	0.009286140783558	0.0043215272550034	-0.2156008623899197	-0.2470345430224085	0.046483731863277	0.0610260654462902	0.0005558983025323	0.0011609221052125	1.3477401343710228e-06	3.090229227582925e-07	-0.0006640852923653	-0.0003011253766315	9.067649245152293e-08	4.410092755359059e-07	-0.0003058154166848	-0.0001722054114643	9.352306908209788e-08	2.965470373758888e-08	0.0	0.0	0.0	0.0	0.0	0.0	0.0	0.0	0.0	0.0	0.0	0.0	0.0	0.0	0.0	0.0	0.0	0.0	0.0	0.0	0.0
836.186516712006	1.889849920968686	3.571532723785349	699207.8907309578	850.1955029918889	5.463602442650313	29.850951651334466	722832.393307631	779.2665394986614	3.3952050369777	607256.3395822188	11.527417243118744	789.7045498484608	624.4414761171762	1.388312	27.539755	0.4639152127652615	0.2743354446135504	0.123765223	0.0448278073	0.0496873268	-0.0271831393	0.0247349139	-0.0911108155	-0.0957612348	-0.1923162148	0.003461873	-0.0280834619	-0.0442746628	0.0766953436	0.1139680784	-0.0266112937	0.0878943799	-0.0704955672	0.118936276	-0.1534361794	-0.0921857658	-0.0909371109	0.2254250195	-0.0961201301	0.2100699742	-0.0322273745	-0.1073448049	-0.0107884267	0.113010421	-0.0013742472	0.1431481935	0.0957990289	0.0472668346	-0.1857414285	-0.0710183093	0.050219153	0.0017752676	0.3046425985	0.0997687988	-0.0335878515	-0.0333406423	0.0491546415	-0.0685776922	0.0937941221	-0.1506565823	0.0405181442	-0.0563192763	-0.0854415235	0.0985840791	-0.1179864406	-0.0714741439	0.1290155496	0.1188910637	-0.0307646709	-0.097157112	-0.0111639109	-0.1781851402	-0.0208667233	0.0717026508	0.2246470306	0.0153362461	-0.0654555433	0.0267918699	-0.1469813818	-0.0133002504708912	0.0213007639834756	0.0004537225462797	0.0001768966625884	0.0701543331197029	0.1665189572488826	0.0049216304554702	0.0277285631232551	-0.0234999920009215	0.1921008703889982	0.0005522496240433	0.0369027444042106	-0.0007922107805741	-0.0013481090831064	1.8173980999539784e-06	6.275979208578249e-07	-0.0006622488641148	1.8364282504999088e-06	3.372468719234157e-12	4.385735580213429e-07	-0.000635762328206	-0.0003299469115212	4.0419373796591373e-07	1.088649644223786e-07	0.0	0.0	0.0	0.0	0.0	0.0	0.0	0.0	0.0	0.0	0.0	0.0	0.0	0.0	0.0	0.0	0.0	0.0	0.0	0.0	0.0
837.680168240832	1.4936515288260352	2.2309948895643523	701708.0642639886	846.9949741727987	-3.2005288190902093	10.243384721826969	717400.48627398	780.2313664468487	0.9648269481873512	608760.9851875167	0.930891039948518	791.6165711882275	624.9880526592453	1.474636	29.252155	0.362938744753463	0.2241884633114246	-0.0869520696	-0.0755990061	0.2555199841	0.0099118061	-0.2128699247	0.0267313492	0.060431637	-0.1838411144	-0.1739612274	-0.0855513004	-0.0274980253	-0.1006903047	0.0600197238	-0.0132615938	-0.1347277248	-0.0482648626	0.0296526305	-0.1347889803	0.1481228266	0.1457319409	0.2144226072	-0.1416775974	-0.0124045716	0.1098900171	-0.0562878792	0.002405343	0.0249964397	-0.1243747508	0.2456946628	-0.0806541058	-0.0371993765	0.0224551537	0.127933831	0.0432981077	0.1426591126	0.0643011366	-0.0723457841	0.0070249931	-0.2176070348	-0.1070227871	-0.0750622434	0.2196933962	-0.1016163649	-0.081468303	-0.0895933649	-0.103488936	-0.1152461781	0.0878419918	-0.1075115031	-0.2940710994	-0.2083669663	-0.1843918876	0.0728757199	-0.099073392	0.0170511362	-0.3537000295	-0.0052142232	0.168901429	0.1068976439	-0.2020130063	0.0208790082	-0.1505910958	-0.0569374707899044	-0.0436372203190132	0.00190420699717	0.0032418755799512	0.0878212955930024	0.0176669624732995	0.0077125799596335	0.0003121215630329	-0.1388733253991318	-0.1153733333982103	0.0192858005074131	0.0133110060594145	0.0024649126432394	0.0032571234238135	1.0608852997954575e-05	6.075794338801446e-06	-0.0004519665373596	0.0002102823267552	4.421865694558072e-08	2.042737508928267e-07	-0.0003779435075159	0.0002578188206901	1.4284129487342118e-07	6.647054430203395e-08	0.0	0.0	0.0	0.0	0.0	0.0	0.0	0.0	0.0	0.0	0.0	0.0	0.0	0.0	0.0	0.0	0.0	0.0	0.0	0.0	0.0
838.5014597646926	0.8212915238606229	0.674519767165304	703084.6980275204	851.5112415483803	4.516267375581606	20.396671007742764	725071.3944832641	781.5496315259612	1.318265079112507	610819.8265383658	1.7378228188075044	793.0783143588038	627.1388152861691	1.440052	28.566111	0.3170356820745749	0.1974535507985001	0.1145041514	0.0595572038	0.1017665799	0.1038212792	-0.0449617972	-0.0438748435	-0.081042582	-0.0967246002	-0.2390995657	0.0944536378	0.0533815565	-0.1221507771	0.1440302172	-0.0944832879	-0.0175320503	0.0262148256	-0.1229207463	-0.069440495	0.1455035881	-0.0488500099	-0.0045181617	-0.0443842502	0.1103228689	-0.0277301668	-0.1343446433	0.008306456	0.0832023361	-0.1016167736	0.0408135433	-0.1507731462	0.0830727915	0.0958273212	0.0605990859	0.1173565769	-0.103952605	-0.0557279649	0.0971089034	-0.0187778525	-0.1121822531	-0.0178734573	-0.060154732	-0.0290812972	-0.0801229043	-0.036469715	-0.0882696518	-0.0162426751	-0.001694593	0.0659896961	-0.0732412456	-0.0754286188	0.1436926613	0.0171517903	0.1747727508	0.0972444661	-0.1310600733	0.0997237138	0.2122857064	0.1233837618	0.0338317439	0.0703388316	0.0149355036	-0.1533170814	-0.057234054759661	-0.0002965839697565	8.796205111658236e-08	0.0032757370242318	0.0340137378138507	-0.0538075577791517	0.0011569343600693	0.0028952532741567	-0.0196007356964003	0.1192725897027315	0.0003841888398401	0.0142259506543961	-5.017622401830296e-05	-0.0025150888672577	6.325672010203636e-06	2.517653456734923e-09	-0.00061098515277	-0.0001590186154103	2.5286920047040694e-08	3.733028569053802e-07	-0.0005770150373065	-0.0001990715297905	3.329463532778216e-07	3.962947397316973e-08	0.0	0.0	0.0	0.0	0.0	0.0	0.0	0.0	0.0	0.0	0.0	0.0	0.0	0.0	0.0	0.0	0.0	0.0	0.0	0.0	0.0
833.0200865386413	-5.481373226051346	30.04545244327254	693922.4645768454	848.105257580994	-3.4059839673863053	11.600726786092556	719282.5279365242	777.3757204205803	-4.173911105380967	604313.0106994162	17.42153391562256	789.678711947153	628.2983530496498	1.291761	25.624481	0.0842281186278096	0.0393646441586319	0.0531716962	0.0219792768	0.0114070892	-0.1351110403	-0.0538256427	-0.0065942526	-0.008554685	-0.0001066227	-0.052468576	0.0318129925	0.1424293723	-0.1268808304	-0.0497974467	-0.0755981874	0.0791991616	0.1392226061	0.0338933917	0.0408397482	0.1101150109	0.0560757161	-0.0627516426	-0.048139941	-0.1821739545	0.05988249	0.0113994942	-0.0852833273	0.035901421	0.1427231212	-0.0167455471	-0.1594797325	-0.1308422679	0.1179274835	0.058413554	-0.023947822	-0.0547182533	-0.1537050978	0.0751980248	-0.0013648594	0.10013463	0.0091710731	0.019166924	0.1116612148	0.0114001575	0.0547790067	0.0534473946	0.1662660645	-0.079411389	0.0925826122	-0.1757822052	-0.1431486061	-0.0056997381	-0.0548550116	0.0176030416	0.0230581318	0.0673751574	-0.0122530687	0.0939446069	0.1363849903	-0.0536513906	-0.0159912892	0.0089700792	-0.1551433414	-0.0414414915009899	0.0157925632586711	0.0002494050542791	0.0017173972178266	0.0154830841212003	-0.0185306536926503	0.0002397258939041	0.0003433851262769	-0.003519455741852	0.0160812799545483	1.238656871885501e-05	0.0002586075649765	-0.0004641020728939	-0.0004139258488755	1.713346083673836e-07	2.153907340644149e-07	-0.0003628696239776	0.0002481155287924	6.156131562793228e-08	1.316743640056448e-07	-0.0005625839805357	1.4431056770799946e-05	3.165007351553929e-07	2.082553995220509e-10	0.0	0.0	0.0	0.0	0.0	0.0	0.0	0.0	0.0	0.0	0.0	0.0	0.0	0.0	0.0	0.0	0.0	0.0	0.0	0.0	0.0
838.2906882727046	5.270601734063348	27.77924263911157	702731.2780447248	850.0460803037996	1.940822722805592	3.766792841358512	722578.3386398538	782.2715314657947	4.895811045214487	611948.7489418399	23.96896579044416	792.5608491195304	626.1633349652271	1.345088	26.682325	0.0784680769210029	0.0542445961877021	0.1448353503	-0.0079574816	0.0354138161	0.0823485223	-0.0377060448	-0.2122841443	-0.0541603144	0.1390979386	-0.1071125829	0.0860581689	-0.1868110917	0.107639863	0.2114217217	0.0092183021	-0.0039708548	-0.1585933855	0.1247954762	0.0497265962	0.0909957055	-0.0736726568	-0.1639469516	0.1846914896	-0.0821901356	-0.095276467	-0.203683026	0.0285813146	-0.0744313968	-0.0387703904	-0.0956267313	0.1742579663	-0.1258618291	0.1971666371	-0.0387047387	-0.0174411807	0.043866685	0.1307366544	0.1267230345	0.0370968894	-0.0876560262	-0.0314014079	0.0643300161	-0.0360225904	0.0860704896	-0.035921937	-0.1058848668	0.0957001677	0.0319351885	0.019592079	-0.0592140484	-0.1218624705	-0.0980250046	0.1989035992	0.1756678085	-0.0288904688	-0.0355714975	-0.0997256368	0.0829739462	-0.0326110977	-0.0087150553	0.1523876779	0.0029914899	-0.1560591586	-0.0368766974485055	0.0045647940524844	2.0837344741596974e-05	0.0013598908147086	0.0099701264293798	-0.0055129576918204	9.94034210178176e-05	3.039270251180281e-05	-0.007462017882645	-0.003942562140793	5.568171088091377e-05	1.554379623401429e-05	0.0005399135577418	0.0010040156306357	1.0080473865608022e-06	2.91506649833408e-07	-0.0004601011003846	-9.723147640700004e-05	9.453960004285004e-09	2.116930225751198e-07	-0.0003748758268603	0.0001877081536754	1.4053188556419362e-07	3.5234350956227586e-08	0.0	0.0	0.0	0.0	0.0	0.0	0.0	0.0	0.0	0.0	0.0	0.0	0.0	0.0	0.0	0.0	0.0	0.0	0.0	0.0	0.0
823.5997945886133	-14.690893684091291	215.82235723727345	678316.6216464061	823.268041039728	-26.778039264071595	717.06338682816	677770.2673973913	766.3880082605483	-15.883523205246432	587350.5792055703	252.28630941160196	779.2147729765771	616.0405385657008	2.703133	53.62167	0.4345840842285503	0.2846157322651059	-0.1153521361	0.3178295221	-0.0941331733	0.1262382717	0.407104827	0.4094954542	0.5023613088	0.1024736493	-0.0714631855	-0.0871363379	0.0571477292	-0.0993101736	-0.7007713437	-0.3405946965	-0.0573887383	0.129989089	-0.185188714	-0.0622437037	0.0678936819	0.0215315849	-0.1620051844	-0.1159535741	0.0098933387	-0.0871741935	0.6228541792	-0.4660834834	0.0010121899	-0.0248179674	-0.1042093113	-0.1332282177	0.1577545995	0.1199545435	0.1150582513	0.172011936	0.1501470755	-0.0335736284	-0.1059486414	-0.1873262051	0.2967452539	0.4043270406	-0.197695153	-0.131333348	-0.0092010942	-0.2286893549	0.0992427091	0.0141212023	0.0429547936	0.3545355691	-0.045583349	-0.1104838728	0.076226584	-0.1529014239	0.2125465793	-0.2343255157	0.0981094227	-0.0481076753	-0.0412060026	-0.2190337608	-0.0870794612	-0.1299893714	-0.0029914899	-0.1560591586	-0.0572082110363112	-0.0203315135878057	0.0004133704447711	0.0032727794099751	0.020167563643568	0.0101974372141882	0.0004067306233173	0.0001039877257373	-0.2336918883647314	-0.2262298704820864	0.054611898687474	0.0511799542983415	0.0030046301767192	0.0024647166189774	6.0748280118633865e-06	9.02780249885165e-06	0.0005237757934477	0.0009838768938323	9.680137422170951e-07	2.743410818017677e-07	-0.00048278757294	-0.0001079117460797	2.3308384058529585e-07	1.1644944941969649e-08	0.0	0.0	0.0	0.0	0.0	0.0	0.0	0.0	0.0	0.0	1.0	0.0	0.0	0.0	0.0	0.0	0.0	0.0	0.0	0.0	0.0
830.676596273543	7.0768016849297055	50.08112208782392	690023.6075965988	847.495681859885	24.227640820157035	586.9785797105394	718248.9307711514	772.7472526178824	6.359244357334092	597138.3164284853	40.43998879628548	786.3760559016893	634.6773791179121	2.249105	44.615189	0.3294968039313204	0.191569544414051	-0.1464779602	0.3187648039	-0.0292318267	-0.03946409	-0.2099598943	0.4049017136	-0.245784628	-0.1078763478	0.0338772611	-0.1216775548	-0.199524571	0.052915805	-0.2583541162	0.2332022315	0.1234155901	-0.3684865493	-0.0486937059	-0.0116815706	0.0208170868	-0.1364953938	0.1754644186	-0.3101733272	0.0875230703	0.2024221444	0.3498934084	0.2510606396	0.2132947824	-0.1905510538	-0.0253544614	0.1251583094	-0.1353296154	-0.1109652145	-0.064964163	0.3292367336	-0.0867163759	0.0700460272	-0.206753321	-0.3812668784	-0.0272671579	0.1070868414	0.0471517374	0.0468088281	0.0152969489	-0.1082575658	0.2797240162	-0.3451985577	0.1760445101	-0.0118287067	-0.2247885581	0.1695283555	-0.0908860102	0.0627113015	0.0768193886	0.2266806341	0.1853893726	-0.0591924552	-0.1635475512	0.0628562149	-0.0160349322	0.1167078642	-0.0089700792	-0.1551433414	-0.056478861151092	0.0007293498852192	5.319512550692612e-07	0.0031898617569243	-0.0264840940010344	-0.0466516576446024	0.0007014072350556	0.0021763771609891	-0.3967416127677552	-0.1630497244030238	0.1574039073015594	0.026585212627902	0.0039353468547511	0.0009307166780319	8.662335347667354e-07	1.5486954867199375e-05	-0.0002956933879068	-0.0008194691813545	6.715297391898144e-07	8.74345796518013e-08	-0.0011139231535231	-0.000631135580583	1.2408247919548478e-06	3.983321210779666e-07	0.0	0.0	0.0	0.0	0.0	0.0	0.0	0.0	0.0	0.0	0.0	1.0	0.0	0.0	0.0	0.0	0.0	0.0	0.0	0.0	0.0
832.6329767632021	1.956380489659068	3.8274246203186553	693277.673993551	847.9954049663179	0.4997231064328389	0.2497231831028864	719096.2068439894	781.0914664964997	8.344213878617325	610103.8790336526	69.62590525210997	789.243396934094	612.8151748381465	2.095473	41.567616	0.5947621324199048	0.3679880142697166	-0.0198206248	-0.0823877889	0.0064587835	0.0835409317	-0.1511992923	-0.2516538115	-0.3209900284	-0.2665122097	0.2473862416	0.0930540409	-0.2910823475	-0.2587771504	0.1925239142	0.1027474295	-0.105511982	-0.0774874293	-0.1197680795	-0.1468506145	-0.0802367139	-0.0695939273	0.0591286534	0.068600787	0.0299095228	0.0824713433	-0.2029497539	0.1411495799	-0.069498346	-0.0862146026	0.1918635632	0.1129040808	0.1959386848	-0.1546087469	-0.0377823991	0.2339957075	-0.2446346761	-0.0764377396	-0.0062261283	0.0458486631	-0.2153156378	-0.1418018831	-0.0586573744	0.0459756925	-0.0631942607	-0.1351847767	-0.1235130988	0.0089182318	0.4467005425	-0.3059246439	-0.0857901269	0.1158869549	-0.0854716659	-0.101516824	0.2612338453	0.052519828	0.1037359587	0.2119304222	0.1316992965	-0.1874656684	-0.186999493	0.0802653688	-0.0149355036	-0.1533170814	-0.0503051944668442	0.0061736666842477	3.811416032819121e-05	0.002530612590347	0.1721752490831249	0.1986593430841593	0.0296443163968361	0.0394655345946297	-0.1188994801119776	0.2778421326557776	0.0141370863708985	0.0771962506787107	0.0022469170991457	-0.0016884297556053	2.8507950396137103e-06	5.048636450433328e-06	-0.0002921344261452	3.5589617615999617e-06	1.2666208820530702e-11	8.534252293918534e-08	-0.0005641720709757	0.0005497510825474	3.182901256690103e-07	3.0222625276203826e-07	0.0	0.0	0.0	0.0	0.0	0.0	0.0	0.0	0.0	0.0	0.0	0.0	1.0	0.0	0.0	0.0	0.0	0.0	0.0	0.0	0.0
830.4601625750488	-2.1728141881533247	4.721121496240392	689664.0816241765	847.471032646811	-0.5243723195069379	0.2749663294650861	718207.1511754522	778.196515715524	-2.894950780975705	605589.8170717818	8.380740024271844	791.4665432892334	604.0973441189072	1.66435	33.01548	0.2683943027880513	0.1362587961234024	-0.0346865979	-0.136534919	-0.0362056832	-0.0305404804	-0.0988664436	0.11275016	-0.0705829108	0.063902034	0.0624140778	0.0468940739	0.0535644042	-0.054279781	-0.0487703352	-0.0567736154	-0.0797255419	-0.0455033896	0.0122693041	-0.0122479616	-0.0052988551	-0.0920684913	0.1141631047	-0.0007142709	-0.2693435145	0.0241519027	0.0527788328	-0.0070093886	0.1072682126	-0.0750726128	0.0463856687	-0.1112975451	-0.1335074383	0.1484993139	-0.1677718269	-0.1230351793	-0.036550507	-0.0343418972	0.0014776658	-0.0917388538	-0.0220333613	-0.1574904256	-0.0861912154	0.0089842519	-0.048821499	0.1392810958	0.1471918673	0.0531238501	-0.1491399236	0.1888696192	-0.1480662669	0.1633749047	-0.0693832879	-0.1066515196	-0.0836126749	-0.1434113907	-0.0026232848	0.2233295262	0.0388026386	-0.0958823173	0.0687832408	-0.1547063087	-0.0208790082	-0.1505910958	-0.0476095260314082	0.0026956684354359	7.266628313805962e-06	0.0022666669689353	0.0812440818855009	-0.090931167197624	0.0066006008414179	0.0082684771679222	-0.0665179916553313	0.0523814884566462	0.0044246432138587	0.0027438203329337	0.0008560626145582	-0.0013908544845875	1.934476197297161e-06	7.328432000442213e-07	-0.0007569957131348	-0.0004648612869896	2.1609601614162725e-07	5.730425097044645e-07	-0.0011561758733655	-0.0005920038023898	1.336742650152477e-06	3.504685020439815e-07	0.0	0.0	0.0	0.0	0.0	0.0	0.0	0.0	0.0	0.0	0.0	0.0	0.0	1.0	0.0	0.0	0.0	0.0	0.0	0.0	0.0
832.2557049225658	1.795542347516971	3.223972321726755	692649.5583761568	843.2683378085968	-4.202694838214143	17.6626439031518	711101.4895504738	779.3818623403484	1.185346624824433	607436.0873451099	1.4050466209826753	789.0925128167314	605.050239501708	1.793899	35.585331	0.3594361066105526	0.2149532551107077	-0.0416572912	-0.2587885516	-0.1035766171	-0.3732536135	0.1826498828	-0.1499650314	0.0863310397	-0.1299734574	0.0725520367	-0.1826652012	0.0982887246	-0.2084480848	0.0926239891	0.060175953	-0.0476598467	0.2052554504	0.1524658483	0.0492396857	-0.0762366991	0.08662581	0.1662125923	-0.1725809059	0.0308434766	0.1883889187	-0.1190075658	-0.0035593781	-0.1096527879	0.0695349294	0.1019586591	-0.08772657	-0.0192378311	-0.2435113899	0.1481060693	0.1505327115	0.315699011	-0.0096329871	-0.0723047196	0.2888110763	0.2780061243	-0.07828643	-0.1193897559	0.2591368608	-0.225304399	-0.1964078682	0.0573172703	0.155992794	0.2223880392	0.0187211181	0.2767472887	0.0618934385	-0.0583201059	-0.1801438905	-0.1557548339	0.1511162196	-0.1258852572	0.0341646013	0.0156175692	-0.004968168	-0.0586927739	0.1082728071	-0.0267918699	-0.1469813818	-0.0180175542617035	0.0295919717697047	0.000875684793219	0.0003246322615734	0.1604398268146099	0.0791957449291089	0.025740938028302	0.0062719660148764	-0.0326535726694174	0.0338644189859139	0.0010662558080769	0.0011467988732535	0.0048147564229971	0.0039586938084389	1.5671256668972483e-05	2.318187941279183e-05	-0.0005239406608279	0.0002330550523069	5.431465740577192e-08	2.745138160687765e-07	-0.0010122453155948	0.0001439305577707	1.0246405789436162e-06	2.0716005460184838e-08	0.0	0.0	0.0	0.0	0.0	0.0	0.0	0.0	0.0	0.0	0.0	0.0	0.0	0.0	1.0	0.0	0.0	0.0	0.0	0.0	0.0
831.7637130687716	-0.4919918537941612	0.2420559841998153	691830.8743779499	840.8125815178938	-2.4557562907029933	6.030738959327325	706965.7972387848	774.936885876602	-4.444976463746457	600527.1770921256	19.75781576325996	785.6786914935361	608.2319991023664	1.622017	32.175739	0.6430563755203882	0.405440919092608	-0.2816127739	0.0328601589	-0.0038107611	-0.1891466355	0.0629999604	0.0055620769	0.0200132942	-0.0977908099	0.0528520664	0.2046770734	0.0649801408	-0.106092296	-0.120578718	0.3507367382	0.1283997345	0.1345026309	0.1249688755	0.0077724837	0.0303623674	0.1639755925	-0.0247543804	-0.0306656778	0.2137433523	0.1313977278	0.1173785119	0.2009601382	-0.2157079074	0.2886062409	0.0499573203	0.0544606001	-0.0132605665	-0.1646474926	0.1836117543	0.1353900036	-0.1097268744	-0.1397480103	-0.3287154369	0.1540782723	0.1694726461	0.0144600508	0.040507473	0.0581873328	-0.00675671	0.0009606877	-0.1075141721	-0.0405973233	-0.0460796249	-0.0665742736	0.2162187541	-0.2103001851	0.0863461691	0.0033994356	-0.0418030607	0.2637745999	0.271029755	0.0351924637	0.0159997235	0.0599507694	-0.1370123614	-0.0286363168	-0.0326654109	-0.1425091225	-0.0340631567247271	-0.0160456024630236	0.0002574613584013	0.0011602986460533	0.0507299763666253	-0.1097098504479845	0.0025735305021583	0.0120362512853191	-0.2564773687490174	-0.2238237960795999	0.0657806406804194	0.0500970916914823	0.0100900977112083	0.0052753412882112	2.78292257071058e-05	0.0001018100718217	-0.000883314802565	-0.0003593741417371	1.2914977374927728e-07	7.802450404304449e-07	-0.0012470724162421	-0.0002348271006472	1.5551896113519094e-06	5.5143767198417126e-08	0.0	0.0	0.0	0.0	0.0	0.0	0.0	0.0	0.0	0.0	0.0	0.0	0.0	0.0	0.0	1.0	0.0	0.0	0.0	0.0	0.0
832.3256677681121	0.5619546993405038	0.315793084110876	692766.0172256337	842.967118184278	2.1545366663841605	4.642028246793771	710593.5623399065	780.3935301134202	5.456644236818192	609014.0618428857	29.774966327201195	790.40348247581	601.440617051948	1.345478	26.690063	0.2948229455532771	0.1605728488224749	-0.2148820157	-0.0807557837	-0.0473530014	0.0205167106	0.0279488751	0.0246112661	-0.0018496517	0.1202914993	0.046539716	0.1148959489	-0.1978151615	-0.1570762189	0.0526332312	0.240533778	-0.1741571476	0.1716931322	-0.0718288221	-0.0314636309	0.1053521367	-0.0998995091	-0.179274124	0.2206471487	-0.0382327949	-0.049826131	-0.0023482155	0.2144788763	-0.2344122524	0.0385679301	-0.0791592983	-0.1112372636	0.1370549872	0.1979237239	-0.0239735036	-0.0442720691	-0.0057855101	0.091674515	-0.2218540054	0.1338466477	0.033743358	-0.1686450378	-0.0138965689	-0.1439261659	0.2518366004	0.0299959944	0.0027851558	-0.0620664867	-0.0117818974	-0.0982160368	-0.0369882855	0.0969789106	0.160565775	0.071783637	0.0818900292	-0.0961837304	0.1636370276	0.0395194159	0.0753020759	0.0175092375	0.1810008672	0.1101196522	-0.0384910108	-0.1372005631	-0.033496299832791	0.000566856891936	3.213267359354541e-07	0.0011220021024882	0.1116039112136491	0.0608739348470237	0.012455432998184	0.0037056359437596	-0.1790560156136251	0.0774213531353922	0.0320610567274267	0.0059940659213151	0.008165334115654	-0.0019247635955542	3.704714898771116e-06	6.667268122026309e-05	-0.001723675260173	-0.000840360457608	7.062056987111271e-07	2.971056402532459e-06	-0.0008929804558259	0.0003540919604162	7.97414094487032e-07	1.2538111643138774e-07	0.0	0.0	0.0	0.0	0.0	0.0	0.0	0.0	0.0	0.0	0.0	0.0	0.0	0.0	0.0	0.0	0.0	0.0	0.0	0.0	0.0
826.3991115886347	-5.926556179477416	35.12406814850194	682935.4916344847	840.3291993596752	-2.6379188246028207	6.958615725193927	706153.1632964726	775.5850408318338	-4.8084892815863896	601532.1555621173	23.121569171131192	786.7551891607816	597.6103955617391	1.117357	22.16485	0.1676469509991884	0.0796520950069845	-0.2434514162	-0.0438036574	-0.2519990702	-0.0653764934	0.0543301552	0.0508502094	0.0471651793	0.1195009482	0.2066055855	0.0065280629	0.149125599	-0.2230816853	-0.1434862359	0.2322276593	0.0439457904	0.2294973537	0.0565425081	0.0175543687	-0.0375076121	-0.1317388784	-0.1453741728	0.0659813182	0.0328876603	-0.057358093	0.1457654526	0.1296300511	-0.1811449049	0.2393854923	-0.0927439483	-0.0754454073	0.0247494768	-0.0426168864	-0.1464886687	0.0463709021	0.0476505247	-0.0922191529	-0.2306428412	0.0805087878	0.1748499423	-0.1303220451	0.0975716645	-0.1480167638	0.073847998	0.0398660338	-0.0277065718	-0.0335242717	-0.0699894242	0.0172105129	0.049748339	0.0732223906	0.0066913389	-0.1029970716	-0.0142139752	0.0139577595	0.1738033081	0.0238611748	-0.0350237967	0.1988875858	0.1002046469	-0.0316360696	-0.0442601199	-0.1310868562	-0.0511838890111988	-0.0176875891784078	0.0003128508109441	0.0026197904943107	0.0499012839172792	-0.0617026272963699	0.0024901381365929	0.0038072142152747	-0.1662886187499594	0.0127673968636657	0.0276519047257693	0.0001630064226743	0.0073512205472068	-0.0008141135684471	6.627809023298336e-07	5.404044353367545e-05	-0.0014422782255727	0.0002813970346002	7.91842910818424e-08	2.080166479961136e-06	-0.0004787043056585	0.0004142761501673	2.2915781225598667e-07	1.716247285975221e-07	0.0	0.0	0.0	0.0	0.0	0.0	0.0	0.0	0.0	0.0	0.0	0.0	0.0	0.0	0.0	0.0	0.0	0.0	0.0	0.0	0.0
829.9349016967853	3.5357901081506498	12.501811688895984	688791.9410544528	843.4413462596334	3.112146899958248	9.685458326919733	711393.3045802629	777.2286212363939	1.6435804045601117	604084.3296690258	2.7013565462539804	787.4603699121302	593.6156833755922	1.104184	21.903543	0.2450816778135554	0.1749285442057982	-0.0754024543	-0.0883069135	-0.265225521	0.0391316864	-0.036421299	-0.0437272885	-0.0172328202	0.1703025435	0.1723514333	0.1974772823	0.0806790411	-0.0101118522	-0.0587344261	0.1010113553	0.1063523246	0.0991718796	0.0698008658	0.0161073051	-0.1229717722	-0.0814298277	0.0563780644	0.1012417464	-0.0342061433	-0.1206638633	0.0518427871	0.0584148798	-0.0761420586	0.1854655437	-0.085194495	0.0772310664	0.0504294308	-0.0096130742	-0.089928128	-0.0687618324	-0.0202145966	0.0546020768	-0.0610061402	0.0307381562	0.0453765371	-0.1811503207	0.1307715107	-0.161872769	0.041987183	-0.0195180324	-0.0263764979	0.0481567972	0.0600362591	-0.000358559	-0.1024175564	0.1465281068	-0.043985685	-0.1612907829	-0.0433134726	-0.1896709614	-0.0548126783	0.0332990071	-0.1465367702	-0.0426128139	-0.0415319617	-0.0268894122	-0.0499642712	-0.1242038795	-0.0551051079363276	-0.0039212189251287	1.537595785878824e-05	0.0030365729206743	0.0665645874659333	0.0166633035486541	0.0044308443045098	0.0002776656851545	-0.1155765372464969	0.0507120815034625	0.0133579359618908	0.0025717152104138	0.00433698682159	-0.0030142337256168	9.085604952645734e-06	1.8809454690645333e-05	-0.0013122647286054	0.0001300134969673	1.6903509393666125e-08	1.7220387179418042e-06	-0.0008101585598006	-0.0003314542541421	6.563568920181824e-07	1.0986192258889583e-07	0.0	0.0	0.0	0.0	0.0	0.0	0.0	0.0	0.0	0.0	0.0	0.0	0.0	0.0	0.0	0.0	0.0	0.0	0.0	0.0	0.0
830.9312547695245	0.9963530727391116	0.9927194455566696	690446.7501528563	843.7593897436834	0.3180434840500084	0.1011516577466679	711929.9077806331	775.9766146199087	-1.2520066164852324	602139.7064369742	1.5675205677227997	786.7107708095359	607.4102118158914	0.920623	18.26228	0.1872470483281128	0.1069724387917709	-0.0112290879	0.0271991137	-0.221369967	-0.0224551449	-0.0169160844	0.037585593	-0.0163695971	0.1311478736	0.0937552325	0.165735463	0.0788951673	0.0928345145	-0.0609782713	0.0600393522	0.2176004697	-0.0180076948	-0.0594349684	0.1873612594	-0.138885598	0.053944489	0.0513306347	0.117348073	-0.099844727	0.1158532746	0.064847734	0.0577449236	0.0915076824	0.1198389208	-0.207607917	0.0942723879	-0.0357065362	-0.0896877304	0.1368337464	-0.1427441445	-0.0410913229	0.057641934	-0.0009225985	-0.0658178312	0.1029338085	-0.0816429618	0.1350903694	-0.1320289197	0.0323351292	0.0568962416	-0.0718396964	0.0437247989	0.1292058188	0.0006519458	0.00915753	-0.0043736739	-0.0639857941	-0.1470074512	-0.1863351863	-0.0166808945	-0.0142563089	0.0628165287	-0.145858497	-0.0288841994	-0.0611376391	-0.0647199681	-0.055595093	-0.1165920251	-0.0558178869760439	-0.0007127790397163	5.080539594588956e-07	0.0031156365064704	0.0232810106547418	-0.0432835768111915	0.0005420054571062	0.0018734680215703	-0.0993569807214669	0.01621955652503	0.0098718096180859	0.0002630740138686	0.0025517872378823	-0.0017851995837077	3.186937553670146e-06	6.511618107418978e-06	-0.0008801226735686	0.0004321420550368	1.867467557314287e-07	7.746159205295404e-07	-0.0004868774795016	0.000323281080299	2.370496800458309e-07	1.0451065687928853e-07	0.0	0.0	0.0	0.0	0.0	0.0	0.0	0.0	0.0	0.0	0.0	0.0	0.0	0.0	0.0	0.0	0.0	0.0	0.0	0.0	0.0
833.1535738546264	2.222319085101958	4.938702116008404	694144.8776267364	842.7146598670133	-1.0447298766700897	1.0914605152071006	710167.9979547759	778.4223213338673	2.445706713958657	605941.3103508066	5.981481330702453	786.832956776166	602.3077577606263	0.926229	18.373484	0.1084354248172115	0.0546435617425028	0.0486608841	-0.0485759709	-0.0014187072	0.0035320289	0.0260638356	-0.0753465796	0.0444366419	0.02858518	0.0913612647	0.0677501529	-0.0253449249	0.237133392	0.0309946497	-0.0286556127	0.0415152143	-0.0077326258	0.0308804115	-0.0649047729	-0.0821285123	0.174145633	-0.0370804307	0.1099178365	-0.1260874641	0.0486094747	-0.0326154623	-0.0304589994	0.0072298905	0.0580144179	-0.0007245908	0.1653878491	0.0730243893	0.0202433753	0.1198535622	-0.1855415851	0.0395180871	-0.000587925	0.0597266562	-0.0329748089	-0.0005750167	-0.1034226443	0.0350855993	-0.0611319961	0.0398713728	-0.0303147172	-0.115923864	0.0778667123	-0.001077511	0.0053178565	0.0352542713	0.0690702707	0.0305151112	0.0032866977	-0.1972509647	-0.1224387353	0.1020412495	-0.1212691789	0.0024322019	-0.1423837219	-0.014081348	-0.0117312107	-0.0611443214	-0.1082959623	-0.0374361632071185	0.0183817237689254	0.000337887768717	0.00140146631567	0.044519007682652	0.0212379970279101	0.001981942045048	0.0004510525177575	-0.079127074908186	0.0202299058132808	0.0062610939835256	0.0004092490892142	0.0018182013814392	-0.0007335858564431	5.381482087733565e-07	3.3058562634674155e-06	-0.0010070447404999	-0.0001269220669313	1.6109211074113408e-08	1.014139109368511e-06	-0.0005980855202691	-0.0001112080407675	3.5770628955556e-07	1.2367228331345944e-08	0.0	0.0	0.0	0.0	0.0	0.0	0.0	0.0	0.0	0.0	0.0	0.0	0.0	0.0	0.0	0.0	0.0	0.0	0.0	0.0	0.0
834.4641374771873	1.310563622560835	1.7175770087797788	696330.3967355461	843.2042266456945	0.4895667786811373	0.2396756307882256	710993.3678331637	778.0455150818557	-0.3768062520116473	605354.8235389901	0.141982951555065	788.1295715788003	607.4404703929242	0.847719	16.816076	0.044929054678951	0.0240901862584316	0.0169867775	0.0212327103	0.0656742694	-0.0997500829	0.0514692487	0.042765505	0.0383436714	0.0229375446	-0.018827305	0.1555368124	0.0308786225	0.1070621741	-0.0008753839	-0.014259785	0.050540169	0.0774605153	0.0402562483	0.0168239484	-0.097790835	0.0257250553	-0.0037089997	0.0220104085	-0.1344153085	0.0561993691	0.0099080741	-0.0202263653	0.0141138235	0.127344005	0.0425140715	0.0358682841	0.0384650313	0.075237798	-0.0113871679	-0.1067619525	0.0579037614	0.1063459584	0.0306606982	-0.0532049292	0.0970547698	-0.0862251142	-0.0644904561	0.0330295042	0.1285515608	0.0223216213	-0.1345932634	0.1003014714	-0.1139249603	-0.0346153409	0.0502001764	0.1126361244	0.0108817053	0.1185779799	-0.0958506865	0.0310622876	-0.0391040849	-0.0566783853	-0.2395433884	-0.0875303495	-0.0197691288	-0.0824641318	-0.066603812	-0.0993643757	-0.0323120812989685	0.0051240819081499	2.6256215401430092e-05	0.0010440705978711	0.0444525521069607	-6.645557569130017e-05	0.001976029388822	4.416343540462126e-09	-0.0812090644859608	-0.0020819895777747	0.0065949121546849	4.334680601962859e-06	0.0017102122541342	-0.000107989127305	1.1661651616095509e-08	2.9248259541907817e-06	-0.0006527608677193	0.0003542838727806	1.2551706251242037e-07	4.260967504256535e-07	-0.0008889430725302	-0.000290857552261	7.902197861994323e-07	8.45981157073185e-08	0.0	0.0	0.0	0.0	0.0	0.0	0.0	0.0	0.0	0.0	0.0	0.0	0.0	0.0	0.0	0.0	0.0	0.0	0.0	0.0	0.0
837.3970888596444	2.9329513824571904	8.602203811857544	701233.8844306072	845.0846153550847	1.8803887093902176	3.535861698402208	714168.0071098515	779.9261167147633	1.880601632907656	608284.7475337706	3.5366625016949405	788.8778723001226	616.6038262087658	0.905875	17.969709	0.07473891287521	0.0337746038227055	0.1134672957	0.0717179689	0.0647448153	-0.0080037801	-0.0060165628	-0.0136701762	0.0196487417	-0.0427087621	-0.1145164126	0.0154547128	-0.0017200589	0.1070562545	0.0602482954	-0.075433637	0.0924746344	-0.0006560439	-0.092067906	-0.1009571218	0.096607866	-0.0232665633	0.0396729587	0.1089962533	0.0362362158	0.0450663398	-0.0599124382	-0.0428894705	0.1002111813	0.0222884441	0.0246634602	0.0416799915	0.0999422202	0.0123196687	0.1397465344	0.0192887992	0.0165290569	0.1978893739	0.0876543073	-0.0516655857	0.0032657259	-0.0733942741	-0.0205004829	0.0558442936	0.1032371381	-0.0786275728	-0.1582110866	0.0501572136	0.0563580503	0.0476334325	-0.0042662558	-0.0272845722	0.1222895953	0.0248980848	-0.0558678385	0.1089059895	-0.1455304059	-0.1242985364	-0.0953221772	-0.0806799799	-0.0403233099	-0.1041601009	-0.0719655524	-0.0898496795	-0.0417627805247349	-0.0094506992257663	8.931571585590161e-05	0.0017441298371571	0.0483918335967104	0.0039392814897497	0.0023417695588517	1.5517938655484632e-05	-0.0968904862250497	-0.0156814217390889	0.0093877663209265	0.0002459069877591	0.0011748486401445	-0.0005353636139897	2.866141991841126e-07	1.3802693272493806e-06	-0.0003969504534262	0.0002558104142931	6.543896806080747e-08	1.5756966247526579e-07	-0.0007667668924009	0.0001221761801292	5.879314672821334e-07	1.492701899098714e-08	0.0	0.0	0.0	0.0	0.0	0.0	0.0	0.0	0.0	0.0	0.0	0.0	0.0	0.0	0.0	0.0	0.0	0.0	0.0	0.0	0.0
837.9195669814109	0.5224781217664258	0.2729833877245721	702109.2007303151	847.2270971407556	2.1424817856709524	4.590228201931793	717793.7541295514	778.7068455156762	-1.2192711990871885	606384.3512529752	1.4866222569235106	787.917607098786	623.1002964801099	0.8957509999999999	17.768894	0.0628535833041377	0.0294836631610436	0.0647605396	0.1230113019	0.1726140794	-0.0720856556	0.0028295677	-0.0071410948	0.0593132219	-0.1833426822	-0.1063345334	0.1392410208	0.0512701723	0.1676871355	0.00086301	-0.0762280896	0.1565589152	0.0979454789	0.1033657873	-0.2108707255	0.0680873405	0.1131509216	0.061574857	0.0900061986	0.0179224412	0.0577893105	-0.0031419067	-0.0789190053	0.0739958695	0.1909858486	0.1986513813	0.046202742	0.0524055529	-0.0182342587	0.1123179272	-0.0900193976	-0.0817861384	0.0302627313	0.0645737495	-0.0925337666	0.046895629	-0.0417513014	-0.0606556245	0.0766746386	-0.0224685447	0.0252678038	-0.2047154914	0.103998702	-0.063897923	-0.0085884246	-0.1085142398	-0.0814984959	0.1788923885	0.0701831558	-0.1447338334	0.1481897397	0.0494783948	-0.0286851165	-0.0440080488	-0.0975756217	0.0088781915	-0.1930752007	-0.0772216734	-0.0798077096	-0.0437497786417679	-0.0019869981170329	3.94816151709268e-06	0.0019140431312036	0.049452206919085	0.0010603733223746	0.0024455207691679	1.1243915828037529e-06	-0.1164151807712698	-0.0195246945462201	0.0135524943140074	0.0003812136971231	0.000899656819253	-0.0002751918208915	7.573053828557943e-08	8.09382392428425e-07	-0.0006749587381083	-0.0002780082846821	7.728860635188357e-08	4.5556929814874877e-07	-0.0010191971331975	-0.0002524302407966	1.038762796318003e-06	6.372102646862947e-08	0.0	0.0	0.0	0.0	0.0	0.0	0.0	0.0	0.0	0.0	0.0	0.0	0.0	0.0	0.0	0.0	0.0	0.0	0.0	0.0	0.0
838.4231904934245	0.5036235120136325	0.2536366418529455	702953.4463571731	845.5921922914541	-1.634904849301506	2.6729138662695804	715026.1556642675	781.1812576122499	2.474412096573701	610244.1572446562	6.122715223670259	791.4386992072856	616.6763955924406	1.098524	21.791269	0.1356439211765658	0.0667145629932031	0.0369076978	-0.0565534902	0.267986432	-0.0358123448	-0.0910754238	0.0324702821	0.0330212442	0.0051242958	-0.2225726899	0.0576762945	-0.1928028545	-0.046721084	0.110558796	-0.0225913704	-0.1565803901	-0.0528165108	-0.0695192178	0.0229101844	0.0443351341	-0.0485376729	-0.0391283988	-0.0690371734	-0.2833084219	0.0963095322	-0.0844425147	0.0358593768	-0.0592309433	-0.1508440906	0.0040885287	-0.0852106891	-0.0003659279	0.2281991611	-0.0094071843	-0.0415197148	-0.0983015664	-0.0596888021	0.0532141637	-0.039585124	-0.0737745815	-0.106431074	-0.1431439852	0.1081701623	0.0879255474	0.0125019239	-0.0475899537	0.0007548272	-0.0620896465	-0.0145921102	-0.0303881095	-0.0704138189	0.0378036811	0.1413679093	0.0166403008	-0.0120113155	-0.0572270059	0.1126999398	-0.1761179242	-0.1527796128	0.2527415424	0.1496757998	-0.0823644609	-0.0692973963	-0.0314443468427754	0.0123054317989924	0.0001514236517596	0.0009887469483687	0.0703630286420775	0.0209108217229924	0.0049509557996858	0.0004372624651307	-0.1314019090502256	-0.0149867282789558	0.0172664617020437	0.0002246020245072	0.0018399041586369	0.0009402473393839	8.840650592185028e-07	3.3852473129693584e-06	-0.0003969495611459	0.0002780091769624	7.728910247531104e-08	1.575689540939226e-07	-0.0004886348620313	0.0005305622711662	2.387640283923476e-07	2.814963235850364e-07	0.0	0.0	0.0	0.0	0.0	0.0	0.0	0.0	0.0	0.0	0.0	0.0	0.0	0.0	0.0	0.0	0.0	0.0	0.0	0.0	0.0
835.7781797020082	-2.645010791416325	6.9960820867088165	698525.1656660023	851.64730067162	6.055108380165848	36.66433749555468	725303.1247412567	780.3779799214909	-0.8032776907589323	608989.7915463469	0.6452550484710029	791.2208305367029	616.3699984876027	1.093283	21.687313	0.0684462386804687	0.0311737117744352	0.0221187428	-0.0487551015	0.1135319611	0.0667636248	-0.0479286075	0.0868061399	-0.0632901028	0.0262091053	-0.1742239894	-0.1164770804	-0.0077222801	-0.1199259112	0.0647615258	-0.0782524487	-0.0754523391	0.0298312091	-0.2873183471	0.0104929666	0.0364022095	0.0649686655	0.0845453341	-0.0620887868	-0.03734347	0.1406706981	-0.0496639067	0.0270428676	0.107064305	-0.1642894759	-0.043765694	-0.1321325179	0.1720299833	0.0568218576	0.1000774515	0.0294187248	0.0252079824	-0.0685691151	0.0375448541	-0.1074887036	-0.1360557751	-0.003491566	-0.1521794271	-0.0053059834	-0.0220235106	-0.0734550629	-0.0741668623	-0.1061398873	0.0541764929	0.0990311052	0.038425483	-0.0380442546	-0.0685610698	-0.0920893772	0.010408791	0.1594069974	-0.0885976478	-0.0936860119	-0.1257759158	0.0525689518	0.2769663889	0.0551110427	-0.0873863672	-0.0583804184	-0.0222509502076064	0.009193396635169	8.451854169153677e-05	0.0004951047851413	0.0859422999902932	0.0155792713482156	0.0073860789276215	0.0002427136957413	-0.1490543903394297	-0.017652481289204	0.022217211279459	0.0003116100956656	0.0014423775403787	-0.0003975266182581	1.580274122238006e-07	2.0804529689889083e-06	-0.0005073433740456	-0.0001103938128997	1.2186793926533971e-08	2.573972991879736e-07	-0.0004761335050316	1.2501356999700033e-05	2.2670311461367665e-07	1.56283926833949e-10	0.0	0.0	0.0	0.0	0.0	0.0	0.0	0.0	0.0	0.0	0.0	0.0	0.0	0.0	0.0	0.0	0.0	0.0	0.0	0.0	0.0
836.05322424902	0.2750445470118166	0.0756495028409353	698984.9937771821	847.4958985444088	-4.151402127211213	17.234139621813785	718249.2980495947	779.6083145427347	-0.7696653787562582	607789.1241041635	0.5923847952560144	789.8253893287357	616.7247466428213	1.028202	20.396299	0.1426341545319381	0.0701407654930706	0.0950238891	0.0356183448	0.0689302357	-5.50591e-05	-0.0799689916	-0.0489151921	-0.0040800533	-0.1065080991	-0.0175157267	0.0076806991	0.0924783697	0.0081832717	0.0387244571	-0.078767877	0.0414226009	-0.0354083327	-0.0708381884	-0.2200549399	0.0314493932	-0.0241132531	-0.0922306418	-0.0237093452	0.0958593289	0.1508745037	-0.0429001977	-0.0487939193	0.0633616497	0.0028214178	0.0752444404	0.0387163649	0.1315405083	0.0633946059	-0.0125128476	0.1539150553	-0.1529924702	-0.1588735374	0.0826600514	-0.0986781627	-0.0651783727	-0.0710497982	-0.0370736131	0.0611533402	-0.0082137108	-0.0272439975	-0.0871685886	-0.0124705092	-0.0273871109	0.0970841864	0.0018806433	-0.0246955996	0.1613466389	0.0667848203	-0.0550609335	0.1128073899	0.062518674	0.1339591149	0.0500564401	0.0099656312	0.08753534	-0.0464636614	-0.092280022	-0.0471208409	-0.0384203976667265	-0.0161694474591201	0.0002614510311332	0.0014761269568694	0.0336270274718231	-0.05231527251847	0.0011307769765907	0.0027368877386817	-0.1181076118964767	0.0309467784429529	0.0139494079878887	0.0009577030959972	0.0012426725357158	-0.0001997050046628	3.988208888740889e-08	1.5442350310223364e-06	-0.0009649241085867	-0.0004575807345411	2.0938012862317265e-07	9.310785353318376e-07	-0.0006829008880555	-0.0002067673830238	4.663536229069905e-07	4.275275068255216e-08	0.0	0.0	0.0	0.0	0.0	0.0	0.0	0.0	0.0	0.0	0.0	0.0	0.0	0.0	0.0	0.0	0.0	0.0	0.0	0.0	0.0
834.0393435737359	-2.013880675284099	4.055715374282739	695621.6266289082	845.7706791580104	-1.7252193863984076	2.976381931204898	715328.0417234021	777.2758149564936	-2.332499586241056	604157.6925162813	5.440554319814698	788.9057958515375	610.3570845653733	0.985548	19.55019	0.0228173069387599	0.0108419070080264	0.0186875898	-0.0295913481	0.00749209	0.0375554537	-0.0656777721	0.0722599061	-0.0375504509	0.0339330341	-0.0450879502	0.000698058	0.0560379633	-0.0962409627	-0.0341560547	-0.0075337799	-0.0831387966	-0.0344860214	-0.1069740012	-0.0371129606	-0.239236472	-0.0957806094	-0.1117130776	-0.0772181382	-0.1798627405	0.1507387882	0.0382743401	0.0061216559	0.0089540594	-0.0568595013	-0.0254082669	-0.0520319838	0.1051739124	0.0309843076	-0.2081087352	-0.0425391448	-0.1040227796	-0.2362198164	0.0609616921	-0.0663918888	-0.0784156101	-0.0604710288	-0.0615099338	-0.031404017	-0.0324951152	0.0168361131	-0.0102894164	0.020120172	-0.0293073937	0.0991314971	0.0033329276	-0.0538894321	0.0249809575	0.0132510669	0.0322997401	0.1395079726	-0.0518586317	0.2364335481	-0.0841141752	-0.0325231376	0.1898448095	0.0095018672	-0.0970382431	-0.0355847396	-0.0385581646508939	-0.0001377669841673	1.897974192658005e-08	0.0014867320612454	0.0408266366401761	0.007199609168353	0.0016668142593489	5.1834372177032586e-05	-0.1133287704449372	0.0047788414515395	0.0128434102105612	2.2837325618952214e-05	0.0012877311371323	4.505860141649988e-05	2.030277561611005e-09	1.6582514815400463e-06	-0.0008469069810208	0.0001180171275659	1.3928042398905914e-08	7.172514345017657e-07	-0.0006319548303439	5.09460577116e-05	3.993669075949874e-07	2.595500796353677e-09	0.0	0.0	0.0	0.0	0.0	0.0	0.0	0.0	0.0	0.0	0.0	0.0	0.0	0.0	0.0	0.0	0.0	0.0	0.0	0.0	0.0
832.9087844280764	-1.130559145659504	1.278163981834347	693737.0431774558	846.8417366173617	1.071057459351323	1.1471640812321109	717140.926877109	779.8801527844832	2.6043378279896388	608213.052707149	6.7825755222977895	790.8371753997966	615.2558446370933	1.132428	22.463825	0.0828132836528945	0.0461440412011701	0.0913368489	-0.0306643422	-0.107553752	0.0094465174	-0.2165359896	0.0059713793	-0.0626833864	0.0299353074	0.0331230372	-0.1107231878	0.0667799337	-0.095429221	0.0835019816	0.010239257	0.0827486643	-0.1675778178	-0.1413265632	0.0466923469	-0.0082632664	-0.0750543433	-0.0294443635	-0.0136905221	-0.0026018986	-0.1004339814	-0.0637703192	0.0684035515	0.1461336692	-0.093186712	-0.1077949867	0.0139374707	-0.0824553293	0.0264733534	-0.0075323829	-0.0128836561	-0.0049025657	-0.0939026523	0.0842127417	-0.0761843125	-0.0573509398	-0.0996898887	0.0476972634	0.1644089766	0.1054381619	0.0616758641	0.0937647915	-0.0926497457	0.0288662232	0.2096891259	0.0108900772	-0.072053595	0.1161081164	-0.1155178701	-0.0670536352	-0.1108920603	-0.0714993565	0.13437412	0.1336015683	-0.1306786039	-0.2076752123	0.0885312312	-0.1016540472	-0.023839813	-0.0123206728694356	0.0262374917814583	0.000688405974982	0.0001517989799556	0.0734992232030009	0.0326725865628248	0.0054021358114445	0.0010674979127052	-0.0955228028142158	0.0178059676307213	0.0091246058574835	0.0003170524832662	0.0012217541056649	-6.597703146739992e-05	4.352968681250279e-09	1.4926830947090396e-06	-0.0007988815943664	4.8025386654399946e-05	2.306437763304616e-09	6.382118018174013e-07	-0.0006240124949079	7.94233543599998e-06	3.893915938011819e-07	6.308069217794099e-11	0.0	0.0	0.0	0.0	0.0	0.0	0.0	0.0	0.0	0.0	0.0	0.0	0.0	0.0	0.0	0.0	0.0	0.0	0.0	0.0	0.0
831.1738555042734	-1.7349289238029542	3.009978370648077	690849.9780738389	830.7646118212657	-16.077124796095973	258.47394170924395	690169.8402545383	778.1239572589317	-1.756195525551561	605476.8928602998	3.0842227239673248	787.9551990228122	604.9109623690686	2.169436	43.034809	0.9522484021156656	0.617010515519847	-0.2934059333	0.0004256159	0.2164841142	0.3092876249	-0.1465265779	-0.1258025198	0.2851606205	0.0149630249	0.3117966898	-0.23981684	-0.3021110359	-0.0765276741	-0.1304081329	0.0001893839	-0.3250523266	-0.2626206154	0.1421148968	0.0556469878	0.1972646226	-0.1072305714	-0.0589068003	0.2147195913	0.0964002614	-0.0035652011	0.0933444029	-0.071538372	-0.3090393358	-0.3409225669	0.0251605175	0.1406218215	-0.1629815013	0.0164916832	0.0381438854	0.0205386839	-0.1496832004	0.1181545659	-0.297378366	0.1845640494	-0.4031098097	0.4036813073	0.0837861074	0.2579678395	0.2012903584	0.2935087365	-0.0417081472	0.2256954114	0.2200984011	0.2691150787	0.0197622935	0.2215610759	-0.0435251595	0.0482685121	-0.1547513665	-0.0595157651	0.0004143818	0.011102588	-0.0220804409	0.0588975882	0.0336060113	-0.0117190621	-0.10612066	-0.0119549848	-0.0156808510176063	-0.0033601781481707	1.1290797187443886e-05	0.0002458890886363	0.1564205471344735	0.0829213239314726	0.024467387565848	0.0068759459625482	-0.3728028303890482	-0.2772800275748324	0.1389819503460854	0.0768842136918998	0.0107564593181885	0.0095347052125235	9.091060348972467e-05	0.0001157014170638	0.0002980091318725	0.0010968907262389	1.2031692653089017e-06	8.88094426794011e-08	-0.0017661540053692	-0.0011421415104613	3.119299970681668e-06	1.3044872299188195e-06	0.0	0.0	0.0	0.0	0.0	0.0	0.0	0.0	0.0	0.0	0.0	0.0	0.0	0.0	0.0	0.0	1.0	0.0	0.0	0.0	0.0
837.1468020577571	5.972946553483666	35.676090530772406	700814.7681955296	846.5356471067781	15.771035285512426	248.725553976878	716622.6018224916	779.9287666006481	1.804809341716464	608288.8809712083	3.257336759947015	790.3819960489344	600.3436709944024	1.949354	38.669075	0.3449670532310691	0.1717299364443794	-0.285377444	-0.0075753267	0.1116820313	-0.1163874821	0.1498831057	0.1163642316	-0.0160528181	0.003533225	-0.0835550569	-0.0302376697	-0.0127366169	-0.079447661	-0.0052941496	0.2137521957	-0.2873906718	0.1750963489	0.0829935385	0.1331631853	0.0796341032	-0.0363641442	-0.0357979614	-0.0957004891	-0.0142877933	-0.0599942308	0.0275244999	0.1498719297	-0.2881693777	-0.0376786203	0.0774407321	-0.234895876	-0.0794252515	-0.0522422631	-0.0759273898	-0.0257640619	0.1098002907	0.0321550946	-0.2644984821	0.1616322043	0.061736339	0.0805525313	-0.1550542143	-0.0948385728	-0.2146083466	0.1650218617	0.0520163685	0.0309807847	-0.0480538223	-0.0717892085	-0.105269665	-0.0919151443	0.0022249963	0.3092367673	0.0362713991	0.138411145	-0.2314115594	-0.1100243469	-0.007415774	-0.01760907	-0.0291688557	-0.189557642	-0.1104315261	-0.0	-0.0240079987364936	-0.0083271477188873	6.934138913216997e-05	0.0005763840033314	0.2169327968558434	0.0605122497213699	0.0470598383516986	0.0036617323663414	-0.2666981831376063	0.1061046472514419	0.0711279208889001	0.0112581961683529	0.009344307398861	-0.0014121519193275	1.994173043260342e-06	8.731608076440841e-05	-0.0007805199077284	-0.0010785290396009	1.1632248892624395e-06	6.0921132636035e-07	-0.0008563747935102	0.000909779211859	7.333777869596376e-07	8.276982143307831e-07	0.0	0.0	0.0	0.0	0.0	0.0	0.0	0.0	0.0	0.0	0.0	0.0	0.0	0.0	0.0	0.0	0.0	1.0	0.0	0.0	0.0
832.9530303080437	-4.193771749713392	17.58772148869412	693810.7506993528	852.5223840118214	5.986736905043244	35.841018770206766	726794.4152411994	779.5591427235121	-0.369623877136064	607712.4570038171	0.1366218105490961	791.3854096208082	608.897448137582	1.370067	27.177824	0.261522537860166	0.1364828380631134	-0.1452458882	-0.0967761116	-0.0960910673	-0.0555626511	-0.1308139841	0.1566190662	-0.1032564258	0.1009692554	-0.0419488445	-0.1154094812	-0.0742402584	-0.209519349	0.0366172593	0.211202995	-0.1196072534	0.0976604731	-0.2051004432	0.0776967134	-0.0677382796	-0.0281786307	-0.0059828057	-0.0859662157	0.0727559371	-0.1553396746	0.0363863288	0.2502754192	-0.0163209402	-0.084028826	-0.0991255245	-0.226866882	0.045237343	-0.0222023583	-0.0492754651	-0.1072899262	0.1197530122	-0.0394200657	-0.1708734528	-0.0035431667	-0.0428270707	-0.0880864919	0.0503343222	-0.045242562	-0.0861167635	0.1310034116	0.1833141482	-0.1392351525	0.0494217208	0.0004807317	0.0596744412	-0.1521770089	0.0524792749	0.1138463987	0.1560622675	-0.0270098512	-0.230681577	-0.007172545	0.0316693279	0.0298835439	-0.0487785711	0.0232940819	-0.1145803187	0.0119549848	-0.0502041451580055	-0.0261961464215119	0.0006862380873372	0.002520456191046	0.1127350482826159	-0.1041977485732275	0.0127091911112837	0.0108571708077295	-0.2809257100656879	-0.0142275269280816	0.0789192545759109	0.0002024225224892	0.0075594293024092	-0.0017848780964517	3.185789819193401e-06	5.714497137812284e-05	-0.0005769233810128	0.0002035965267155	4.145154569065601e-08	3.328405875592404e-07	-0.0005068270979307	0.0003495476955795	2.568737071968553e-07	1.221835914849388e-07	0.0	0.0	0.0	0.0	0.0	0.0	0.0	0.0	0.0	0.0	0.0	0.0	0.0	0.0	0.0	0.0	0.0	0.0	0.0	0.0	0.0
831.6830051704487	-1.2700251375949847	1.6129638501231598	691696.6210893487	844.3255311759414	-8.196852835880009	67.18839641307414	712885.6025955356	778.017947993475	-1.5411947300370912	605311.9273999776	2.3752811958941025	788.4344631264279	589.3619947624973	1.119518	22.207735	0.2288386841988587	0.1603757847034248	-0.1364524051	-0.1143854714	-0.0851095443	0.0435561756	0.0740515707	0.0157732393	-0.0255658947	-0.0032092875	0.118108564	-0.0067008516	0.0806235938	0.0425427026	-0.0217550317	0.1070946874	-0.0965676458	0.0142735293	0.0028045344	-0.0323141764	-0.1113560173	0.0925621858	0.1018108212	0.0811865686	0.1760412526	-0.0691234857	0.0455135509	0.1166685577	-0.0603082532	-0.0689661406	0.0088413998	0.0327858083	0.0922986596	-0.1094484548	0.0026087393	-0.0924481048	0.0546481908	-0.0359402546	-0.1083336156	-0.034873809	-0.0201078238	-0.0391292254	-0.1086001471	-0.0948971223	-0.0643577625	0.0891424518	0.1314476988	-0.0276355034	-0.0441869307	-0.0199972742	0.1987848948	-0.0324823918	-0.0193555818	0.0044476058	0.0207182919	-0.1815715621	-0.0059101713	-0.0334222237	0.2200967531	-0.1442057183	0.0768964668	0.0438621574	-0.1185609488	0.023839813	-0.0384774867548287	0.0117266584031768	0.0001375145173047	0.001480516986968	0.1271847746089491	0.0144497263263332	0.0161759668923291	0.0002087945909059	-0.2206389419224592	0.0602867681432287	0.0486815426926623	0.0036344944131554	0.0049298096571161	-0.0026296196452931	6.914899478911409e-06	2.430302325539516e-05	-0.0005762883206392	6.350603736000231e-07	4.03301678117001e-13	3.321082285051494e-07	-0.0007240830187864	-0.0002172559208557	5.242962180948261e-07	4.7200135146858194e-08	0.0	0.0	0.0	0.0	0.0	0.0	0.0	0.0	0.0	0.0	0.0	0.0	0.0	0.0	0.0	0.0	0.0	0.0	0.0	0.0	0.0
832.9212029768653	1.238197806416565	1.5331338078147936	693757.7303684284	847.8774213851638	3.5518902092223925	12.615924058369892	718896.1216947546	778.2716601653939	0.2537121719188917	605706.7770165984	0.0643698661798012	788.69187723687	591.7907584776361	0.968677	19.215517	0.053831451604462	0.0291220016329883	-0.0926135398	-0.0996480078	-0.0238320321	-0.0811321288	-0.0592711974	0.0525119176	-0.0239236976	0.0107346828	0.0505799136	0.164010003	0.0347518525	-0.0692847101	-0.0231678579	0.1211330316	-0.0916877529	0.034065416	0.1064839944	-0.0978502566	-0.1881347565	-0.0127779721	0.0225360527	-0.1156731688	-0.1011215231	-0.1520795001	0.0480621951	0.0860206937	-0.0868291996	0.047233146	0.1230000549	0.0230361667	0.0351434555	-0.0341025539	-0.175325099	-0.1384668623	0.0952960047	-0.0554617409	-0.0855154471	-0.0031415321	0.0006029915	-0.1522911166	0.0113295447	0.0193732542	-0.0106197243	0.10585253	0.1832329392	-0.0336698158	-0.0634199184	-0.0313260384	0.0758747296	0.0004569334	0.0358198842	0.1033378573	0.1171559065	-0.0781616958	-0.0527880902	-0.0686683455	0.0141651295	-0.0799865896	0.1190042075	-0.0052802634	-0.1223675745	0.0355847396	-0.0381436351333803	0.0003338516214483	1.1145690514372299e-07	0.0014549369011884	0.1084131110871169	-0.0187716635218322	0.0117534026555875	0.0003523753513768	-0.1994007711805778	0.0212381707418813	0.0397606675474091	0.0004510598964613	0.0050937852241388	0.0001639755670227	2.6887986580416222e-08	2.594664790965477e-05	-0.0005771152696198	-8.269489806000431e-07	6.838446165154504e-13	3.330620344283345e-07	-0.0008290358171691	-0.0001049527983826	6.873003861492373e-07	1.1015089888359668e-08	0.0	0.0	0.0	0.0	0.0	0.0	0.0	0.0	0.0	0.0	0.0	0.0	0.0	0.0	0.0	0.0	0.0	0.0	0.0	0.0	0.0
832.8931264646076	-0.0280765122577122	0.0007882905405574	693710.9601119888	846.1649299427203	-1.7124914424434792	2.932626940442148	715995.0886649687	778.6637290926016	0.3920689272076743	606317.2030043964	0.1537180436817765	789.5160361567836	590.319346542818	1.008669	20.008837	0.0927680252461303	0.050151369122821	-0.0941770682	-0.1425211307	-0.1381547	0.0321992996	0.0835460195	0.0405338144	-0.0404871334	0.0500237746	0.0080849666	0.0092363771	-0.0125539933	-0.0172511601	-0.0050445377	0.0532857648	-0.0679232104	0.1197539564	-0.1617710773	0.2248971359	-0.0272557858	0.0527861203	0.0406023237	-0.0280390629	0.1727121898	-0.0318428795	0.0102955637	0.0892855807	-0.0422554338	-0.0834856649	-0.1944413393	-0.1693781594	0.0522680427	-0.1753802771	0.1150957977	-0.0528222959	0.0371533172	0.0307488143	-0.0665584684	0.0511804819	0.0204318441	-0.0958037211	-0.04418179	-0.1817955178	-0.1080006252	0.1938354938	0.0704426618	-0.0632770611	0.0186068856	0.0314820278	0.0973151928	-0.0741198374	-0.0639047015	-0.0749517068	0.0328419225	0.0120235222	-0.1120611835	-0.08205188	-0.0054431643	0.0445143906	-0.0126115273	0.1366076462	-0.1259946088	0.0471208409	-0.0423126708074335	-0.0041690356740531	1.7380858451528192e-05	0.0017903621108582	0.1033540884885724	-0.0050590225985445	0.0106820676073036	2.5593709652583964e-05	-0.1569270178225252	0.0424737533580526	0.0246260889226711	0.0018040197243206	0.005290011385506	0.0001962261613671	3.8504706404906364e-08	2.798422045878311e-05	-0.0010660618938866	-0.0004889466242668	2.390688013818993e-07	1.1364879615970844e-06	-0.0009651873038447	-0.0001361514866756	9.315865315030012e-07	1.8537227323976092e-08	0.0	0.0	0.0	0.0	0.0	0.0	0.0	0.0	0.0	0.0	0.0	0.0	0.0	0.0	0.0	0.0	0.0	0.0	0.0	0.0	0.0
832.0914464204518	-0.8016800441557734	0.6426908931976029	692376.1752060796	845.3190973123927	-0.8458326303275499	0.7154328385268216	714564.3762810385	777.76223217682	-0.9014969157815358	604914.0898006697	0.8126966891636215	787.3242530130653	593.4866777443024	1.070531	21.23597	0.1546426836597966	0.0879386135654745	0.0119198688	-0.112714964	-0.0554896254	0.0388503009	-0.0817032853	-0.0581137834	-0.0425760305	0.0089346289	0.0916252076	0.0039802266	0.0274659916	0.0821119277	0.0186854804	0.0659986172	0.0049576444	-0.1077710381	-0.0478843327	-0.0212308488	-0.1775952287	0.2363110224	-0.0622252593	-0.0274062772	0.0618111633	0.0828896068	-0.0106185841	0.0693277568	0.0107314608	-0.0316655946	-0.0193485421	0.1885801884	0.070699071	-0.1070554741	0.0487371835	-0.0954334005	0.093091177	-0.2038033524	0.008335843	0.020143428	-0.086503192	-0.1021454259	0.0800347792	0.0364215882	-0.0238866504	-0.0764073033	0.1307522598	-0.0754614388	-0.0072763902	-0.000631225	0.1529656834	-0.0006434207	0.1005683702	-0.0644672443	0.0354249657	-0.1354848817	0.0444340579	-0.0420339361	0.1221884153	-0.2017269124	0.0607185054	-0.0539688792	-0.1294367287	0.0583804184	-0.0385856899044512	0.0037269809029822	1.3890386651194744e-05	0.0014888554654024	0.1136517445345504	0.010297656045978	0.0129167190357467	0.0001060417200412	-0.1199766858159989	0.0369503320065262	0.0143944051393909	0.0013653270353925	0.004003818763315	-0.001286192622191	1.6542914613785613e-06	1.6030564689473256e-05	-0.000601289090595	0.0004647728032916	2.1601375867953238e-07	3.615485704685621e-07	-0.0006427984352411	0.0003223888686036	4.131898283484066e-07	1.0393458259950929e-07	0.0	0.0	0.0	0.0	0.0	0.0	0.0	0.0	0.0	0.0	0.0	0.0	0.0	0.0	0.0	0.0	0.0	0.0	0.0	0.0	0.0
833.2227874870813	1.1313410666294883	1.2799326090423488	694260.2135877418	841.9278301311906	-3.3912671812021244	11.500693094298605	708842.4711494149	776.5615492688582	-1.2006829079617771	603047.8398028493	1.44163944547155	786.978754163679	607.7676800034611	1.384083	27.45587	0.5375041804404364	0.3495935868222394	-0.1599837906	0.163303821	-0.0766726028	0.1062968356	-0.1311734245	-0.0368295498	0.1245657538	-0.0814350952	0.1535067637	0.0696450475	-0.0274831251	-0.0873396619	-0.1272677736	0.1887279173	0.090833767	-0.0731797107	0.2321212027	0.0587178566	0.188050911	0.070054894	-0.0780605781	0.1211097987	0.1540332385	-0.0249053989	0.1187698432	0.0728977386	-0.1741786153	0.1538376518	0.0853953426	0.1315989425	-0.1832569793	-0.0624630591	0.1225412154	0.0873553432	-0.1068493752	0.0669588843	-0.2147852834	0.0546551242	-0.0876073898	0.0955280551	0.3023919911	-0.0335614484	0.0078504301	-0.1033451571	-0.0442240932	0.1042825645	-0.0831130829	-0.1479097618	-0.1927273418	0.0490322283	0.2150303499	-0.0263591737	0.137356945	-0.030812478	-0.136039169	0.0055650147	0.1301037785	-0.1075036614	-0.0191623157	-0.179269973	-0.1326888823	0.0692973963	-0.0775897190052177	-0.0390040291007665	0.0015213142860934	0.0060201644953086	0.1056617648625177	-0.0079899796720327	0.0111644085538619	6.383977515949579e-05	-0.306050596103276	-0.1860739102872771	0.0936669673751705	0.0346235000895976	0.0089949058521668	0.0049910870888518	2.4910950328503137e-05	8.090833128934454e-05	-0.00137395636067	-0.0007726672700749	5.970147102451528e-07	1.887756081025551e-06	-0.0003178275665607	0.0003249708686803	1.010143620658962e-07	1.0560606549089377e-07	0.0	0.0	0.0	0.0	0.0	0.0	0.0	0.0	0.0	0.0	0.0	0.0	0.0	0.0	0.0	0.0	0.0	0.0	1.0	0.0	0.0
837.7889589970529	4.566171509971582	20.84992225847616	701890.3398173655	848.4624278560566	6.534597724865989	42.70096742582376	719888.491483394	781.3836956809969	4.822146412138636	610560.4798760928	23.25309602010152	791.6660966578008	609.1913156394498	1.490481	29.566463	0.4042703241626447	0.2641972656494455	-0.0349173084	0.0024246628	0.0832642361	-0.1249032725	0.0538512737	-0.0072072021	0.0318884014	-0.0295397769	-0.0897988377	0.13786414	-0.028279875	0.1147525946	0.0877608903	-0.0148950013	-0.1079639447	0.0824136282	-0.0432586773	0.0190541296	0.1798923736	0.1494956142	-0.015152262	0.0411841108	-0.0417114767	-0.0752246617	-0.07216062	0.0152725303	-0.0408738552	-0.0306196275	0.0353238345	-0.1157118278	-0.0505951728	0.133787789	0.1456209045	-0.0900854712	0.0167997583	-0.024465455	-0.0400483014	0.0248974069	0.0913651374	-0.0434652274	-0.0407425729	-0.0532737468	-0.1124033039	0.0272572292	-0.0738041066	0.0634674032	-0.0316033959	-0.0778971565	-0.0972782904	-0.0931807256	-0.0631795934	0.0414268123	0.03521758	-0.151045938	0.1169258353	-0.0328852859	0.0465901809	0.1314033428	-0.0633370892	0.0638154894	-0.1357462967	0.0798077096	-0.0463749443888019	0.0312147746164158	0.0009743621543536	0.0021506354670644	0.1232625693102988	0.0176008044477811	0.0151936609929762	0.000309788317209	-0.1891115447513982	0.1169390513518778	0.03576317635826	0.0136747417310771	0.004900963142788	-0.0040939427093788	1.676036690767583e-05	2.4019439726966423e-05	-0.0012616718426698	0.0001122845180001	1.2607812982537204e-08	1.5918158385858086e-06	-0.0008819142141131	-0.0005640866475524	7.777726810547268e-07	3.181937459469056e-07	0.0	0.0	0.0	0.0	0.0	0.0	0.0	0.0	0.0	0.0	0.0	0.0	0.0	0.0	0.0	0.0	0.0	0.0	0.0	0.0	0.0
834.8715774615719	-2.917381535481013	8.511115023565553	697010.5508531734	847.3596473742442	-1.102780481812374	1.216124791066332	718018.3719982035	778.9278198699379	-2.455875811058945	606728.5485673344	6.031325999344432	789.4124292396049	612.7201069559917	0.978	19.400459	0.2169199925967503	0.1375123161120271	0.0626151744	0.0039598118	0.0724751337	-0.0735749676	0.0374184135	-0.0924228183	0.0440119555	0.0300243898	-0.1029723921	0.0898758315	-0.0599732777	-0.0672447814	0.0408464894	-0.0047769361	0.0521180093	0.0621177118	0.1176544487	-0.1195904114	0.0120563735	0.0499839992	-0.1303595377	-0.0573078495	0.0065362643	-0.1066189346	-0.0497416754	-0.0495959253	-0.0445814505	0.1609850416	0.0419265478	0.0718028951	0.0097294016	0.1354598737	-0.0223580631	0.0350408891	0.1398669888	0.0997642024	0.0600883044	0.0577517344	0.0772984155	-0.0370192318	0.0217308305	0.0209794995	0.0173709298	-0.0559287061	-0.0456976467	0.0491076159	0.0270706443	-0.0286524974	-0.1487435651	0.1391621529	-0.0522343129	0.12905647	0.1180134146	-0.0364598125	0.1652260699	-0.1577682319	-0.0983995183	0.1170873878	-0.0426170347	0.0818862159	-0.1386044847	0.0898496795	-0.0303477610578539	0.016027183330948	0.0002568706055238	0.0009209866012245	0.1216917437156581	-0.0015708255946407	0.0148088804885574	2.467493048778339e-06	-0.1024211371476866	0.0866904076037115	0.0104900893346252	0.0075152267704976	0.0031660525226613	-0.0017349106201266	3.0099148598284096e-06	1.002388857624998e-05	-0.0008901309210025	0.0003715409216673	1.380426564733868e-07	7.923330565247589e-07	-0.0010280941936681	-0.000146179979555	1.0569776710540608e-06	2.1368586422700223e-08	0.0	0.0	0.0	0.0	0.0	0.0	0.0	0.0	0.0	0.0	0.0	0.0	0.0	0.0	0.0	0.0	0.0	0.0	0.0	0.0	0.0
834.4192555972344	-0.4523218643374775	0.2045950689577314	696255.4941114427	849.3652646253064	2.0056172510621764	4.022500557758201	721421.3527520167	778.4141500523028	-0.5136698176351047	605928.5890016491	0.2638566815492816	790.108334764218	609.7192775619078	0.919807	18.246078	0.0873135506976053	0.0478742332494475	0.0783561099	-0.0209732575	-0.0827413666	-0.0142850175	-0.0322963619	0.0311188236	-0.1053262216	0.1206117416	-0.0314709653	-0.0151597079	0.0453114234	-0.0834936308	0.0024385452	-0.0322125286	0.1073994281	0.0763363449	-0.0869933735	0.0834330514	-0.1067490239	-0.1014757666	-0.0004952328	-0.032373657	-0.0074973315	-0.0380451881	-0.0143642754	-0.0027006531	0.1012835244	0.0856969566	-0.1473701176	-0.1108338494	0.0050770102	-0.0512466681	-0.079677371	0.0153140717	0.0492164005	0.0470031651	0.0762361256	-0.004110914	0.0395778827	-0.0664659226	0.0756945518	-0.0380029709	-0.0367377318	0.0533607126	-0.0177245251	-0.0113560423	0.0541709228	0.0476190668	-0.0463130542	-0.0131983916	0.003689876	-0.0519615632	0.0711631248	-0.0167444926	-0.0452242737	0.0002463245	-0.1559983811	0.1878986456	-0.1553721072	0.0705978353	-0.1412592515	0.0993643757	-0.043959647130066	-0.013611886072212	0.0001852834424428	0.0019324505757999	0.0776650131739131	-0.0440267305417449	0.006031854271304	0.0019383530021954	-0.1101903684855898	-0.0077692313379032	0.01214191730699	6.036095558185725e-05	0.0030011835552521	-0.0001648689674091	2.7181776414575832e-08	9.007102732315636e-06	-0.0006639736654769	0.0002261572555255	5.114710422687152e-08	4.408610284468304e-07	-0.000981006361688	4.708783198009996e-05	9.623734816723272e-07	2.2172639205861244e-09	0.0	0.0	0.0	0.0	0.0	0.0	0.0	0.0	0.0	0.0	0.0	0.0	0.0	0.0	0.0	0.0	0.0	0.0	0.0	0.0	0.0
832.87676957825	-1.5424860189843912	2.3792631187623154	693683.7133031014	842.4478171767703	-6.917447448536109	47.85107920325872	709718.324665905	777.5063521138737	-0.9077979384290984	604516.127577423	0.8240970970161211	787.3542620517401	605.2474691551852	0.845878	16.77957	0.0959633008543833	0.0463016555840767	0.0541974199	-0.0203080117	-0.0378756587	0.0158342252	-0.0135663068	-0.0768404851	0.0179789763	0.047468259	0.0664756029	0.0033108489	0.0196288949	0.0968179774	-0.0022691136	-0.0216488081	0.1491567553	-0.0577572801	-0.0208325378	0.1279521917	-0.0467144419	0.2156815439	-0.0292907117	0.0402053771	-0.0473194495	-0.0302926079	-0.0101716729	-0.040888625	0.0860059526	0.0342782781	-0.102165274	0.1471356526	-0.0726081021	-0.0982551328	0.1819067403	-0.0550326356	0.1139729809	0.0093582186	0.0787614732	-0.0071296745	0.0413827809	-0.0418795891	0.0836056762	-0.0240297033	-0.0002366767	0.0237152831	-0.0268111751	0.0294753889	0.0107868094	0.0286783624	-0.0716528437	0.0751239734	-0.047228914	0.0140826084	-0.0346092724	-0.0397154966	0.1096980909	-0.1410625754	0.0358889989	-0.0747758636	-0.1232049548	0.0819822347	-0.1437067008	0.1082959623	-0.0499418821249264	-0.0059822349948604	3.578713553373247e-05	0.00249419159018	0.1016318301946626	0.0239668170207495	0.0103290289087167	0.000574408318106	-0.0984502363215114	0.0117401321640784	0.0096924490317614	0.00013783070323	0.0024720645289412	-0.0005291190263109	2.799669440041952e-07	6.111103035249276e-06	-0.0010630185877975	-0.0003990449223205	1.592368500298536e-07	1.130008518002991e-06	-0.0008236879768256	0.0001573183848624	6.784618831670502e-07	2.474907421571421e-08	0.0	0.0	0.0	0.0	0.0	0.0	0.0	0.0	0.0	0.0	0.0	0.0	0.0	0.0	0.0	0.0	0.0	0.0	0.0	0.0	0.0
834.3572653020063	1.4804957237563483	2.191867588060834	696152.0461622425	847.9784330623165	5.53061588554624	30.58771207345642	719067.4229388216	779.325763945276	1.819411831402249	607348.646348888	3.3102594122464857	789.6334884464422	601.4347185724711	0.924041	18.330078	0.0554610098210445	0.025538618609985	0.1052348339	-0.0641220023	0.0878563765	-0.0332058994	0.0254708038	-0.077397512	0.0104998817	-0.0624009162	0.0268545706	0.0820600134	0.1321144947	0.0304849444	0.0364704626	-0.0475256187	0.0022123889	0.0527973229	0.1235358241	-0.2703917258	-0.0636476728	0.0503880352	-0.1264554881	-0.0922788434	-0.0179267683	-0.0420500079	-0.0455587892	-0.0734616689	-0.0125075383	0.0948699946	0.1340726246	0.089233042	0.1083309898	0.1083498427	-0.0686823838	0.0489730659	0.1062497409	-0.0850695892	0.1045713351	-0.0119860505	0.0174549513	-0.0829084383	0.008053616	0.0387294809	-0.0325322399	-0.0096031111	-0.0671516888	0.0935684239	-0.0304138412	0.034182013	0.0914392594	0.0926394673	0.0492565381	0.0791331155	0.1050472049	-0.0535457958	0.209371707	-0.0956312949	-0.1015924309	0.2054439895	0.0106799115	0.019670653	-0.1459432408	0.1165920251	-0.0352469584172041	0.0146949237077223	0.0002159407827757	0.0012423480776641	0.0953468390443674	-0.0062849911502951	0.0090910197157525	3.9501113759288936e-05	-0.1027467219130784	-0.004296485591567	0.0105568888638834	1.845978843854289e-05	0.002173194598462	-0.0002988699304792	8.932323534464184e-08	4.722774762784412e-06	-0.0008458013884358	0.0002172171993616	4.718331169854048e-08	7.15379988679927e-07	-0.0007360829192373	8.760505758830005e-05	5.418180639929055e-07	7.674646115049369e-09	0.0	0.0	0.0	0.0	0.0	0.0	0.0	0.0	0.0	0.0	0.0	0.0	0.0	0.0	0.0	0.0	0.0	0.0	0.0	0.0	0.0
833.1341380618485	-1.2231272401578508	1.4960402456161608	694112.4920040593	844.7402753161776	-3.238157746138881	10.48566558887924	713586.1327412516	778.75345305825	-0.5723108870259921	606456.940650148	0.3275397514084778	790.5048857437508	605.4736610780279	0.980839	19.456772	0.0483225827742426	0.0233248284721583	0.0509576892	0.0022014019	-0.09038266	-0.0182259919	0.0008372717	-0.0174548641	-0.0296674173	0.1236267819	0.0191532133	0.1027361331	-0.0085936543	-0.0417812229	-0.0083762374	-0.0662186177	0.102900782	0.0949048638	0.0261096433	0.0830838408	0.0104622427	-0.046850402	0.0203951296	-0.0623615043	-0.0757834625	-0.0613643118	-0.0206575931	-0.0486647512	0.0167252235	0.1009546109	-0.111012429	-0.0509031105	-0.0172166085	0.0858655965	0.0079744129	0.0725396631	0.031025168	0.0548128771	0.0715286956	-0.0134039213	0.0882082311	-0.0138021314	0.0180658938	-0.0233727779	0.0437049414	0.0261375266	0.0448398499	0.0481145775	-0.0128738603	-0.0108451112	-0.1554042297	0.0593888207	-0.0621481846	-0.0954603761	-0.0186227855	0.073476541	-0.0435479777	-0.1043718195	-0.0857061996	0.0205103215	-0.0457051106	0.0335239333	-0.1479655889	0.1242038795	-0.043489264282158	-0.0082423058649538	6.793560597145343e-05	0.0018913161078033	0.0801658066326069	-0.0151810324117604	0.0064265565530565	0.0002304637450869	-0.1134954473804867	-0.0107487254674082	0.0128812165760968	0.0001155350991737	0.002294118986516	0.000120924388054	1.4622707626234396e-08	5.262981924293198e-06	-0.0008859854328098	-4.018404437399999e-05	1.6147574222516003e-09	7.849701871511686e-07	-0.0008579848674117	-0.0001219019481744	7.361380327074724e-07	1.4860084968714105e-08	0.0	0.0	0.0	0.0	0.0	0.0	0.0	0.0	0.0	0.0	0.0	0.0	0.0	0.0	0.0	0.0	0.0	0.0	0.0	0.0	0.0
837.0079068384822	3.8737687766337103	15.006084534822232	700582.2361101373	853.1047984809633	8.364523164785624	69.96524777423531	727787.7971912449	781.5418352562837	2.7883821980336734	610807.64025576	7.7750752823111	791.780503801246	604.4101537451687	0.988916	19.616993	0.1595286413375591	0.0766397344573847	0.112658891	-0.0860321906	-0.0225153815	-0.0008769163	-0.0135011835	-0.0531146759	-0.0682491315	-0.0066232318	-0.0783593979	-0.0170603047	0.0322791963	0.1149286776	0.1215799663	-0.0798496566	0.0079513052	0.0534437588	-0.1078480487	-0.0914580154	0.0390228588	-0.0187807599	0.0443139329	-0.0272223169	0.0732862056	-0.1100098066	-0.1086728929	-0.0205648245	0.1175321865	-0.0279722124	0.026836789	-0.0349050254	0.1368914044	0.0156506657	0.0398875848	0.0611138056	0.1403963324	0.0926452269	0.0995419844	0.0046380162	-0.0012380475	-0.0284467397	-0.0894448293	0.0463097543	0.1738628025	-0.0685365013	0.0135603426	-0.1845561583	-0.010613221	-0.0654219959	0.1287362648	0.1215588263	0.0684016397	-0.0404631526	-0.0413019964	0.0325067836	-0.124499569	-0.2467790339	-0.0131456118	-0.0699638962	0.0050023721	0.0616431015	-0.1497707771	0.1310868562	0.0108159933446358	0.0543052576267938	0.0029490610059124	0.0001169857120312	0.0844877509024399	0.0043219442698329	0.0071381800525527	1.867920227154228e-05	-0.0810457953331393	0.0324496520473474	0.0065684209411811	0.0010529799179939	0.0030167420479591	0.0007226230614431	5.221840889293985e-07	9.100732583924465e-06	-0.0011362000380159	-0.0002502146052061	6.260734865844453e-08	1.2909505263873328e-06	-0.0004617867861892	0.0003961980812225	2.1324703589894995e-07	1.569729195643907e-07	0.0	0.0	0.0	0.0	0.0	0.0	0.0	0.0	0.0	0.0	0.0	0.0	0.0	0.0	0.0	0.0	0.0	0.0	0.0	0.0	0.0
829.5483086336241	-7.459598204858139	55.64560537792277	688150.3963569064	838.7367497583863	-14.368048722576988	206.44082409434617	703479.3353952619	776.3629945333531	-5.178840722930545	602739.4992807953	26.820391233483768	786.5598216509743	577.6675673182231	1.940678	38.496956	0.3245667256658353	0.1710873361593468	-0.0982850789	0.0839084099	0.0691213116	0.3568570134	0.360111084	0.0355700794	0.140228685	-0.1727494458	0.0075045599	0.0470359455	0.0581230706	-0.0120261099	-0.1827785462	-0.2054546542	-0.0735294012	0.0945946832	0.0290439732	0.0305200428	0.044807643	-0.0965474167	0.3811899424	0.3718651533	0.058192845	0.1145989704	0.1288249701	-0.220391306	-0.0145714677	-0.0319532506	0.1615725936	-0.1636714142	0.070910425	-0.2457158826	-0.0359147623	-0.1819406265	-0.448280888	0.1575989232	-0.0288583322	0.0281549127	-0.1116036187	0.3139438334	-0.20401962	-0.2505787854	0.0188083969	-0.0030038948	-0.2275208323	0.0986206021	-0.1321239278	-0.1353849856	-0.0076183732	-0.1272073711	0.1400149334	-0.39983406	-0.0034190765	0.0248640864	0.0125231422	0.1036853411	-0.0259927377	0.1011482701	0.1164806375	0.2610743084	-0.1513561561	0.1372005631	-0.0360400736652621	-0.0468560670098979	0.002195491015636	0.0012988869097975	0.1300435433878277	0.0455557924853878	0.0169113231768618	0.0020753302289717	-0.172523772710889	-0.0914779773777497	0.0297644521503984	0.008368220345124	0.0051849155127533	0.0021681734647942	4.700976173437686e-06	2.6883348874389816e-05	-0.0005505460805352	0.0005856539574807	3.429905579128057e-07	3.0310098679267094e-07	-0.0004020764326081	5.971035358109998e-05	1.61665457658856e-07	3.5653263247799797e-09	0.0	0.0	0.0	0.0	0.0	0.0	0.0	0.0	0.0	0.0	0.0	0.0	0.0	0.0	0.0	0.0	0.0	0.0	0.0	1.0	0.0
836.0219972821524	6.473688648528309	41.90864471808429	698932.7799396391	845.4848326178873	6.748082859500983	45.53662227869096	714844.6021868968	777.8091157491734	1.4461212158203125	604987.020542511	2.091266570845619	788.2411843608257	623.8472775417159	1.87293	37.153057	0.1070630140387491	0.0504326004110186	-0.0388059965	0.1578245875	0.1111369616	-0.1530127243	0.0091298291	0.0263434491	-0.0327154634	-0.0212443301	-0.0600558625	-0.1408244899	-0.2257518133	0.076468109	-0.0394042539	0.0421993416	0.1419016221	-0.1331713296	0.2070848217	0.2255607535	0.1636204793	-0.0096514584	0.2589001692	-0.0408912821	-0.123476225	0.0570366351	0.0249905085	-0.0018465391	0.0088059235	0.0234708119	-0.0067390684	0.0598084874	-0.3510252865	-0.0318100495	0.0563051463	0.0112040816	-0.1427705506	0.2404323648	-0.0546803627	0.0339140347	0.1058921913	0.1432792616	-0.0979667769	0.0935075282	0.2086249726	-0.05978775	0.0729382999	-0.2235234721	-0.147336869	-0.2485609107	-0.2834518438	-0.0803983796	-0.1994132796	-0.0299520311	-0.340003826	0.1651352896	-0.0492601258	-0.0043130404	0.2580378388	-0.1797482035	-0.0695981936	0.0427431621	-0.152719399	0.1425091225	-0.0093367951412659	0.0267032785239962	0.0007130650839301	8.717574350996652e-05	0.1147288006911253	-0.0153147426967023	0.0131626977080239	0.0002345413438661	-0.1639544699269635	0.0085693027839255	0.0268810682090315	7.343295020259347e-05	0.0044798684252041	-0.0007050470875492	4.970913956616093e-07	2.0069221107140664e-05	-0.000421063389792	0.0001294826907432	1.6765767202099167e-08	1.7729437822312973e-07	-0.0006970604549982	-0.0002949840223901	4.858932779222977e-07	8.701557346544303e-08	0.0	0.0	0.0	0.0	0.0	0.0	0.0	0.0	0.0	0.0	0.0	0.0	0.0	0.0	0.0	0.0	0.0	0.0	0.0	0.0	1.0
837.072354991102	1.0503577089496048	1.1032513167498628	700690.1274903495	854.5623279741616	9.077495356274312	82.4009219431817	730276.7723926185	781.2476091134861	3.4384933643126487	610347.8267455384	11.823236616422118	791.278639037174	617.2309254642471	1.324841	26.280697	0.1563159767288977	0.0849843757873406	0.104026421	0.0600837213	0.0414644069	-0.025334352	-0.0037807929	-0.0119193368	-0.0581568853	0.0097615399	-0.1323793057	-0.2517455044	-0.1208519655	0.068499778	0.1086796816	-0.0632449928	-0.0517540034	-0.1126326491	-0.071916155	-0.0791383178	0.0370917993	-0.0947949779	-0.0564939748	-0.0971038846	0.1663758064	-0.0585530408	-0.0911908866	-0.0115791092	0.0775582146	-0.1607897226	-0.0233113336	0.0399015171	0.1192012471	0.0618050047	-0.0578169179	0.2111030094	0.1507632006	0.0240323599	0.0682340911	0.0032054389	-0.0052948286	0.0434219335	-0.010810806	0.0383497332	-0.0873145305	-0.1970398438	-0.0163031396	-0.1751293035	0.0949189672	0.0280518772	0.186196604	0.0454872271	-0.0823485874	0.1397565465	0.0189634897	-0.0490151531	0.045773666	0.2208815528	0.1784775871	0.1896928154	0.006344846	-0.3933051659	-0.1538585052	0.1469813818	-0.0401387165684781	-0.0308019214272122	0.0009487583636081	0.0016111165677646	0.0945063406258555	-0.0202224600652698	0.0089314484184902	0.0004089478910914	-0.1210302556763878	0.0429242142505757	0.0146483227890918	0.0018424881690293	0.0033848112924396	-0.0010950571327644	1.1991501240184075e-06	1.1456947485426636e-05	-0.0005137817306868	-9.271834089479997e-05	8.596690738284334e-09	2.6397166678752344e-07	-0.0007566326010557	-5.95721460575e-05	5.724928929803141e-07	3.5488405858961124e-09	0.0	0.0	0.0	0.0	0.0	0.0	0.0	0.0	0.0	0.0	0.0	0.0	0.0	0.0	0.0	0.0	0.0	0.0	0.0	0.0	0.0
833.9551444518808	-3.117210539221219	9.717001545831842	695481.1829577573	846.5363237417428	-8.026004232418813	64.4167439388047	716623.7474141847	778.7070744546612	-2.540534658824868	606384.7078057373	6.454316352690387	788.844387091084	603.4165460977209	1.087807	21.57868	0.1318503622610488	0.0859796596250508	0.0969653321	-0.0748166763	0.0430625928	0.0381159174	-0.0275281135	-0.0339508593	-0.0097288628	-0.1237292116	0.0393114624	-0.0765458982	0.1048490827	0.0711351557	0.0030881525	-0.0855553821	-0.0006325987	0.0061192683	0.1248407962	-0.0772144087	-0.0881413396	-0.045933042	0.0694896066	-0.0396919178	-0.0843863584	0.0885870198	-0.0194978605	-0.1043836106	0.0526184599	0.0307670035	0.1156377131	-0.0229513422	-0.0313323963	-0.0507468865	-0.1610465445	-0.0432673242	-0.1587350928	-0.1741724412	0.116615378	0.0032947326	-0.0707203071	0.0162093234	-0.0138946663	0.0374717409	-0.0177634377	-0.0100832745	0.0908402406	0.0295789553	-0.0931014576	-0.0492362956	0.0337192122	0.0049969466	0.0180043105	-0.1004256689	-0.0038793494	0.0306609838	0.1320672754	0.1287937576	-0.0542646221	-0.030031334	0.0267352293	-0.0503872426	-0.1547718027	0.1505910958	-0.0399383645602853	0.0002003520081928	4.014092718688839e-08	0.0015950729637502	0.1080063958469281	0.0135000552210726	0.0116653815438433	0.000182251490972	-0.0748836918303794	0.0461465638460083	0.0056075673021472	0.0021295053547937	0.0021812511037611	-0.0012035601886785	1.4485571277718268e-06	4.7578563776590165e-06	-0.0005135837784504	1.979522363999321e-07	3.9185087895734616e-14	2.637682974873896e-07	-0.0009929422838563	-0.0002363096828005	9.859343790697649e-07	5.5842266185320145e-08	0.0	0.0	0.0	0.0	0.0	0.0	0.0	0.0	0.0	0.0	0.0	0.0	0.0	0.0	0.0	0.0	0.0	0.0	0.0	0.0	0.0
836.2709187887888	2.315774336908021	5.362810779481784	699349.0496118449	848.5745319925296	2.038208250786852	4.154292873575598	720078.7363463406	779.0121203933315	0.3050459386703323	606859.8837197145	0.0930530246992641	790.2410476016896	622.4362307169351	0.977995	19.400354	0.1275420912680629	0.0705067692019381	0.1559498572	0.1192259953	-0.0526700356	0.0412923531	-0.068667824	0.0500998895	-0.0356414871	0.028529211	-0.077987003	-0.0916629309	0.0240230301	0.0671259974	0.0315264061	-0.0556038616	0.0629957046	-0.2014045787	-0.0214605061	-0.0765850171	-0.0447587695	-0.1267310317	-0.0504465794	-0.1241968952	-0.0475760699	0.0329290707	-0.0252837273	-0.0399993352	0.1140141532	-0.0649398545	-0.0138842378	0.0943756687	-0.0493463945	0.0281939295	-0.1910021363	0.1248200915	0.0509210261	-0.034430661	0.12561398	-0.0543722816	-0.0224749906	0.0812157723	0.1358699374	0.0365096303	-0.0289757467	-0.0559497223	0.0324612272	-0.0760666692	0.0374121952	0.07060946	0.1085490047	-0.0098268	-0.0963046429	0.0821549035	0.033563413	0.0290405134	-0.0514298209	0.1863207217	-0.0842433525	0.0408266942	0.0451214721	-0.084132997	-0.1554579513	0.1533170814	-0.0438749910126574	-0.003936626452372	1.549702782551572e-05	0.0019250148363607	0.0471292651778725	-0.0608771306690556	0.0022211676362062	0.0037060250384972	-0.1082768350471496	-0.0333931432167702	0.0117238730078276	0.0011151020138957	0.0019263918637753	-0.0002548592399857	6.495323220613958e-08	3.710985612819674e-06	-0.0002344066525654	0.000279177125885	7.793986761740916e-08	5.494647876691615e-08	-0.0009402748311298	5.26674527264999e-05	8.841167580561739e-07	2.7738605766981012e-09	0.0	0.0	0.0	0.0	0.0	0.0	0.0	0.0	0.0	0.0	0.0	0.0	0.0	0.0	0.0	0.0	0.0	0.0	0.0	0.0	0.0
833.926036840888	-2.3448819479008307	5.4984713495911945	695432.63492115	848.6193031748389	0.0447711823093186	0.0020044587653742	720154.7217209492	779.8253859616398	0.8132655683082248	608127.6325902204	0.6614008845956999	790.7018688287399	608.167580554763	0.820767	16.281452	0.0659694021965251	0.0383349854216338	0.1729610148	0.0452996495	-0.0869752295	0.0743119598	-0.0667663526	0.0156885648	-0.0931879694	-0.0373303591	-0.0173231856	-0.0459084771	0.1002855142	-0.0082068877	0.0585493713	-0.0833538117	0.1505426884	-0.0606956459	-0.145149469	-0.0021957386	0.0415035381	-0.1238666289	-0.0686251187	-0.0161720331	0.0151404442	-0.0250873226	-0.0477651049	-0.0079489462	0.1989755131	-0.0084191864	-0.060531493	-0.0272357072	-0.0223191057	0.026473235	0.0002389367	0.0828560445	-0.0463423557	-0.0495144554	0.1499138117	-0.0696393703	-0.0164299755	0.0355912933	0.1459755014	0.0276062617	-0.0096084443	0.0470054645	-0.0192576086	-0.0497627015	0.00601867	0.0680328041	0.0483893853	-0.0503555587	-0.0076846387	-0.106885571	-0.0033434181	0.0099082025	-0.0178973268	0.026108952	0.0332532002	0.1032339045	-0.197847204	-0.087023256	-0.155915944	0.1551433414	-0.0400266824602653	0.003848308552392	1.4809478714414172e-05	0.0016021353087749	0.0510802547867683	0.0039509896088958	0.0026091924290811	1.5610318889602615e-05	-0.0960780627191724	0.0121987723279772	0.0092309941358692	0.0001488100463098	0.0013008172781182	-0.000625574585657	3.913435622200522e-07	1.6921255910508426e-06	-0.0003247440911018	-9.03374385364e-05	8.160852801317846e-09	1.0545872470553418e-07	-0.0011437894410815	-0.0002035146099516	1.3082542855295302e-06	4.1418196463792576e-08	0.0	0.0	0.0	0.0	0.0	0.0	0.0	0.0	0.0	0.0	0.0	0.0	0.0	0.0	0.0	0.0	0.0	0.0	0.0	0.0	0.0
835.4553025675484	1.5292657266604692	2.338653662738373	697985.5625882338	839.5754282763049	-9.043874898534	81.79167318033336	704886.8997653408	778.039339329866	-1.7860466317737291	605345.2135448544	3.1899625708702826	787.9700399457836	616.4013251032695	1.408678	27.943762	0.2904037200214711	0.168621813846691	0.060033728	0.0936794566	0.0058653668	-0.1474711962	0.2005334434	-0.0419810168	0.138212632	0.0562725148	0.0644772132	0.0213562923	0.0371348729	0.0545028695	-0.0680045641	-0.1250347618	-0.0791190748	0.0122631217	0.0830945681	0.095644429	0.0519933553	0.0482069721	-0.1501481734	0.0191496032	-0.0448284478	0.0804989986	0.0309170253	-0.1537369699	-0.0748720642	-0.0277788247	-0.0277891918	0.0607773315	-0.0917900123	0.1280574425	0.0608567222	-0.0235619533	0.0464291881	-0.0305561556	0.0537658911	-0.014736185	0.1541337785	0.1365726846	-0.0719729991	0.0330640268	-0.1116130078	-0.1559236189	0.0825810831	0.2974317769	0.1003297848	0.0011574489	0.0073287621	-0.0122818813	-0.2323061902	0.173813209	0.047608796	0.0074945126	0.0919400241	0.0305744119	-0.044992438	-0.0560567645	0.0436421601	0.1402861938	-0.1561451084	0.1560591586	-0.0378904320418769	0.0021362504183883	4.563565850064612e-06	0.00143568484032	0.1236361410138044	0.0725558862270361	0.0152858953647853	0.0052643566261906	-0.204839432481009	-0.1087613697618366	0.0419591930991418	0.0118290355524709	0.0030681559842154	0.0017673387060972	3.123486102069325e-06	9.41358114347677e-06	-0.000532008948481	-0.0002072648573791	4.295872110442009e-08	2.830335212638593e-07	-0.0013081901498893	-0.0001644007088078	1.7113614682673893e-06	2.702759305650708e-08	0.0	0.0	0.0	0.0	0.0	0.0	0.0	0.0	0.0	0.0	0.0	0.0	0.0	0.0	0.0	0.0	0.0	0.0	0.0	0.0	0.0
