
Thu Mar 12 12:20:03 CET 2026
cd /out/sourcedata/freesurfer/sub-v1s11x0050157_ses-1
setenv SUBJECTS_DIR /out/sourcedata/freesurfer
/opt/freesurfer/bin/recon-all -autorecon-hemi lh -noparcstats -noparcstats2 -noparcstats3 -nohyporelabel -nobalabels -lh-only -openmp 16 -subjid sub-v1s11x0050157_ses-1 -sd /out/sourcedata/freesurfer

subjid sub-v1s11x0050157_ses-1
setenv SUBJECTS_DIR /out/sourcedata/freesurfer
FREESURFER_HOME /opt/freesurfer
Actual FREESURFER_HOME /opt/freesurfer
build-stamp.txt: freesurfer-linux-ubuntu22_x86_64-7.3.2-20220804-6354275
Linux dna038 5.14.0-427.37.1.el9_4.x86_64 #1 SMP PREEMPT_DYNAMIC Fri Sep 13 12:41:50 EDT 2024 x86_64 x86_64 x86_64 GNU/Linux
cputime      unlimited
filesize     unlimited
datasize     unlimited
stacksize    8192 kbytes
coredumpsize 0 kbytes
memoryuse    67108864 kbytes
vmemoryuse   unlimited
descriptors  1024 
memorylocked unlimited
maxproc      2061970 
maxlocks     unlimited
maxsignal    2061970 
maxmessage   819200 
maxnice      0 
maxrtprio    0 
maxrttime    unlimited

               total        used        free      shared  buff/cache   available
Mem:           503Gi        49Gi       401Gi        19Gi        53Gi       432Gi
Swap:             0B          0B          0B

########################################
program versions used
7.3.2 (freesurfer-linux-ubuntu22_x86_64-7.3.2-20220804-6354275)
7.3.2

ProgramName: lta_convert  ProgramArguments: lta_convert -all-info  ProgramVersion: 7.3.2  TimeStamp: 2026/03/12-11:20:03-GMT  BuildTime: Aug  4 2022 06:17:15  BuildStamp: freesurfer-linux-ubuntu22_x86_64-7.3.2-20220804-6354275  User: oesteban  Machine: dna038  Platform: Linux  PlatformVersion: 5.14.0-427.37.1.el9_4.x86_64  CompilerName: GCC  CompilerVersion: 8.4.0
ProgramName: mri_and  ProgramArguments: mri_and -all-info  ProgramVersion: 7.3.2  TimeStamp: 2026/03/12-11:20:03-GMT  BuildTime: Aug  4 2022 06:17:15  BuildStamp: freesurfer-linux-ubuntu22_x86_64-7.3.2-20220804-6354275  User: oesteban  Machine: dna038  Platform: Linux  PlatformVersion: 5.14.0-427.37.1.el9_4.x86_64  CompilerName: GCC  CompilerVersion: 8.4.0
ProgramName: mri_annotation2label  ProgramArguments: mri_annotation2label -all-info  ProgramVersion: 7.3.2  TimeStamp: 2026/03/12-11:20:03-GMT  BuildTime: Aug  4 2022 06:17:15  BuildStamp: freesurfer-linux-ubuntu22_x86_64-7.3.2-20220804-6354275  User: oesteban  Machine: dna038  Platform: Linux  PlatformVersion: 5.14.0-427.37.1.el9_4.x86_64  CompilerName: GCC  CompilerVersion: 8.4.0
ProgramName: mri_aparc2aseg  ProgramArguments: mri_aparc2aseg -all-info  ProgramVersion: 7.3.2  TimeStamp: 2026/03/12-11:20:03-GMT  BuildTime: Aug  4 2022 06:17:15  BuildStamp: freesurfer-linux-ubuntu22_x86_64-7.3.2-20220804-6354275  User: oesteban  Machine: dna038  Platform: Linux  PlatformVersion: 5.14.0-427.37.1.el9_4.x86_64  CompilerName: GCC  CompilerVersion: 8.4.0
ProgramName: mri_surf2volseg  ProgramArguments: mri_surf2volseg -all-info  ProgramVersion: 7.3.2  TimeStamp: 2026/03/12-11:20:03-GMT  BuildTime: Aug  4 2022 06:17:15  BuildStamp: freesurfer-linux-ubuntu22_x86_64-7.3.2-20220804-6354275  User: oesteban  Machine: dna038  Platform: Linux  PlatformVersion: 5.14.0-427.37.1.el9_4.x86_64  CompilerName: GCC  CompilerVersion: 8.4.0
ProgramName: mri_binarize  ProgramArguments: mri_binarize -all-info  ProgramVersion: 7.3.2  TimeStamp: 2026/03/12-11:20:03-GMT  BuildTime: Aug  4 2022 06:17:15  BuildStamp: freesurfer-linux-ubuntu22_x86_64-7.3.2-20220804-6354275  User: oesteban  Machine: dna038  Platform: Linux  PlatformVersion: 5.14.0-427.37.1.el9_4.x86_64  CompilerName: GCC  CompilerVersion: 8.4.0
ProgramName: mri_ca_label  ProgramArguments: mri_ca_label -all-info  ProgramVersion: 7.3.2  TimeStamp: 2026/03/12-11:20:03-GMT  BuildTime: Aug  4 2022 06:17:15  BuildStamp: freesurfer-linux-ubuntu22_x86_64-7.3.2-20220804-6354275  User: oesteban  Machine: dna038  Platform: Linux  PlatformVersion: 5.14.0-427.37.1.el9_4.x86_64  CompilerName: GCC  CompilerVersion: 8.4.0
ProgramName: mri_ca_normalize  ProgramArguments: mri_ca_normalize -all-info  ProgramVersion: 7.3.2  TimeStamp: 2026/03/12-11:20:03-GMT  BuildTime: Aug  4 2022 06:17:15  BuildStamp: freesurfer-linux-ubuntu22_x86_64-7.3.2-20220804-6354275  User: oesteban  Machine: dna038  Platform: Linux  PlatformVersion: 5.14.0-427.37.1.el9_4.x86_64  CompilerName: GCC  CompilerVersion: 8.4.0
ProgramName: mri_ca_register  ProgramArguments: mri_ca_register -all-info  ProgramVersion: 7.3.2  TimeStamp: 2026/03/12-11:20:03-GMT  BuildTime: Aug  4 2022 06:17:15  BuildStamp: freesurfer-linux-ubuntu22_x86_64-7.3.2-20220804-6354275  User: oesteban  Machine: dna038  Platform: Linux  PlatformVersion: 5.14.0-427.37.1.el9_4.x86_64  CompilerName: GCC  CompilerVersion: 8.4.0
ProgramName: mri_cc  ProgramArguments: mri_cc -all-info  ProgramVersion: 7.3.2  TimeStamp: 2026/03/12-11:20:03-GMT  BuildTime: Aug  4 2022 06:17:15  BuildStamp: freesurfer-linux-ubuntu22_x86_64-7.3.2-20220804-6354275  User: oesteban  Machine: dna038  Platform: Linux  PlatformVersion: 5.14.0-427.37.1.el9_4.x86_64  CompilerName: GCC  CompilerVersion: 8.4.0
ProgramName: mri_compute_overlap  ProgramArguments: mri_compute_overlap -all-info  ProgramVersion: 7.3.2  TimeStamp: 2026/03/12-11:20:03-GMT  BuildTime: Aug  4 2022 06:17:15  BuildStamp: freesurfer-linux-ubuntu22_x86_64-7.3.2-20220804-6354275  User: oesteban  Machine: dna038  Platform: Linux  PlatformVersion: 5.14.0-427.37.1.el9_4.x86_64  CompilerName: GCC  CompilerVersion: 8.4.0
ProgramName: mri_compute_seg_overlap  ProgramArguments: mri_compute_seg_overlap -all-info  ProgramVersion: 7.3.2  TimeStamp: 2026/03/12-11:20:03-GMT  BuildTime: Aug  4 2022 06:17:15  BuildStamp: freesurfer-linux-ubuntu22_x86_64-7.3.2-20220804-6354275  User: oesteban  Machine: dna038  Platform: Linux  PlatformVersion: 5.14.0-427.37.1.el9_4.x86_64  CompilerName: GCC  CompilerVersion: 8.4.0
ProgramName: mri_concat  ProgramArguments: mri_concat -all-info  ProgramVersion: 7.3.2  TimeStamp: 2026/03/12-11:20:03-GMT  BuildTime: Aug  4 2022 06:17:15  BuildStamp: freesurfer-linux-ubuntu22_x86_64-7.3.2-20220804-6354275  User: oesteban  Machine: dna038  Platform: Linux  PlatformVersion: 5.14.0-427.37.1.el9_4.x86_64  CompilerName: GCC  CompilerVersion: 8.4.0
ProgramName: mri_concatenate_lta  ProgramArguments: mri_concatenate_lta -all-info  ProgramVersion: 7.3.2  TimeStamp: 2026/03/12-11:20:03-GMT  BuildTime: Aug  4 2022 06:17:15  BuildStamp: freesurfer-linux-ubuntu22_x86_64-7.3.2-20220804-6354275  User: oesteban  Machine: dna038  Platform: Linux  PlatformVersion: 5.14.0-427.37.1.el9_4.x86_64  CompilerName: GCC  CompilerVersion: 8.4.0
mri_convert -all-info 
ProgramName: mri_convert  ProgramArguments: mri_convert -all-info  ProgramVersion: 7.3.2  TimeStamp: 2026/03/12-11:20:03-GMT  BuildTime: Aug  4 2022 06:17:15  BuildStamp: freesurfer-linux-ubuntu22_x86_64-7.3.2-20220804-6354275  User: oesteban  Machine: dna038  Platform: Linux  PlatformVersion: 5.14.0-427.37.1.el9_4.x86_64  CompilerName: GCC  CompilerVersion: 8.4.0
ProgramName: mri_diff  ProgramArguments: mri_diff -all-info  ProgramVersion: 7.3.2  TimeStamp: 2026/03/12-11:20:03-GMT  BuildTime: Aug  4 2022 06:17:15  BuildStamp: freesurfer-linux-ubuntu22_x86_64-7.3.2-20220804-6354275  User: oesteban  Machine: dna038  Platform: Linux  PlatformVersion: 5.14.0-427.37.1.el9_4.x86_64  CompilerName: GCC  CompilerVersion: 8.4.0
ProgramName: mri_edit_wm_with_aseg  ProgramArguments: mri_edit_wm_with_aseg -all-info  ProgramVersion: 7.3.2  TimeStamp: 2026/03/12-11:20:03-GMT  BuildTime: Aug  4 2022 06:17:15  BuildStamp: freesurfer-linux-ubuntu22_x86_64-7.3.2-20220804-6354275  User: oesteban  Machine: dna038  Platform: Linux  PlatformVersion: 5.14.0-427.37.1.el9_4.x86_64  CompilerName: GCC  CompilerVersion: 8.4.0
ProgramName: mri_em_register  ProgramArguments: mri_em_register -all-info  ProgramVersion: 7.3.2  TimeStamp: 2026/03/12-11:20:03-GMT  BuildTime: Aug  4 2022 06:17:15  BuildStamp: freesurfer-linux-ubuntu22_x86_64-7.3.2-20220804-6354275  User: oesteban  Machine: dna038  Platform: Linux  PlatformVersion: 5.14.0-427.37.1.el9_4.x86_64  CompilerName: GCC  CompilerVersion: 8.4.0
ProgramName: mri_fill  ProgramArguments: mri_fill -all-info  ProgramVersion: 7.3.2  TimeStamp: 2026/03/12-11:20:03-GMT  BuildTime: Aug  4 2022 06:17:15  BuildStamp: freesurfer-linux-ubuntu22_x86_64-7.3.2-20220804-6354275  User: oesteban  Machine: dna038  Platform: Linux  PlatformVersion: 5.14.0-427.37.1.el9_4.x86_64  CompilerName: GCC  CompilerVersion: 8.4.0
ProgramName: mri_fuse_segmentations  ProgramArguments: mri_fuse_segmentations -all-info  ProgramVersion: 7.3.2  TimeStamp: 2026/03/12-11:20:03-GMT  BuildTime: Aug  4 2022 06:17:15  BuildStamp: freesurfer-linux-ubuntu22_x86_64-7.3.2-20220804-6354275  User: oesteban  Machine: dna038  Platform: Linux  PlatformVersion: 5.14.0-427.37.1.el9_4.x86_64  CompilerName: GCC  CompilerVersion: 8.4.0
ProgramName: mri_fwhm  ProgramArguments: mri_fwhm -all-info  ProgramVersion: 7.3.2  TimeStamp: 2026/03/12-11:20:03-GMT  BuildTime: Aug  4 2022 06:17:15  BuildStamp: freesurfer-linux-ubuntu22_x86_64-7.3.2-20220804-6354275  User: oesteban  Machine: dna038  Platform: Linux  PlatformVersion: 5.14.0-427.37.1.el9_4.x86_64  CompilerName: GCC  CompilerVersion: 8.4.0
ProgramName: mri_gcut  ProgramArguments: mri_gcut -all-info  ProgramVersion: 7.3.2  TimeStamp: 2026/03/12-11:20:03-GMT  BuildTime: Aug  4 2022 06:17:15  BuildStamp: freesurfer-linux-ubuntu22_x86_64-7.3.2-20220804-6354275  User: oesteban  Machine: dna038  Platform: Linux  PlatformVersion: 5.14.0-427.37.1.el9_4.x86_64  CompilerName: GCC  CompilerVersion: 8.4.0
ProgramName: mri_info  ProgramArguments: mri_info -all-info  ProgramVersion: 7.3.2  TimeStamp: 2026/03/12-11:20:03-GMT  BuildTime: Aug  4 2022 06:17:15  BuildStamp: freesurfer-linux-ubuntu22_x86_64-7.3.2-20220804-6354275  User: oesteban  Machine: dna038  Platform: Linux  PlatformVersion: 5.14.0-427.37.1.el9_4.x86_64  CompilerName: GCC  CompilerVersion: 8.4.0
ProgramName: mri_label2label  ProgramArguments: mri_label2label -all-info  ProgramVersion: 7.3.2  TimeStamp: 2026/03/12-11:20:03-GMT  BuildTime: Aug  4 2022 06:17:15  BuildStamp: freesurfer-linux-ubuntu22_x86_64-7.3.2-20220804-6354275  User: oesteban  Machine: dna038  Platform: Linux  PlatformVersion: 5.14.0-427.37.1.el9_4.x86_64  CompilerName: GCC  CompilerVersion: 8.4.0
ProgramName: mri_label2vol  ProgramArguments: mri_label2vol -all-info  ProgramVersion: 7.3.2  TimeStamp: 2026/03/12-11:20:03-GMT  BuildTime: Aug  4 2022 06:17:15  BuildStamp: freesurfer-linux-ubuntu22_x86_64-7.3.2-20220804-6354275  User: oesteban  Machine: dna038  Platform: Linux  PlatformVersion: 5.14.0-427.37.1.el9_4.x86_64  CompilerName: GCC  CompilerVersion: 8.4.0
ProgramName: mri_log_likelihood  ProgramArguments: mri_log_likelihood -all-info  ProgramVersion: 7.3.2  TimeStamp: 2026/03/12-11:20:03-GMT  BuildTime: Aug  4 2022 06:17:15  BuildStamp: freesurfer-linux-ubuntu22_x86_64-7.3.2-20220804-6354275  User: oesteban  Machine: dna038  Platform: Linux  PlatformVersion: 5.14.0-427.37.1.el9_4.x86_64  CompilerName: GCC  CompilerVersion: 8.4.0
ProgramName: mri_mask  ProgramArguments: mri_mask -all-info  ProgramVersion: 7.3.2  TimeStamp: 2026/03/12-11:20:03-GMT  BuildTime: Aug  4 2022 06:17:15  BuildStamp: freesurfer-linux-ubuntu22_x86_64-7.3.2-20220804-6354275  User: oesteban  Machine: dna038  Platform: Linux  PlatformVersion: 5.14.0-427.37.1.el9_4.x86_64  CompilerName: GCC  CompilerVersion: 8.4.0
ProgramName: mri_matrix_multiply  ProgramArguments: mri_matrix_multiply -all-info  ProgramVersion: 7.3.2  TimeStamp: 2026/03/12-11:20:03-GMT  BuildTime: Aug  4 2022 06:17:15  BuildStamp: freesurfer-linux-ubuntu22_x86_64-7.3.2-20220804-6354275  User: oesteban  Machine: dna038  Platform: Linux  PlatformVersion: 5.14.0-427.37.1.el9_4.x86_64  CompilerName: GCC  CompilerVersion: 8.4.0
ProgramName: mri_normalize  ProgramArguments: mri_normalize -all-info  ProgramVersion: 7.3.2  TimeStamp: 2026/03/12-11:20:03-GMT  BuildTime: Aug  4 2022 06:17:15  BuildStamp: freesurfer-linux-ubuntu22_x86_64-7.3.2-20220804-6354275  User: oesteban  Machine: dna038  Platform: Linux  PlatformVersion: 5.14.0-427.37.1.el9_4.x86_64  CompilerName: GCC  CompilerVersion: 8.4.0
ProgramName: mri_normalize_tp2  ProgramArguments: mri_normalize_tp2 -all-info  ProgramVersion: 7.3.2  TimeStamp: 2026/03/12-11:20:03-GMT  BuildTime: Aug  4 2022 06:17:15  BuildStamp: freesurfer-linux-ubuntu22_x86_64-7.3.2-20220804-6354275  User: oesteban  Machine: dna038  Platform: Linux  PlatformVersion: 5.14.0-427.37.1.el9_4.x86_64  CompilerName: GCC  CompilerVersion: 8.4.0
ProgramName: mri_or  ProgramArguments: mri_or -all-info  ProgramVersion: 7.3.2  TimeStamp: 2026/03/12-11:20:03-GMT  BuildTime: Aug  4 2022 06:17:15  BuildStamp: freesurfer-linux-ubuntu22_x86_64-7.3.2-20220804-6354275  User: oesteban  Machine: dna038  Platform: Linux  PlatformVersion: 5.14.0-427.37.1.el9_4.x86_64  CompilerName: GCC  CompilerVersion: 8.4.0
ProgramName: mri_relabel_hypointensities  ProgramArguments: mri_relabel_hypointensities -all-info  ProgramVersion: 7.3.2  TimeStamp: 2026/03/12-11:20:03-GMT  BuildTime: Aug  4 2022 06:17:15  BuildStamp: freesurfer-linux-ubuntu22_x86_64-7.3.2-20220804-6354275  User: oesteban  Machine: dna038  Platform: Linux  PlatformVersion: 5.14.0-427.37.1.el9_4.x86_64  CompilerName: GCC  CompilerVersion: 8.4.0
ProgramName: mri_relabel_nonwm_hypos  ProgramArguments: mri_relabel_nonwm_hypos -all-info  ProgramVersion: 7.3.2  TimeStamp: 2026/03/12-11:20:03-GMT  BuildTime: Aug  4 2022 06:17:15  BuildStamp: freesurfer-linux-ubuntu22_x86_64-7.3.2-20220804-6354275  User: oesteban  Machine: dna038  Platform: Linux  PlatformVersion: 5.14.0-427.37.1.el9_4.x86_64  CompilerName: GCC  CompilerVersion: 8.4.0
ProgramName: mri_remove_neck  ProgramArguments: mri_remove_neck -all-info  ProgramVersion: 7.3.2  TimeStamp: 2026/03/12-11:20:03-GMT  BuildTime: Aug  4 2022 06:17:15  BuildStamp: freesurfer-linux-ubuntu22_x86_64-7.3.2-20220804-6354275  User: oesteban  Machine: dna038  Platform: Linux  PlatformVersion: 5.14.0-427.37.1.el9_4.x86_64  CompilerName: GCC  CompilerVersion: 8.4.0
7.3.2

ProgramName: mri_robust_register  ProgramArguments: mri_robust_register -all-info  ProgramVersion: 7.3.2  TimeStamp: 2026/03/12-11:20:03-GMT  BuildTime: Aug  4 2022 06:17:15  BuildStamp: freesurfer-linux-ubuntu22_x86_64-7.3.2-20220804-6354275  User: oesteban  Machine: dna038  Platform: Linux  PlatformVersion: 5.14.0-427.37.1.el9_4.x86_64  CompilerName: GCC  CompilerVersion: 8.4.0
7.3.2

ProgramName: mri_robust_template  ProgramArguments: mri_robust_template -all-info  ProgramVersion: 7.3.2  TimeStamp: 2026/03/12-11:20:03-GMT  BuildTime: Aug  4 2022 06:17:15  BuildStamp: freesurfer-linux-ubuntu22_x86_64-7.3.2-20220804-6354275  User: oesteban  Machine: dna038  Platform: Linux  PlatformVersion: 5.14.0-427.37.1.el9_4.x86_64  CompilerName: GCC  CompilerVersion: 8.4.0
ProgramName: mris_anatomical_stats  ProgramArguments: mris_anatomical_stats -all-info  ProgramVersion: 7.3.2  TimeStamp: 2026/03/12-11:20:03-GMT  BuildTime: Aug  4 2022 06:17:15  BuildStamp: freesurfer-linux-ubuntu22_x86_64-7.3.2-20220804-6354275  User: oesteban  Machine: dna038  Platform: Linux  PlatformVersion: 5.14.0-427.37.1.el9_4.x86_64  CompilerName: GCC  CompilerVersion: 8.4.0
ProgramName: mris_ca_label  ProgramArguments: mris_ca_label -all-info  ProgramVersion: 7.3.2  TimeStamp: 2026/03/12-11:20:03-GMT  BuildTime: Aug  4 2022 06:17:15  BuildStamp: freesurfer-linux-ubuntu22_x86_64-7.3.2-20220804-6354275  User: oesteban  Machine: dna038  Platform: Linux  PlatformVersion: 5.14.0-427.37.1.el9_4.x86_64  CompilerName: GCC  CompilerVersion: 8.4.0
ProgramName: mris_calc  ProgramArguments: mris_calc -all-info  ProgramVersion: 7.3.2  TimeStamp: 2026/03/12-11:20:03-GMT  BuildTime: Aug  4 2022 06:17:15  BuildStamp: freesurfer-linux-ubuntu22_x86_64-7.3.2-20220804-6354275  User: oesteban  Machine: dna038  Platform: Linux  PlatformVersion: 5.14.0-427.37.1.el9_4.x86_64  CompilerName: GCC  CompilerVersion: 8.4.0
ProgramName: mris_convert  ProgramArguments: mris_convert -all-info  ProgramVersion: 7.3.2  TimeStamp: 2026/03/12-11:20:03-GMT  BuildTime: Aug  4 2022 06:17:15  BuildStamp: freesurfer-linux-ubuntu22_x86_64-7.3.2-20220804-6354275  User: oesteban  Machine: dna038  Platform: Linux  PlatformVersion: 5.14.0-427.37.1.el9_4.x86_64  CompilerName: GCC  CompilerVersion: 8.4.0
ProgramName: mris_curvature  ProgramArguments: mris_curvature -all-info  ProgramVersion: 7.3.2  TimeStamp: 2026/03/12-11:20:03-GMT  BuildTime: Aug  4 2022 06:17:15  BuildStamp: freesurfer-linux-ubuntu22_x86_64-7.3.2-20220804-6354275  User: oesteban  Machine: dna038  Platform: Linux  PlatformVersion: 5.14.0-427.37.1.el9_4.x86_64  CompilerName: GCC  CompilerVersion: 8.4.0
ProgramName: mris_curvature_stats  ProgramArguments: mris_curvature_stats -all-info  ProgramVersion: 7.3.2  TimeStamp: 2026/03/12-11:20:03-GMT  BuildTime: Aug  4 2022 06:17:15  BuildStamp: freesurfer-linux-ubuntu22_x86_64-7.3.2-20220804-6354275  User: oesteban  Machine: dna038  Platform: Linux  PlatformVersion: 5.14.0-427.37.1.el9_4.x86_64  CompilerName: GCC  CompilerVersion: 8.4.0
ProgramName: mris_diff  ProgramArguments: mris_diff -all-info  ProgramVersion: 7.3.2  TimeStamp: 2026/03/12-11:20:03-GMT  BuildTime: Aug  4 2022 06:17:15  BuildStamp: freesurfer-linux-ubuntu22_x86_64-7.3.2-20220804-6354275  User: oesteban  Machine: dna038  Platform: Linux  PlatformVersion: 5.14.0-427.37.1.el9_4.x86_64  CompilerName: GCC  CompilerVersion: 8.4.0
ProgramName: mris_divide_parcellation  ProgramArguments: mris_divide_parcellation -all-info  ProgramVersion: 7.3.2  TimeStamp: 2026/03/12-11:20:03-GMT  BuildTime: Aug  4 2022 06:17:15  BuildStamp: freesurfer-linux-ubuntu22_x86_64-7.3.2-20220804-6354275  User: oesteban  Machine: dna038  Platform: Linux  PlatformVersion: 5.14.0-427.37.1.el9_4.x86_64  CompilerName: GCC  CompilerVersion: 8.4.0
ProgramName: mri_segment  ProgramArguments: mri_segment -all-info  ProgramVersion: 7.3.2  TimeStamp: 2026/03/12-11:20:03-GMT  BuildTime: Aug  4 2022 06:17:15  BuildStamp: freesurfer-linux-ubuntu22_x86_64-7.3.2-20220804-6354275  User: oesteban  Machine: dna038  Platform: Linux  PlatformVersion: 5.14.0-427.37.1.el9_4.x86_64  CompilerName: GCC  CompilerVersion: 8.4.0
ProgramName: mri_segstats  ProgramArguments: mri_segstats -all-info  ProgramVersion: 7.3.2  TimeStamp: 2026/03/12-11:20:03-GMT  BuildTime: Aug  4 2022 06:17:15  BuildStamp: freesurfer-linux-ubuntu22_x86_64-7.3.2-20220804-6354275  User: oesteban  Machine: dna038  Platform: Linux  PlatformVersion: 5.14.0-427.37.1.el9_4.x86_64  CompilerName: GCC  CompilerVersion: 8.4.0
ProgramName: mris_euler_number  ProgramArguments: mris_euler_number -all-info  ProgramVersion: 7.3.2  TimeStamp: 2026/03/12-11:20:03-GMT  BuildTime: Aug  4 2022 06:17:15  BuildStamp: freesurfer-linux-ubuntu22_x86_64-7.3.2-20220804-6354275  User: oesteban  Machine: dna038  Platform: Linux  PlatformVersion: 5.14.0-427.37.1.el9_4.x86_64  CompilerName: GCC  CompilerVersion: 8.4.0
ProgramName: mris_fix_topology  ProgramArguments: mris_fix_topology -all-info  ProgramVersion: 7.3.2  TimeStamp: 2026/03/12-11:20:03-GMT  BuildTime: Aug  4 2022 06:17:15  BuildStamp: freesurfer-linux-ubuntu22_x86_64-7.3.2-20220804-6354275  User: oesteban  Machine: dna038  Platform: Linux  PlatformVersion: 5.14.0-427.37.1.el9_4.x86_64  CompilerName: GCC  CompilerVersion: 8.4.0
ProgramName: mris_topo_fixer  ProgramArguments: mris_topo_fixer -all-info  ProgramVersion: 7.3.2  TimeStamp: 2026/03/12-11:20:03-GMT  BuildTime: Aug  4 2022 06:17:15  BuildStamp: freesurfer-linux-ubuntu22_x86_64-7.3.2-20220804-6354275  User: oesteban  Machine: dna038  Platform: Linux  PlatformVersion: 5.14.0-427.37.1.el9_4.x86_64  CompilerName: GCC  CompilerVersion: 8.4.0
ProgramName: mris_jacobian  ProgramArguments: mris_jacobian -all-info  ProgramVersion: 7.3.2  TimeStamp: 2026/03/12-11:20:03-GMT  BuildTime: Aug  4 2022 06:17:15  BuildStamp: freesurfer-linux-ubuntu22_x86_64-7.3.2-20220804-6354275  User: oesteban  Machine: dna038  Platform: Linux  PlatformVersion: 5.14.0-427.37.1.el9_4.x86_64  CompilerName: GCC  CompilerVersion: 8.4.0
ProgramName: mris_label2annot  ProgramArguments: mris_label2annot -all-info  ProgramVersion: 7.3.2  TimeStamp: 2026/03/12-11:20:03-GMT  BuildTime: Aug  4 2022 06:17:15  BuildStamp: freesurfer-linux-ubuntu22_x86_64-7.3.2-20220804-6354275  User: oesteban  Machine: dna038  Platform: Linux  PlatformVersion: 5.14.0-427.37.1.el9_4.x86_64  CompilerName: GCC  CompilerVersion: 8.4.0
ProgramName: mris_left_right_register  ProgramArguments: mris_left_right_register -all-info  ProgramVersion: 7.3.2  TimeStamp: 2026/03/12-11:20:03-GMT  BuildTime: Aug  4 2022 06:17:15  BuildStamp: freesurfer-linux-ubuntu22_x86_64-7.3.2-20220804-6354275  User: oesteban  Machine: dna038  Platform: Linux  PlatformVersion: 5.14.0-427.37.1.el9_4.x86_64  CompilerName: GCC  CompilerVersion: 8.4.0
ProgramName: mris_place_surface  ProgramArguments: mris_place_surface -all-info  ProgramVersion: 7.3.2  TimeStamp: 2026/03/12-11:20:03-GMT  BuildTime: Aug  4 2022 06:17:15  BuildStamp: freesurfer-linux-ubuntu22_x86_64-7.3.2-20220804-6354275  User: oesteban  Machine: dna038  Platform: Linux  PlatformVersion: 5.14.0-427.37.1.el9_4.x86_64  CompilerName: GCC  CompilerVersion: 8.4.0
ProgramName: mrisp_paint  ProgramArguments: mrisp_paint -all-info  ProgramVersion: 7.3.2  TimeStamp: 2026/03/12-11:20:03-GMT  BuildTime: Aug  4 2022 06:17:15  BuildStamp: freesurfer-linux-ubuntu22_x86_64-7.3.2-20220804-6354275  User: oesteban  Machine: dna038  Platform: Linux  PlatformVersion: 5.14.0-427.37.1.el9_4.x86_64  CompilerName: GCC  CompilerVersion: 8.4.0
ProgramName: mris_register  ProgramArguments: mris_register -all-info  ProgramVersion: 7.3.2  TimeStamp: 2026/03/12-11:20:03-GMT  BuildTime: Aug  4 2022 06:17:15  BuildStamp: freesurfer-linux-ubuntu22_x86_64-7.3.2-20220804-6354275  User: oesteban  Machine: dna038  Platform: Linux  PlatformVersion: 5.14.0-427.37.1.el9_4.x86_64  CompilerName: GCC  CompilerVersion: 8.4.0
ProgramName: mris_smooth  ProgramArguments: mris_smooth -all-info  ProgramVersion: 7.3.2  TimeStamp: 2026/03/12-11:20:03-GMT  BuildTime: Aug  4 2022 06:17:15  BuildStamp: freesurfer-linux-ubuntu22_x86_64-7.3.2-20220804-6354275  User: oesteban  Machine: dna038  Platform: Linux  PlatformVersion: 5.14.0-427.37.1.el9_4.x86_64  CompilerName: GCC  CompilerVersion: 8.4.0
ProgramName: mris_sphere  ProgramArguments: mris_sphere -all-info  ProgramVersion: 7.3.2  TimeStamp: 2026/03/12-11:20:03-GMT  BuildTime: Aug  4 2022 06:17:15  BuildStamp: freesurfer-linux-ubuntu22_x86_64-7.3.2-20220804-6354275  User: oesteban  Machine: dna038  Platform: Linux  PlatformVersion: 5.14.0-427.37.1.el9_4.x86_64  CompilerName: GCC  CompilerVersion: 8.4.0
ProgramName: mris_surface_stats  ProgramArguments: mris_surface_stats -all-info  ProgramVersion: 7.3.2  TimeStamp: 2026/03/12-11:20:03-GMT  BuildTime: Aug  4 2022 06:17:15  BuildStamp: freesurfer-linux-ubuntu22_x86_64-7.3.2-20220804-6354275  User: oesteban  Machine: dna038  Platform: Linux  PlatformVersion: 5.14.0-427.37.1.el9_4.x86_64  CompilerName: GCC  CompilerVersion: 8.4.0
ProgramName: mri_stats2seg  ProgramArguments: mri_stats2seg -all-info  ProgramVersion: 7.3.2  TimeStamp: 2026/03/12-11:20:03-GMT  BuildTime: Aug  4 2022 06:17:15  BuildStamp: freesurfer-linux-ubuntu22_x86_64-7.3.2-20220804-6354275  User: oesteban  Machine: dna038  Platform: Linux  PlatformVersion: 5.14.0-427.37.1.el9_4.x86_64  CompilerName: GCC  CompilerVersion: 8.4.0
ProgramName: mris_thickness  ProgramArguments: mris_thickness -all-info  ProgramVersion: 7.3.2  TimeStamp: 2026/03/12-11:20:03-GMT  BuildTime: Aug  4 2022 06:17:15  BuildStamp: freesurfer-linux-ubuntu22_x86_64-7.3.2-20220804-6354275  User: oesteban  Machine: dna038  Platform: Linux  PlatformVersion: 5.14.0-427.37.1.el9_4.x86_64  CompilerName: GCC  CompilerVersion: 8.4.0
ProgramName: mris_thickness_diff  ProgramArguments: mris_thickness_diff -all-info  ProgramVersion: 7.3.2  TimeStamp: 2026/03/12-11:20:03-GMT  BuildTime: Aug  4 2022 06:17:15  BuildStamp: freesurfer-linux-ubuntu22_x86_64-7.3.2-20220804-6354275  User: oesteban  Machine: dna038  Platform: Linux  PlatformVersion: 5.14.0-427.37.1.el9_4.x86_64  CompilerName: GCC  CompilerVersion: 8.4.0
ProgramName: mris_topo_fixer  ProgramArguments: mris_topo_fixer -all-info  ProgramVersion: 7.3.2  TimeStamp: 2026/03/12-11:20:03-GMT  BuildTime: Aug  4 2022 06:17:15  BuildStamp: freesurfer-linux-ubuntu22_x86_64-7.3.2-20220804-6354275  User: oesteban  Machine: dna038  Platform: Linux  PlatformVersion: 5.14.0-427.37.1.el9_4.x86_64  CompilerName: GCC  CompilerVersion: 8.4.0
ProgramName: mri_surf2surf  ProgramArguments: mri_surf2surf -all-info  ProgramVersion: 7.3.2  TimeStamp: 2026/03/12-11:20:03-GMT  BuildTime: Aug  4 2022 06:17:15  BuildStamp: freesurfer-linux-ubuntu22_x86_64-7.3.2-20220804-6354275  User: oesteban  Machine: dna038  Platform: Linux  PlatformVersion: 5.14.0-427.37.1.el9_4.x86_64  CompilerName: GCC  CompilerVersion: 8.4.0
ProgramName: mri_surf2vol  ProgramArguments: mri_surf2vol -all-info  ProgramVersion: 7.3.2  TimeStamp: 2026/03/12-11:20:03-GMT  BuildTime: Aug  4 2022 06:17:15  BuildStamp: freesurfer-linux-ubuntu22_x86_64-7.3.2-20220804-6354275  User: oesteban  Machine: dna038  Platform: Linux  PlatformVersion: 5.14.0-427.37.1.el9_4.x86_64  CompilerName: GCC  CompilerVersion: 8.4.0
ProgramName: mri_surfcluster  ProgramArguments: mri_surfcluster -all-info  ProgramVersion: 7.3.2  TimeStamp: 2026/03/12-11:20:03-GMT  BuildTime: Aug  4 2022 06:17:15  BuildStamp: freesurfer-linux-ubuntu22_x86_64-7.3.2-20220804-6354275  User: oesteban  Machine: dna038  Platform: Linux  PlatformVersion: 5.14.0-427.37.1.el9_4.x86_64  CompilerName: GCC  CompilerVersion: 8.4.0
ProgramName: mris_volmask  ProgramArguments: mris_volmask -all-info  ProgramVersion: 7.3.2  TimeStamp: 2026/03/12-11:20:03-GMT  BuildTime: Aug  4 2022 06:17:15  BuildStamp: freesurfer-linux-ubuntu22_x86_64-7.3.2-20220804-6354275  User: oesteban  Machine: dna038  Platform: Linux  PlatformVersion: 5.14.0-427.37.1.el9_4.x86_64  CompilerName: GCC  CompilerVersion: 8.4.0
ProgramName: mri_tessellate  ProgramArguments: mri_tessellate -all-info  ProgramVersion: 7.3.2  TimeStamp: 2026/03/12-11:20:03-GMT  BuildTime: Aug  4 2022 06:17:15  BuildStamp: freesurfer-linux-ubuntu22_x86_64-7.3.2-20220804-6354275  User: oesteban  Machine: dna038  Platform: Linux  PlatformVersion: 5.14.0-427.37.1.el9_4.x86_64  CompilerName: GCC  CompilerVersion: 8.4.0
ProgramName: mri_vol2surf  ProgramArguments: mri_vol2surf -all-info  ProgramVersion: 7.3.2  TimeStamp: 2026/03/12-11:20:03-GMT  BuildTime: Aug  4 2022 06:17:15  BuildStamp: freesurfer-linux-ubuntu22_x86_64-7.3.2-20220804-6354275  User: oesteban  Machine: dna038  Platform: Linux  PlatformVersion: 5.14.0-427.37.1.el9_4.x86_64  CompilerName: GCC  CompilerVersion: 8.4.0
ProgramName: mri_vol2vol  ProgramArguments: mri_vol2vol -all-info  ProgramVersion: 7.3.2  TimeStamp: 2026/03/12-11:20:03-GMT  BuildTime: Aug  4 2022 06:17:15  BuildStamp: freesurfer-linux-ubuntu22_x86_64-7.3.2-20220804-6354275  User: oesteban  Machine: dna038  Platform: Linux  PlatformVersion: 5.14.0-427.37.1.el9_4.x86_64  CompilerName: GCC  CompilerVersion: 8.4.0
ProgramName: mri_voldiff  ProgramArguments: mri_voldiff -all-info  ProgramVersion: 7.3.2  TimeStamp: 2026/03/12-11:20:03-GMT  BuildTime: Aug  4 2022 06:17:15  BuildStamp: freesurfer-linux-ubuntu22_x86_64-7.3.2-20220804-6354275  User: oesteban  Machine: dna038  Platform: Linux  PlatformVersion: 5.14.0-427.37.1.el9_4.x86_64  CompilerName: GCC  CompilerVersion: 8.4.0
ProgramName: mri_watershed  ProgramArguments: mri_watershed -all-info  ProgramVersion: 7.3.2  TimeStamp: 2026/03/12-11:20:03-GMT  BuildTime: Aug  4 2022 06:17:15  BuildStamp: freesurfer-linux-ubuntu22_x86_64-7.3.2-20220804-6354275  User: oesteban  Machine: dna038  Platform: Linux  PlatformVersion: 5.14.0-427.37.1.el9_4.x86_64  CompilerName: GCC  CompilerVersion: 8.4.0
ProgramName: tkregister2  ProgramArguments: tkregister2_cmdl -all-info  ProgramVersion: 7.3.2  TimeStamp: 2026/03/12-11:20:03-GMT  BuildTime: Aug  4 2022 06:17:15  BuildStamp: freesurfer-linux-ubuntu22_x86_64-7.3.2-20220804-6354275  User: oesteban  Machine: dna038  Platform: Linux  PlatformVersion: 5.14.0-427.37.1.el9_4.x86_64  CompilerName: GCC  CompilerVersion: 8.4.0
mri_motion_correct.fsl 7.3.2
mri_convert -all-info 
ProgramName: mri_convert  ProgramArguments: mri_convert -all-info  ProgramVersion: 7.3.2  TimeStamp: 2026/03/12-11:20:03-GMT  BuildTime: Aug  4 2022 06:17:15  BuildStamp: freesurfer-linux-ubuntu22_x86_64-7.3.2-20220804-6354275  User: oesteban  Machine: dna038  Platform: Linux  PlatformVersion: 5.14.0-427.37.1.el9_4.x86_64  CompilerName: GCC  CompilerVersion: 8.4.0
Program nu_correct, built from:
Package MNI N3, version 1.12.0, compiled by nicks@terrier (x86_64-unknown-linux-gnu) on 2015-06-19 at 01:25:34
#######################################
GCADIR /opt/freesurfer/average
GCA RB_all_2020-01-02.gca
GCASkull RB_all_withskull_2020_01_02.gca
AvgCurvTif folding.atlas.acfb40.noaparc.i12.2016-08-02.tif
GCSDIR /opt/freesurfer/average
GCS DKaparc.atlas.acfb40.noaparc.i12.2016-08-02.gcs
#######################################
#--------------------------------------------
#@# Tessellate lh Thu Mar 12 12:20:03 CET 2026
/out/sourcedata/freesurfer/sub-v1s11x0050157_ses-1/scripts

 mri_pretess ../mri/filled.mgz 255 ../mri/norm.mgz ../mri/filled-pretess255.mgz 


Iteration Number : 1
pass   1 (xy+):   0 found -   0 modified     |    TOTAL:   0
pass   1 (xy-):   2 found -   2 modified     |    TOTAL:   2
pass   2 (xy-):   0 found -   2 modified     |    TOTAL:   2
pass   1 (yz+):   4 found -   4 modified     |    TOTAL:   6
pass   2 (yz+):   0 found -   4 modified     |    TOTAL:   6
pass   1 (yz-):   5 found -   5 modified     |    TOTAL:  11
pass   2 (yz-):   0 found -   5 modified     |    TOTAL:  11
pass   1 (xz+):   1 found -   1 modified     |    TOTAL:  12
pass   2 (xz+):   0 found -   1 modified     |    TOTAL:  12
pass   1 (xz-):   3 found -   3 modified     |    TOTAL:  15
pass   2 (xz-):   0 found -   3 modified     |    TOTAL:  15
Iteration Number : 1
pass   1 (+++):   0 found -   0 modified     |    TOTAL:   0
pass   1 (+++):   0 found -   0 modified     |    TOTAL:   0
pass   1 (+++):   0 found -   0 modified     |    TOTAL:   0
pass   1 (+++):   2 found -   2 modified     |    TOTAL:   2
pass   2 (+++):   0 found -   2 modified     |    TOTAL:   2
Iteration Number : 1
pass   1 (++):   1 found -   1 modified     |    TOTAL:   1
pass   2 (++):   0 found -   1 modified     |    TOTAL:   1
pass   1 (+-):   1 found -   1 modified     |    TOTAL:   2
pass   2 (+-):   0 found -   1 modified     |    TOTAL:   2
pass   1 (--):   0 found -   0 modified     |    TOTAL:   2
pass   1 (-+):   0 found -   0 modified     |    TOTAL:   2
Iteration Number : 2
pass   1 (xy+):   0 found -   0 modified     |    TOTAL:   0
pass   1 (xy-):   0 found -   0 modified     |    TOTAL:   0
pass   1 (yz+):   0 found -   0 modified     |    TOTAL:   0
pass   1 (yz-):   0 found -   0 modified     |    TOTAL:   0
pass   1 (xz+):   0 found -   0 modified     |    TOTAL:   0
pass   1 (xz-):   0 found -   0 modified     |    TOTAL:   0
Iteration Number : 2
pass   1 (+++):   0 found -   0 modified     |    TOTAL:   0
pass   1 (+++):   0 found -   0 modified     |    TOTAL:   0
pass   1 (+++):   0 found -   0 modified     |    TOTAL:   0
pass   1 (+++):   0 found -   0 modified     |    TOTAL:   0
Iteration Number : 2
pass   1 (++):   0 found -   0 modified     |    TOTAL:   0
pass   1 (+-):   0 found -   0 modified     |    TOTAL:   0
pass   1 (--):   0 found -   0 modified     |    TOTAL:   0
pass   1 (-+):   0 found -   0 modified     |    TOTAL:   0

Total Number of Modified Voxels = 19 (out of 236406: 0.008037)
Ambiguous edge configurations... 

mri_pretess done


 mri_tessellate ../mri/filled-pretess255.mgz 255 ../surf/lh.orig.nofix 

7.3.2
  7.3.2
slice 40: 1393 vertices, 1509 faces
slice 50: 6265 vertices, 6457 faces
slice 60: 13255 vertices, 13531 faces
slice 70: 22166 vertices, 22508 faces
slice 80: 31131 vertices, 31468 faces
slice 90: 40253 vertices, 40586 faces
slice 100: 50275 vertices, 50643 faces
slice 110: 61429 vertices, 61850 faces
slice 120: 72493 vertices, 72922 faces
slice 130: 82613 vertices, 83009 faces
slice 140: 92674 vertices, 93056 faces
slice 150: 102054 vertices, 102401 faces
slice 160: 109562 vertices, 109846 faces
slice 170: 116413 vertices, 116716 faces
slice 180: 121810 vertices, 122031 faces
slice 190: 126157 vertices, 126347 faces
slice 200: 128621 vertices, 128716 faces
slice 210: 128952 vertices, 129000 faces
slice 220: 128952 vertices, 129000 faces
slice 230: 128952 vertices, 129000 faces
slice 240: 128952 vertices, 129000 faces
slice 250: 128952 vertices, 129000 faces
using the conformed surface RAS to save vertex points...
writing ../surf/lh.orig.nofix
using vox2ras matrix:
-1.00000   0.00000   0.00000   128.00000;
 0.00000   0.00000   1.00000  -128.00000;
 0.00000  -1.00000   0.00000   128.00000;
 0.00000   0.00000   0.00000   1.00000;

 rm -f ../mri/filled-pretess255.mgz 


 mris_extract_main_component ../surf/lh.orig.nofix ../surf/lh.orig.nofix 


counting number of connected components...
   128952 voxel in cpt #1: X=-48 [v=128952,e=387000,f=258000] located at (-23.868122, -15.395418, 19.953819)
For the whole surface: X=-48 [v=128952,e=387000,f=258000]
One single component has been found
nothing to do
done

#--------------------------------------------
#@# Smooth1 lh Thu Mar 12 12:20:06 CET 2026
/out/sourcedata/freesurfer/sub-v1s11x0050157_ses-1/scripts

 mris_smooth -nw -seed 1234 ../surf/lh.orig.nofix ../surf/lh.smoothwm.nofix 

setting seed for random number generator to 1234
smoothing surface tessellation for 10 iterations...
smoothing complete - recomputing first and second fundamental forms...
#--------------------------------------------
#@# Inflation1 lh Thu Mar 12 12:20:09 CET 2026
/out/sourcedata/freesurfer/sub-v1s11x0050157_ses-1/scripts

 mris_inflate -no-save-sulc ../surf/lh.smoothwm.nofix ../surf/lh.inflated.nofix 

Not saving sulc
Reading ../surf/lh.smoothwm.nofix
avg radius = 46.9 mm, total surface area = 69167 mm^2
step 000: RMS=0.154 (target=0.015)   step 005: RMS=0.118 (target=0.015)   step 010: RMS=0.088 (target=0.015)   step 015: RMS=0.074 (target=0.015)   step 020: RMS=0.064 (target=0.015)   step 025: RMS=0.056 (target=0.015)   step 030: RMS=0.050 (target=0.015)   step 035: RMS=0.045 (target=0.015)   step 040: RMS=0.042 (target=0.015)   step 045: RMS=0.041 (target=0.015)   step 050: RMS=0.039 (target=0.015)   step 055: RMS=0.038 (target=0.015)   step 060: RMS=0.037 (target=0.015)   writing inflated surface to ../surf/lh.inflated.nofix
inflation took 0.2 minutes

inflation complete.
Not saving sulc
mris_inflate utimesec    48.560275
mris_inflate stimesec    2.133587
mris_inflate ru_maxrss   203764
mris_inflate ru_ixrss    0
mris_inflate ru_idrss    0
mris_inflate ru_isrss    0
mris_inflate ru_minflt   580828
mris_inflate ru_majflt   31
mris_inflate ru_nswap    0
mris_inflate ru_inblock  1672
mris_inflate ru_oublock  9072
mris_inflate ru_msgsnd   0
mris_inflate ru_msgrcv   0
mris_inflate ru_nsignals 0
mris_inflate ru_nvcsw    13515
mris_inflate ru_nivcsw   383
#--------------------------------------------
#@# QSphere lh Thu Mar 12 12:20:20 CET 2026
/out/sourcedata/freesurfer/sub-v1s11x0050157_ses-1/scripts

 mris_sphere -q -p 6 -a 128 -seed 1234 ../surf/lh.inflated.nofix ../surf/lh.qsphere.nofix 

doing quick spherical unfolding.
limitting unfolding to 6 passes
using n_averages = 128
setting seed for random number genererator to 1234
version: 7.3.2
available threads: 16
scaling brain by 0.304...
inflating...
projecting onto sphere...
surface projected - minimizing metric distortion...
vertex spacing 1.01 +- 0.61 (0.00-->6.97) (max @ vno 96180 --> 96193)
face area 0.02 +- 0.03 (-0.20-->0.58)
Entering MRISinflateToSphere()
inflating to sphere (rms error < 2.00)
000: dt: 0.0000, rms radial error=177.757, avgs=0
005/300: dt: 0.9000, rms radial error=177.499, avgs=0
010/300: dt: 0.9000, rms radial error=176.945, avgs=0
015/300: dt: 0.9000, rms radial error=176.218, avgs=0
020/300: dt: 0.9000, rms radial error=175.390, avgs=0
025/300: dt: 0.9000, rms radial error=174.505, avgs=0
030/300: dt: 0.9000, rms radial error=173.588, avgs=0
035/300: dt: 0.9000, rms radial error=172.654, avgs=0
040/300: dt: 0.9000, rms radial error=171.713, avgs=0
045/300: dt: 0.9000, rms radial error=170.769, avgs=0
050/300: dt: 0.9000, rms radial error=169.826, avgs=0
055/300: dt: 0.9000, rms radial error=168.885, avgs=0
060/300: dt: 0.9000, rms radial error=167.948, avgs=0
065/300: dt: 0.9000, rms radial error=167.014, avgs=0
070/300: dt: 0.9000, rms radial error=166.085, avgs=0
075/300: dt: 0.9000, rms radial error=165.159, avgs=0
080/300: dt: 0.9000, rms radial error=164.238, avgs=0
085/300: dt: 0.9000, rms radial error=163.322, avgs=0
090/300: dt: 0.9000, rms radial error=162.411, avgs=0
095/300: dt: 0.9000, rms radial error=161.505, avgs=0
100/300: dt: 0.9000, rms radial error=160.603, avgs=0
105/300: dt: 0.9000, rms radial error=159.705, avgs=0
110/300: dt: 0.9000, rms radial error=158.813, avgs=0
115/300: dt: 0.9000, rms radial error=157.925, avgs=0
120/300: dt: 0.9000, rms radial error=157.042, avgs=0
125/300: dt: 0.9000, rms radial error=156.163, avgs=0
130/300: dt: 0.9000, rms radial error=155.289, avgs=0
135/300: dt: 0.9000, rms radial error=154.420, avgs=0
140/300: dt: 0.9000, rms radial error=153.556, avgs=0
145/300: dt: 0.9000, rms radial error=152.697, avgs=0
150/300: dt: 0.9000, rms radial error=151.842, avgs=0
155/300: dt: 0.9000, rms radial error=150.992, avgs=0
160/300: dt: 0.9000, rms radial error=150.146, avgs=0
165/300: dt: 0.9000, rms radial error=149.305, avgs=0
170/300: dt: 0.9000, rms radial error=148.468, avgs=0
175/300: dt: 0.9000, rms radial error=147.636, avgs=0
180/300: dt: 0.9000, rms radial error=146.809, avgs=0
185/300: dt: 0.9000, rms radial error=145.985, avgs=0
190/300: dt: 0.9000, rms radial error=145.166, avgs=0
195/300: dt: 0.9000, rms radial error=144.352, avgs=0
200/300: dt: 0.9000, rms radial error=143.542, avgs=0
205/300: dt: 0.9000, rms radial error=142.737, avgs=0
210/300: dt: 0.9000, rms radial error=141.936, avgs=0
215/300: dt: 0.9000, rms radial error=141.139, avgs=0
220/300: dt: 0.9000, rms radial error=140.346, avgs=0
225/300: dt: 0.9000, rms radial error=139.558, avgs=0
230/300: dt: 0.9000, rms radial error=138.775, avgs=0
235/300: dt: 0.9000, rms radial error=137.995, avgs=0
240/300: dt: 0.9000, rms radial error=137.220, avgs=0
245/300: dt: 0.9000, rms radial error=136.449, avgs=0
250/300: dt: 0.9000, rms radial error=135.682, avgs=0
255/300: dt: 0.9000, rms radial error=134.919, avgs=0
260/300: dt: 0.9000, rms radial error=134.161, avgs=0
265/300: dt: 0.9000, rms radial error=133.406, avgs=0
270/300: dt: 0.9000, rms radial error=132.656, avgs=0
275/300: dt: 0.9000, rms radial error=131.910, avgs=0
280/300: dt: 0.9000, rms radial error=131.168, avgs=0
285/300: dt: 0.9000, rms radial error=130.431, avgs=0
290/300: dt: 0.9000, rms radial error=129.698, avgs=0
295/300: dt: 0.9000, rms radial error=128.969, avgs=0
300/300: dt: 0.9000, rms radial error=128.243, avgs=0

spherical inflation complete.
epoch 1 (K=10.0), pass 1, starting sse = 15166.88
taking momentum steps...
taking momentum steps...
taking momentum steps...
taking momentum steps...
pass 1 complete, delta sse/iter = 0.00/13 = 0.00036
epoch 2 (K=40.0), pass 1, starting sse = 2519.00
taking momentum steps...
taking momentum steps...
taking momentum steps...
taking momentum steps...
pass 1 complete, delta sse/iter = 0.00/13 = 0.00036
epoch 3 (K=160.0), pass 1, starting sse = 258.07
taking momentum steps...
taking momentum steps...
taking momentum steps...
taking momentum steps...
pass 1 complete, delta sse/iter = 0.16/17 = 0.00968
epoch 4 (K=640.0), pass 1, starting sse = 14.00
taking momentum steps...
taking momentum steps...
taking momentum steps...
taking momentum steps...
pass 1 complete, delta sse/iter = 0.11/21 = 0.00548
final distance error %100000.00
writing spherical brain to ../surf/lh.qsphere.nofix
spherical transformation took 0.0178 hours
FSRUNTIME@ mris_sphere  0.0178 hours 16 threads
#VMPC# mris_sphere VmPeak  1545076
mris_sphere done
#@# Fix Topology lh Thu Mar 12 12:21:25 CET 2026

 mris_fix_topology -mgz -sphere qsphere.nofix -inflated inflated.nofix -orig orig.nofix -out orig.premesh -ga -seed 1234 sub-v1s11x0050157_ses-1 lh 

reading spherical homeomorphism from 'qsphere.nofix'
reading inflated coordinates from 'inflated.nofix'
reading original coordinates from 'orig.nofix'
using genetic algorithm with optimized parameters
setting seed for random number genererator to 1234

*************************************************************
Topology Correction Parameters
retessellation mode:           genetic search
number of patches/generation : 10
number of generations :        10
surface mri loglikelihood coefficient :         1.0
volume mri loglikelihood coefficient :          10.0
normal dot loglikelihood coefficient :          1.0
quadratic curvature loglikelihood coefficient : 1.0
volume resolution :                             2
eliminate vertices during search :              1
initial patch selection :                       1
select all defect vertices :                    0
ordering dependant retessellation:              0
use precomputed edge table :                    0
smooth retessellated patch :                    2
match retessellated patch :                     1
verbose mode :                                  0

*************************************************************
INFO: assuming .mgz format
writing corrected surface to 'orig.premesh'
7.3.2
  7.3.2
before topology correction, eno=-48 (nv=128952, nf=258000, ne=387000, g=25)
using quasi-homeomorphic spherical map to tessellate cortical surface...

Correction of the Topology
Finding true center and radius of Spherical Surface...done
Surface centered at (0,0,0) with radius 100.0 in 10 iterations
marking ambiguous vertices...
4675 ambiguous faces found in tessellation
segmenting defects...
30 defects found, arbitrating ambiguous regions...
analyzing neighboring defects...
30 defects to be corrected 
0 vertices coincident
reading input surface /out/sourcedata/freesurfer/sub-v1s11x0050157_ses-1/surf/lh.qsphere.nofix...
reading brain volume from brain...
reading wm segmentation from wm...
Reading original properties of orig.nofix
Reading vertex positions of inflated.nofix
Computing Initial Surface Statistics
      -face       loglikelihood: -9.2570  (-4.6285)
      -vertex     loglikelihood: -6.2796  (-3.1398)
      -normal dot loglikelihood: -3.6555  (-3.6555)
      -quad curv  loglikelihood: -6.0006  (-3.0003)
      Total Loglikelihood : -25.1928
CORRECTING DEFECT 0 (vertices=18, convex hull=59, v0=4420)
After retessellation of defect 0 (v0=4420), euler #=-26 (126239,377866,251601) : difference with theory (-27) = -1 
CORRECTING DEFECT 1 (vertices=27, convex hull=66, v0=5218)
After retessellation of defect 1 (v0=5218), euler #=-25 (126251,377928,251652) : difference with theory (-26) = -1 
CORRECTING DEFECT 2 (vertices=228, convex hull=99, v0=9111)
After retessellation of defect 2 (v0=9111), euler #=-25 (126285,378085,251775) : difference with theory (-25) = 0 
CORRECTING DEFECT 3 (vertices=34, convex hull=41, v0=10221)
After retessellation of defect 3 (v0=10221), euler #=-24 (126289,378116,251803) : difference with theory (-24) = 0 
CORRECTING DEFECT 4 (vertices=30, convex hull=56, v0=10890)
After retessellation of defect 4 (v0=10890), euler #=-23 (126308,378194,251863) : difference with theory (-23) = 0 
CORRECTING DEFECT 5 (vertices=47, convex hull=79, v0=12467)
After retessellation of defect 5 (v0=12467), euler #=-22 (126322,378270,251926) : difference with theory (-22) = 0 
CORRECTING DEFECT 6 (vertices=20, convex hull=32, v0=14015)
After retessellation of defect 6 (v0=14015), euler #=-21 (126325,378291,251945) : difference with theory (-21) = 0 
CORRECTING DEFECT 7 (vertices=40, convex hull=73, v0=23630)
After retessellation of defect 7 (v0=23630), euler #=-20 (126338,378360,252002) : difference with theory (-20) = 0 
CORRECTING DEFECT 8 (vertices=22, convex hull=48, v0=27718)
After retessellation of defect 8 (v0=27718), euler #=-19 (126348,378408,252041) : difference with theory (-19) = 0 
CORRECTING DEFECT 9 (vertices=31, convex hull=56, v0=45969)
After retessellation of defect 9 (v0=45969), euler #=-18 (126364,378477,252095) : difference with theory (-18) = 0 
CORRECTING DEFECT 10 (vertices=5, convex hull=33, v0=54080)
After retessellation of defect 10 (v0=54080), euler #=-17 (126366,378493,252110) : difference with theory (-17) = 0 
CORRECTING DEFECT 11 (vertices=470, convex hull=348, v0=60047)
After retessellation of defect 11 (v0=60047), euler #=-16 (126505,379081,252560) : difference with theory (-16) = 0 
CORRECTING DEFECT 12 (vertices=5, convex hull=28, v0=62179)
After retessellation of defect 12 (v0=62179), euler #=-15 (126507,379094,252572) : difference with theory (-15) = 0 
CORRECTING DEFECT 13 (vertices=69, convex hull=31, v0=66649)
After retessellation of defect 13 (v0=66649), euler #=-14 (126514,379124,252596) : difference with theory (-14) = 0 
CORRECTING DEFECT 14 (vertices=24, convex hull=44, v0=71658)
After retessellation of defect 14 (v0=71658), euler #=-13 (126527,379180,252640) : difference with theory (-13) = 0 
CORRECTING DEFECT 15 (vertices=7, convex hull=18, v0=72270)
After retessellation of defect 15 (v0=72270), euler #=-12 (126528,379188,252648) : difference with theory (-12) = 0 
CORRECTING DEFECT 16 (vertices=1188, convex hull=302, v0=78570)
After retessellation of defect 16 (v0=78570), euler #=-11 (126627,379635,252997) : difference with theory (-11) = 0 
CORRECTING DEFECT 17 (vertices=56, convex hull=47, v0=82500)
After retessellation of defect 17 (v0=82500), euler #=-10 (126635,379680,253035) : difference with theory (-10) = 0 
CORRECTING DEFECT 18 (vertices=6, convex hull=17, v0=90220)
After retessellation of defect 18 (v0=90220), euler #=-9 (126636,379688,253043) : difference with theory (-9) = 0 
CORRECTING DEFECT 19 (vertices=24, convex hull=49, v0=96032)
After retessellation of defect 19 (v0=96032), euler #=-8 (126645,379731,253078) : difference with theory (-8) = 0 
CORRECTING DEFECT 20 (vertices=21, convex hull=55, v0=97219)
After retessellation of defect 20 (v0=97219), euler #=-7 (126654,379779,253118) : difference with theory (-7) = 0 
CORRECTING DEFECT 21 (vertices=59, convex hull=105, v0=104169)
After retessellation of defect 21 (v0=104169), euler #=-6 (126677,379892,253209) : difference with theory (-6) = 0 
CORRECTING DEFECT 22 (vertices=41, convex hull=85, v0=109467)
After retessellation of defect 22 (v0=109467), euler #=-5 (126697,379990,253288) : difference with theory (-5) = 0 
CORRECTING DEFECT 23 (vertices=17, convex hull=21, v0=122975)
After retessellation of defect 23 (v0=122975), euler #=-4 (126699,380002,253299) : difference with theory (-4) = 0 
CORRECTING DEFECT 24 (vertices=39, convex hull=32, v0=124035)
After retessellation of defect 24 (v0=124035), euler #=-3 (126706,380035,253326) : difference with theory (-3) = 0 
CORRECTING DEFECT 25 (vertices=40, convex hull=46, v0=126734)
After retessellation of defect 25 (v0=126734), euler #=-2 (126716,380081,253363) : difference with theory (-2) = 0 
CORRECTING DEFECT 26 (vertices=15, convex hull=33, v0=127471)
After retessellation of defect 26 (v0=127471), euler #=-1 (126719,380103,253383) : difference with theory (-1) = 0 
CORRECTING DEFECT 27 (vertices=60, convex hull=44, v0=128104)
After retessellation of defect 27 (v0=128104), euler #=0 (126728,380147,253419) : difference with theory (0) = 0 
CORRECTING DEFECT 28 (vertices=65, convex hull=60, v0=128695)
After retessellation of defect 28 (v0=128695), euler #=1 (126748,380230,253483) : difference with theory (1) = 0 
CORRECTING DEFECT 29 (vertices=12, convex hull=23, v0=128763)
After retessellation of defect 29 (v0=128763), euler #=2 (126748,380238,253492) : difference with theory (2) = 0 
computing original vertex metric properties...
storing new metric properties...
computing tessellation statistics...
vertex spacing 0.89 +- 0.23 (0.09-->11.71) (max @ vno 65966 --> 126916)
face area -nan +- -nan (1000.00-->-1.00)
performing soap bubble on retessellated vertices for 0 iterations...
vertex spacing 0.89 +- 0.23 (0.09-->11.71) (max @ vno 65966 --> 126916)
face area -nan +- -nan (1000.00-->-1.00)
tessellation finished, orienting corrected surface...
117 mutations (37.9%), 192 crossovers (62.1%), 178 vertices were eliminated
building final representation...
2204 vertices and 0 faces have been removed from triangulation
after topology correction, eno=2 (nv=126748, nf=253492, ne=380238, g=0)
writing corrected surface to /out/sourcedata/freesurfer/sub-v1s11x0050157_ses-1/surf/lh.orig.premesh...

0.000 % of the vertices (0 vertices) exhibit an orientation change
removing intersecting faces
000: 255 intersecting
001: 51 intersecting
002: 12 intersecting
003: 7 intersecting
step 1 with no progress (num=7, old_num=7)
004: 7 intersecting
step 2 with no progress (num=7, old_num=7)
005: 7 intersecting
step 3 with no progress (num=7, old_num=7)
006: 7 intersecting
step 4 with no progress (num=7, old_num=7)
007: 7 intersecting
step 5 with no progress (num=7, old_num=7)
008: 7 intersecting
step 6 with no progress (num=7, old_num=7)
009: 7 intersecting
step 7 with no progress (num=7, old_num=7)
010: 7 intersecting
step 8 with no progress (num=7, old_num=7)
011: 7 intersecting
step 9 with no progress (num=7, old_num=7)
012: 7 intersecting
step 10 with no progress (num=7, old_num=7)
013: 7 intersecting
step 11 with no progress (num=7, old_num=7)
014: 7 intersecting
step 12 with no progress (num=7, old_num=7)
015: 7 intersecting
step 13 with no progress (num=7, old_num=7)
016: 7 intersecting
step 14 with no progress (num=7, old_num=7)
017: 7 intersecting
step 15 with no progress (num=7, old_num=7)
018: 7 intersecting
step 16 with no progress (num=7, old_num=7)
terminating search with 7 intersecting
topology fixing took 1.3 minutes
FSRUNTIME@ mris_fix_topology lh  0.0211 hours 16 threads
#VMPC# mris_fix_topology VmPeak  1844612

 mris_euler_number ../surf/lh.orig.premesh 

euler # = v-e+f = 2g-2: 126748 - 380238 + 253492 = 2 --> 0 holes
      F =2V-4:          253492 = 253496-4 (0)
      2E=3F:            760476 = 760476 (0)

total defect index = 0
Thu Mar 12 12:22:41 CET 2026

setenv SUBJECTS_DIR /out/sourcedata/freesurfer
cd /out/sourcedata/freesurfer/sub-v1s11x0050157_ses-1/scripts
/opt/freesurfer/bin/defect2seg --s sub-v1s11x0050157_ses-1 --lh-only --cortex

freesurfer-linux-ubuntu22_x86_64-7.3.2-20220804-6354275
defect2seg 7.3.2
Linux dna038 5.14.0-427.37.1.el9_4.x86_64 #1 SMP PREEMPT_DYNAMIC Fri Sep 13 12:41:50 EDT 2024 x86_64 x86_64 x86_64 GNU/Linux
pid 834268
mri_label2label --label-cortex /out/sourcedata/freesurfer/sub-v1s11x0050157_ses-1/surf/lh.orig.nofix /out/sourcedata/freesurfer/sub-v1s11x0050157_ses-1/mri/aseg.presurf.mgz 0 /out/sourcedata/freesurfer/sub-v1s11x0050157_ses-1/label/lh.nofix.cortex.label

 Generating cortex label... RemoveHipAmgy=0
 NucAccIsMedialWall=0
 mris->useRealRAS=0
10 non-cortical segments detected
only using segment with 8064 vertices
erasing segment 1 (vno[0] = 42022)
erasing segment 2 (vno[0] = 77948)
erasing segment 3 (vno[0] = 81484)
erasing segment 4 (vno[0] = 81949)
erasing segment 5 (vno[0] = 89547)
erasing segment 6 (vno[0] = 92412)
erasing segment 7 (vno[0] = 94380)
erasing segment 8 (vno[0] = 97116)
erasing segment 9 (vno[0] = 100172)
mri_label2vol --defects /out/sourcedata/freesurfer/sub-v1s11x0050157_ses-1/surf/lh.orig.nofix /out/sourcedata/freesurfer/sub-v1s11x0050157_ses-1/surf/lh.defect_labels /out/sourcedata/freesurfer/sub-v1s11x0050157_ses-1/mri/orig.mgz 1000 0 /out/sourcedata/freesurfer/sub-v1s11x0050157_ses-1/mri/lh.surface.defects.mgz /out/sourcedata/freesurfer/sub-v1s11x0050157_ses-1/label/lh.nofix.cortex.label
mri_label2vol supposed to be reproducible but seed not set
Contraining to label /out/sourcedata/freesurfer/sub-v1s11x0050157_ses-1/label/lh.nofix.cortex.label
Changing input type 0 to MRI_INT
Converting defects to volume: offset=1000, merge=0
Writing to /out/sourcedata/freesurfer/sub-v1s11x0050157_ses-1/mri/lh.surface.defects.mgz
mris_defects_pointset -s /out/sourcedata/freesurfer/sub-v1s11x0050157_ses-1/surf/lh.orig.nofix -d /out/sourcedata/freesurfer/sub-v1s11x0050157_ses-1/surf/lh.defect_labels -o /out/sourcedata/freesurfer/sub-v1s11x0050157_ses-1/surf/lh.defects.pointset --label /out/sourcedata/freesurfer/sub-v1s11x0050157_ses-1/label/lh.nofix.cortex.label
Reading in surface /out/sourcedata/freesurfer/sub-v1s11x0050157_ses-1/surf/lh.orig.nofix
Reading in defect segmentation /out/sourcedata/freesurfer/sub-v1s11x0050157_ses-1/surf/lh.defect_labels
Reading in label /out/sourcedata/freesurfer/sub-v1s11x0050157_ses-1/label/lh.nofix.cortex.label
#VMPC# mris_defects_pointset 1425792
mris_defects_pointset done
 
Started at Thu Mar 12 12:22:41 CET 2026 
Ended   at Thu Mar 12 12:22:56 CET 2026
Defect2seg-Run-Time-Sec 15
Defect2seg-Run-Time-Min 0.30
Defect2seg-Run-Time-Hours 0.00
 
tkmeditfv sub-v1s11x0050157_ses-1 brain.finalsurfs.mgz -defect
defect2seg Done

 mris_remesh --remesh --iters 3 --input /out/sourcedata/freesurfer/sub-v1s11x0050157_ses-1/surf/lh.orig.premesh --output /out/sourcedata/freesurfer/sub-v1s11x0050157_ses-1/surf/lh.orig 

iters = 3
standard remeshing without target
   adjusted l: 0.710627
remeshing to edge length 0.710627 with 3 iterations

avg qual before   : 0.890619  after: 0.971333

Removing intersections
Remeshed surface quality stats nv0 = 126748  nv = 132019  1.04159
Area    264034  0.30229  0.03364 0.085516   0.4536
Corner  792102 60.00000  8.77757 18.089481 143.0657
Edge    396051  0.84344  0.08220 0.445443   1.2519
Hinge   396051  9.69744 10.64755 0.000007 135.4538
mris_remesh done
/out/sourcedata/freesurfer/sub-v1s11x0050157_ses-1/scripts

 mris_remove_intersection ../surf/lh.orig ../surf/lh.orig 

intersection removal took 0.00 hours
writing corrected surface to ../surf/lh.orig

 rm -f ../surf/lh.inflated 

#--------------------------------------------
#@# AutoDetGWStats lh Thu Mar 12 12:23:26 CET 2026
cd /out/sourcedata/freesurfer/sub-v1s11x0050157_ses-1/mri
mris_autodet_gwstats --o ../surf/autodet.gw.stats.lh.dat --i brain.finalsurfs.mgz --wm wm.mgz --surf ../surf/lh.orig.premesh
7.3.2

cd /out/sourcedata/freesurfer/sub-v1s11x0050157_ses-1/mri
setenv SUBJECTS_DIR /out/sourcedata/freesurfer
mris_autodet_gwstats --o ../surf/autodet.gw.stats.lh.dat --i brain.finalsurfs.mgz --wm wm.mgz --surf ../surf/lh.orig.premesh 

border white:    229420 voxels (1.37%)
border gray      266767 voxels (1.59%)
Reading in intensity volume brain.finalsurfs.mgz
Reading in wm volume wm.mgz
Reading in surf ../surf/lh.orig.premesh
Auto detecting stats
MRIclipBrightWM(): nthresh=13405, wmmin=5, clip=110 
Binarizing thresholding at 5
computing class statistics... low=30, hi=110.000000
CCS WM (98.0): 98.1 +- 8.1 [70.0 --> 110.0]
CCS GM (73.0) : 72.7 +- 9.7 [30.0 --> 110.0]
white_mean = 98.1208 +/- 8.14935, gray_mean = 72.6931 +/- 9.71175
using class modes intead of means, discounting robust sigmas....
MRIScomputeClassModes(): min=0 max=145 nbins=146
intensity peaks found at WM=103+-7.0,    GM=68+-6.1
white_mode = 103, gray_mode = 68
std_scale = 1
Applying sanity checks, max_scale_down = 0.2
setting MIN_GRAY_AT_WHITE_BORDER to 58.3 (was 70.000000)
setting MAX_BORDER_WHITE to 111.1 (was 105.000000)
setting MIN_BORDER_WHITE to 68.0 (was 85.000000)
setting MAX_CSF to 48.6 (was 40.000000)
setting MAX_GRAY to 94.9 (was 95.000000)
setting MAX_GRAY_AT_CSF_BORDER to 58.3 (was 75.000000)
setting MIN_GRAY_AT_CSF_BORDER to 38.9 (was 40.000000)
When placing the white surface
  white_border_hi   = 111.149;
  white_border_low  = 68;
  white_outside_low = 58.2882;
  white_inside_hi   = 120;
  white_outside_hi  = 111.149;
When placing the pial surface
  pial_border_hi   = 58.2882;
  pial_border_low  = 38.8647;
  pial_outside_low = 10;
  pial_inside_hi   = 94.8506;
  pial_outside_hi  = 53.4324;
#VMPC# mris_autodet_gwstats VmPeak  1391964
mris_autodet_gwstats done
#--------------------------------------------
#@# WhitePreAparc lh Thu Mar 12 12:23:29 CET 2026
cd /out/sourcedata/freesurfer/sub-v1s11x0050157_ses-1/mri
mris_place_surface --adgws-in ../surf/autodet.gw.stats.lh.dat --wm wm.mgz --threads 16 --invol brain.finalsurfs.mgz --lh --i ../surf/lh.orig --o ../surf/lh.white.preaparc --white --seg aseg.presurf.mgz --nsmooth 5
7.3.2
7.3.2

cd /out/sourcedata/freesurfer/sub-v1s11x0050157_ses-1/mri
setenv SUBJECTS_DIR /out/sourcedata/freesurfer
mris_place_surface --adgws-in ../surf/autodet.gw.stats.lh.dat --wm wm.mgz --threads 16 --invol brain.finalsurfs.mgz --lh --i ../surf/lh.orig --o ../surf/lh.white.preaparc --white --seg aseg.presurf.mgz --nsmooth 5 

Reading in input surface ../surf/lh.orig
Smoothing surface before ripping with 5 iterations
Area    264034  0.26617  0.06525 0.000018   0.5510
Corner  792102 60.00000  9.75942 0.193517 179.2066
Edge    396051  0.78756  0.11851 0.012069   1.2916
Hinge   396051  6.49990  6.91224 0.000031 170.5981
Not reading in aparc
Reading in input volume brain.finalsurfs.mgz
Reading in wm volume wm.mgz
MRIclipBrightWM(): nthresh=13405, wmmin=5, clip=110 
MRIfindBrightNonWM(): 4 bright non-wm voxels segmented.
Masking bright non-wm for white surface
MRImask(): AllowDiffGeom = 1
MRImask(): AllowDiffGeom = 1
Reading in seg volume aseg.presurf.mgz
Ripping frozen voxels
INFO: rip surface needed but not specified, so using input surface
Freezing midline and others
Entering: MRISripMidline(): inhibiting deformation at non-cortical midline structures...
  which=1, fix_mtl=0, using annot = 0
#FML0# MRISripMidline(): nripped=0
removing 2 vertices from ripped group in thread:0
removing 2 vertices from ripped group in thread:0
#FML# MRISripMidline(): nmarked=6869, nmarked2=54, nripped=6869
Ripping segs (eg, WMSA, BG, frozen)
Starting MRISripSegs() d = (-2 2 0.5) segnos: 247 
MRISripSegs(): -2 2 0.5 ripped 0
vertex 66010: xyz = (-33.3368,-3.62821,27.3179) oxyz = (-33.3368,-3.62821,27.3179) wxzy = (-33.3368,-3.62821,27.3179) pxyz = (0,0,0) 
CBVO Creating mask 132019
n_averages 4
Iteration 0 =========================================
n_averages=4, current_sigma=2
Freezing midline and others
Ripping frozen voxels
INFO: rip surface needed but not specified, so using input surface
Freezing midline and others
Entering: MRISripMidline(): inhibiting deformation at non-cortical midline structures...
  which=1, fix_mtl=0, using annot = 0
#FML0# MRISripMidline(): nripped=6869
removing 2 vertices from ripped group in thread:0
removing 2 vertices from ripped group in thread:0
#FML# MRISripMidline(): nmarked=6869, nmarked2=54, nripped=6869
Ripping segs (eg, WMSA, BG, frozen)
Starting MRISripSegs() d = (-2 2 0.5) segnos: 247 247 
MRISripSegs(): -2 2 0.5 ripped 0
Computing target border values 
Entering MRIScomputeBorderValues_new(): 
  inside_hi   = 120.0000000;
  border_hi   = 111.1493530;
  border_low  =  68.0000000;
  outside_low =  58.2882460;
  outside_hi  = 111.1493530;
  sigma = 2;
  max_thickness = 10;
  step_size=0.5;
  STEP_SIZE=0.1;
  which = 1
  thresh = 0
  flags = 0
  CBVfindFirstPeakD1=0
  CBVfindFirstPeakD2=0
  nvertices=132019
  Gdiag_no=-1
  vno start=0, stop=132019
Replacing 255s with 0s
#SI# sigma=2 had to be increased for 317 vertices, nripped=6869
mean border=80.4, 227 (227) missing vertices, mean dist 0.3 [0.5 (%38.8)->0.8 (%61.2))]
%74 local maxima, %20 large gradients and % 0 min vals, 0 gradients ignored
nFirstPeakD1 0
MRIScomputeBorderValues_new() finished in 0.0137 min


Finding expansion regions
mean absolute distance = 0.67 +- 0.86
4204 vertices more than 2 sigmas from mean.
Averaging target values for 5 iterations...
Positioning Surface: tspring = 0.3, nspring = 0.3, spring = 0, niters = 100 l_repulse = 5, l_surf_repulse = 0, checktol = 0
Positioning pial surface
Entering MRISpositionSurface()
  max_mm = 0.3
  MAX_REDUCTIONS = 2, REDUCTION_PCT = 0.5
  parms->check_tol = 0, niterations = 100
tol=1.0e-04, sigma=2.0, host=dna03, nav=4, nbrs=2, l_repulse=5.000, l_tspring=0.300, l_nspring=0.300, l_intensity=0.200, l_curv=1.000
mom=0.00, dt=0.50
complete_dist_mat 0
rms 0
smooth_averages 0
remove_neg 0
ico_order 0
which_surface 0
target_radius 0.000000
nfields 0
scale 0.000000
desired_rms_height 0.000000
momentum 0.000000
nbhd_size 0
max_nbrs 0
niterations 100
nsurfaces 0
SURFACES 3
flags 0 (0)
use curv 0
no sulc 0
no rigid align 0
mris->nsize 2
mris->hemisphere 0
randomSeed 0

000: dt: 0.0000, sse=2565417.2, rms=9.841
001: dt: 0.5000, sse=1413661.6, rms=7.139 (27.452%)
002: dt: 0.5000, sse=936458.3, rms=5.645 (20.927%)
003: dt: 0.5000, sse=705337.1, rms=4.745 (15.946%)
004: dt: 0.5000, sse=576954.5, rms=4.162 (12.293%)
005: dt: 0.5000, sse=509681.9, rms=3.808 (8.493%)
006: dt: 0.5000, sse=471337.8, rms=3.562 (6.461%)
007: dt: 0.5000, sse=457743.8, rms=3.446 (3.247%)
008: dt: 0.5000, sse=449189.3, rms=3.348 (2.853%)
rms = 3.3234/3.3482, sse=435381.5/449189.3, time step reduction 1 of 3 to 0.250  0 0 1
009: dt: 0.5000, sse=435381.5, rms=3.323 (0.739%)
010: dt: 0.2500, sse=265284.6, rms=2.037 (38.718%)
011: dt: 0.2500, sse=240899.5, rms=1.803 (11.495%)
012: dt: 0.2500, sse=236824.7, rms=1.744 (3.243%)
rms = 1.7091/1.7441, sse=232279.5/236824.7, time step reduction 2 of 3 to 0.125  0 0 1
013: dt: 0.2500, sse=232279.5, rms=1.709 (2.007%)
rms = 1.6746/1.7091, sse=227888.0/232279.5, time step reduction 3 of 3 to 0.062  0 0 1
014: dt: 0.1250, sse=227888.0, rms=1.675 (2.017%)
  maximum number of reductions reached, breaking from loop
positioning took 1.1 minutes
Iteration 1 =========================================
n_averages=2, current_sigma=1
Freezing midline and others
Ripping frozen voxels
INFO: rip surface needed but not specified, so using input surface
Freezing midline and others
Entering: MRISripMidline(): inhibiting deformation at non-cortical midline structures...
  which=1, fix_mtl=0, using annot = 0
#FML0# MRISripMidline(): nripped=6869
removing 2 vertices from ripped group in thread:0
removing 2 vertices from ripped group in thread:0
removing 4 vertices from ripped group in thread:0
removing 3 vertices from ripped group in thread:0
removing 3 vertices from ripped group in thread:0
removing 3 vertices from ripped group in thread:0
#FML# MRISripMidline(): nmarked=7150, nmarked2=85, nripped=7150
Ripping segs (eg, WMSA, BG, frozen)
Starting MRISripSegs() d = (-2 2 0.5) segnos: 247 247 247 
MRISripSegs(): -2 2 0.5 ripped 0
Computing target border values 
Entering MRIScomputeBorderValues_new(): 
  inside_hi   = 120.0000000;
  border_hi   = 111.1493530;
  border_low  =  68.0000000;
  outside_low =  58.2882460;
  outside_hi  = 111.1493530;
  sigma = 1;
  max_thickness = 10;
  step_size=0.5;
  STEP_SIZE=0.1;
  which = 1
  thresh = 0
  flags = 0
  CBVfindFirstPeakD1=0
  CBVfindFirstPeakD2=0
  nvertices=132019
  Gdiag_no=-1
  vno start=0, stop=132019
Replacing 255s with 0s
#SI# sigma=1 had to be increased for 185 vertices, nripped=7150
mean border=82.8, 163 (57) missing vertices, mean dist -0.1 [0.3 (%73.7)->0.3 (%26.3))]
%80 local maxima, %15 large gradients and % 0 min vals, 0 gradients ignored
nFirstPeakD1 0
MRIScomputeBorderValues_new() finished in 0.0092 min


Finding expansion regions
mean absolute distance = 0.30 +- 0.55
2654 vertices more than 2 sigmas from mean.
Averaging target values for 5 iterations...
Positioning Surface: tspring = 0.3, nspring = 0.3, spring = 0, niters = 100 l_repulse = 5, l_surf_repulse = 0, checktol = 0
Positioning pial surface
Entering MRISpositionSurface()
  max_mm = 0.3
  MAX_REDUCTIONS = 2, REDUCTION_PCT = 0.5
  parms->check_tol = 0, niterations = 100
tol=1.0e-04, sigma=1.0, host=dna03, nav=2, nbrs=2, l_repulse=5.000, l_tspring=0.300, l_nspring=0.300, l_intensity=0.200, l_curv=1.000
mom=0.00, dt=0.50
000: dt: 0.0000, sse=607809.4, rms=4.007
015: dt: 0.5000, sse=393237.8, rms=2.689 (32.890%)
rms = 2.7810/2.6894, sse=417126.4/393237.7, time step reduction 1 of 3 to 0.250  0 1 1
   RMS increased, rejecting step
016: dt: 0.2500, sse=316214.7, rms=2.050 (23.773%)
017: dt: 0.2500, sse=284498.5, rms=1.636 (20.220%)
018: dt: 0.2500, sse=266407.3, rms=1.472 (10.014%)
019: dt: 0.2500, sse=262159.1, rms=1.398 (4.995%)
020: dt: 0.2500, sse=259217.3, rms=1.344 (3.856%)
rms = 1.3080/1.3443, sse=255427.5/259217.3, time step reduction 2 of 3 to 0.125  0 0 1
021: dt: 0.2500, sse=255427.5, rms=1.308 (2.701%)
rms = 1.2799/1.3080, sse=253805.8/255427.5, time step reduction 3 of 3 to 0.062  0 0 1
022: dt: 0.1250, sse=253805.8, rms=1.280 (2.151%)
  maximum number of reductions reached, breaking from loop
positioning took 0.7 minutes
Iteration 2 =========================================
n_averages=1, current_sigma=0.5
Freezing midline and others
Ripping frozen voxels
INFO: rip surface needed but not specified, so using input surface
Freezing midline and others
Entering: MRISripMidline(): inhibiting deformation at non-cortical midline structures...
  which=1, fix_mtl=0, using annot = 0
#FML0# MRISripMidline(): nripped=7150
removing 1 vertices from ripped group in thread:0
removing 3 vertices from ripped group in thread:0
removing 2 vertices from ripped group in thread:0
removing 4 vertices from ripped group in thread:0
removing 2 vertices from ripped group in thread:0
removing 4 vertices from ripped group in thread:0
removing 4 vertices from ripped group in thread:0
removing 3 vertices from ripped group in thread:0
removing 2 vertices from ripped group in thread:0
removing 3 vertices from ripped group in thread:0
removing 4 vertices from ripped group in thread:0
#FML# MRISripMidline(): nmarked=7190, nmarked2=86, nripped=7190
Ripping segs (eg, WMSA, BG, frozen)
Starting MRISripSegs() d = (-2 2 0.5) segnos: 247 247 247 247 
MRISripSegs(): -2 2 0.5 ripped 0
Computing target border values 
Entering MRIScomputeBorderValues_new(): 
  inside_hi   = 120.0000000;
  border_hi   = 111.1493530;
  border_low  =  68.0000000;
  outside_low =  58.2882460;
  outside_hi  = 111.1493530;
  sigma = 0.5;
  max_thickness = 10;
  step_size=0.5;
  STEP_SIZE=0.1;
  which = 1
  thresh = 0
  flags = 0
  CBVfindFirstPeakD1=0
  CBVfindFirstPeakD2=0
  nvertices=132019
  Gdiag_no=-1
  vno start=0, stop=132019
Replacing 255s with 0s
#SI# sigma=0.5 had to be increased for 151 vertices, nripped=7190
mean border=84.1, 179 (42) missing vertices, mean dist -0.1 [0.2 (%66.6)->0.2 (%33.4))]
%83 local maxima, %11 large gradients and % 0 min vals, 0 gradients ignored
nFirstPeakD1 0
MRIScomputeBorderValues_new() finished in 0.0053 min


Finding expansion regions
mean absolute distance = 0.22 +- 0.42
2413 vertices more than 2 sigmas from mean.
Averaging target values for 5 iterations...
Positioning Surface: tspring = 0.3, nspring = 0.3, spring = 0, niters = 100 l_repulse = 5, l_surf_repulse = 0, checktol = 0
Positioning pial surface
Entering MRISpositionSurface()
  max_mm = 0.3
  MAX_REDUCTIONS = 2, REDUCTION_PCT = 0.5
  parms->check_tol = 0, niterations = 100
tol=1.0e-04, sigma=0.5, host=dna03, nav=1, nbrs=2, l_repulse=5.000, l_tspring=0.300, l_nspring=0.300, l_intensity=0.200, l_curv=1.000
mom=0.00, dt=0.50
000: dt: 0.0000, sse=340552.8, rms=2.253
023: dt: 0.5000, sse=329198.3, rms=2.144 (4.802%)
rms = 2.4364/2.1444, sse=361031.1/329198.3, time step reduction 1 of 3 to 0.250  0 1 1
   RMS increased, rejecting step
024: dt: 0.2500, sse=267944.0, rms=1.484 (30.815%)
025: dt: 0.2500, sse=254657.2, rms=1.217 (17.996%)
026: dt: 0.2500, sse=249065.9, rms=1.154 (5.155%)
rms = 1.1433/1.1539, sse=246470.2/249065.9, time step reduction 2 of 3 to 0.125  0 0 1
027: dt: 0.2500, sse=246470.2, rms=1.143 (0.915%)
rms = 1.1175/1.1433, sse=241949.0/246470.2, time step reduction 3 of 3 to 0.062  0 0 1
028: dt: 0.1250, sse=241949.0, rms=1.118 (2.259%)
  maximum number of reductions reached, breaking from loop
positioning took 0.5 minutes
Iteration 3 =========================================
n_averages=0, current_sigma=0.25
Freezing midline and others
Ripping frozen voxels
INFO: rip surface needed but not specified, so using input surface
Freezing midline and others
Entering: MRISripMidline(): inhibiting deformation at non-cortical midline structures...
  which=1, fix_mtl=0, using annot = 0
#FML0# MRISripMidline(): nripped=7190
removing 1 vertices from ripped group in thread:0
removing 2 vertices from ripped group in thread:0
removing 2 vertices from ripped group in thread:0
removing 3 vertices from ripped group in thread:0
removing 4 vertices from ripped group in thread:0
removing 2 vertices from ripped group in thread:0
removing 3 vertices from ripped group in thread:0
removing 4 vertices from ripped group in thread:0
#FML# MRISripMidline(): nmarked=7269, nmarked2=86, nripped=7269
Ripping segs (eg, WMSA, BG, frozen)
Starting MRISripSegs() d = (-2 2 0.5) segnos: 247 247 247 247 247 
MRISripSegs(): -2 2 0.5 ripped 0
Computing target border values 
Entering MRIScomputeBorderValues_new(): 
  inside_hi   = 120.0000000;
  border_hi   = 111.1493530;
  border_low  =  68.0000000;
  outside_low =  58.2882460;
  outside_hi  = 111.1493530;
  sigma = 0.25;
  max_thickness = 10;
  step_size=0.5;
  STEP_SIZE=0.1;
  which = 1
  thresh = 0
  flags = 0
  CBVfindFirstPeakD1=0
  CBVfindFirstPeakD2=0
  nvertices=132019
  Gdiag_no=-1
  vno start=0, stop=132019
Replacing 255s with 0s
#SI# sigma=0.25 had to be increased for 174 vertices, nripped=7269
mean border=84.7, 203 (34) missing vertices, mean dist -0.0 [0.2 (%54.2)->0.2 (%45.8))]
%85 local maxima, % 9 large gradients and % 0 min vals, 0 gradients ignored
nFirstPeakD1 0
MRIScomputeBorderValues_new() finished in 0.0034 min


Finding expansion regions
mean absolute distance = 0.21 +- 0.36
2821 vertices more than 2 sigmas from mean.
Averaging target values for 5 iterations...
Positioning Surface: tspring = 0.3, nspring = 0.3, spring = 0, niters = 100 l_repulse = 5, l_surf_repulse = 0, checktol = 0
Positioning pial surface
Entering MRISpositionSurface()
  max_mm = 0.3
  MAX_REDUCTIONS = 2, REDUCTION_PCT = 0.5
  parms->check_tol = 0, niterations = 100
tol=1.0e-04, sigma=0.2, host=dna03, nav=0, nbrs=2, l_repulse=5.000, l_tspring=0.300, l_nspring=0.300, l_intensity=0.200, l_curv=1.000
mom=0.00, dt=0.50
000: dt: 0.0000, sse=254024.6, rms=1.329
rms = 1.3832/1.3293, sse=265056.4/254024.6, time step reduction 1 of 3 to 0.250  0 1 1
   RMS increased, rejecting step
029: dt: 0.2500, sse=237412.2, rms=1.034 (22.235%)
rms = 0.8917/1.0338, sse=244501.8/237412.1, time step reduction 2 of 3 to 0.125  0 1 0
030: dt: 0.2500, sse=244501.8, rms=0.892 (13.740%)
rms = 0.8797/0.8917, sse=234720.7/244501.8, time step reduction 3 of 3 to 0.062  0 0 1
031: dt: 0.1250, sse=234720.7, rms=0.880 (1.349%)
  maximum number of reductions reached, breaking from loop
positioning took 0.3 minutes


Writing output to ../surf/lh.white.preaparc
#ET# mris_place_surface  2.69 minutes
#VMPC# mris_place_surfaces VmPeak  3111144
mris_place_surface done
#--------------------------------------------
#@# CortexLabel lh Thu Mar 12 12:26:16 CET 2026
cd /out/sourcedata/freesurfer/sub-v1s11x0050157_ses-1/mri
mri_label2label --label-cortex ../surf/lh.white.preaparc aseg.presurf.mgz 0 ../label/lh.cortex.label

 Generating cortex label... RemoveHipAmgy=0
 NucAccIsMedialWall=0
 mris->useRealRAS=0
10 non-cortical segments detected
only using segment with 8969 vertices
erasing segment 1 (vno[0] = 44172)
erasing segment 2 (vno[0] = 44202)
erasing segment 3 (vno[0] = 65943)
erasing segment 4 (vno[0] = 68990)
erasing segment 5 (vno[0] = 70261)
erasing segment 6 (vno[0] = 84213)
erasing segment 7 (vno[0] = 109030)
erasing segment 8 (vno[0] = 109335)
erasing segment 9 (vno[0] = 113437)
#--------------------------------------------
#@# CortexLabel+HipAmyg lh Thu Mar 12 12:26:29 CET 2026
cd /out/sourcedata/freesurfer/sub-v1s11x0050157_ses-1/mri
mri_label2label --label-cortex ../surf/lh.white.preaparc aseg.presurf.mgz 1 ../label/lh.cortex+hipamyg.label

 Generating cortex label... RemoveHipAmgy=1
 NucAccIsMedialWall=0
 mris->useRealRAS=0
11 non-cortical segments detected
only using segment with 6344 vertices
erasing segment 1 (vno[0] = 39893)
erasing segment 2 (vno[0] = 40727)
erasing segment 3 (vno[0] = 44172)
erasing segment 4 (vno[0] = 65943)
erasing segment 5 (vno[0] = 70261)
erasing segment 6 (vno[0] = 78628)
erasing segment 7 (vno[0] = 84213)
erasing segment 8 (vno[0] = 109030)
erasing segment 9 (vno[0] = 109335)
erasing segment 10 (vno[0] = 113437)
#--------------------------------------------
#@# Smooth2 lh Thu Mar 12 12:26:43 CET 2026
/out/sourcedata/freesurfer/sub-v1s11x0050157_ses-1/scripts

 mris_smooth -n 3 -nw -seed 1234 ../surf/lh.white.preaparc ../surf/lh.smoothwm 

smoothing for 3 iterations
setting seed for random number generator to 1234
smoothing surface tessellation for 3 iterations...
smoothing complete - recomputing first and second fundamental forms...
#--------------------------------------------
#@# Inflation2 lh Thu Mar 12 12:26:46 CET 2026
/out/sourcedata/freesurfer/sub-v1s11x0050157_ses-1/scripts

 mris_inflate ../surf/lh.smoothwm ../surf/lh.inflated 

Reading ../surf/lh.smoothwm
avg radius = 46.7 mm, total surface area = 84445 mm^2
step 000: RMS=0.177 (target=0.015)   step 005: RMS=0.119 (target=0.015)   step 010: RMS=0.090 (target=0.015)   step 015: RMS=0.075 (target=0.015)   step 020: RMS=0.063 (target=0.015)   step 025: RMS=0.051 (target=0.015)   step 030: RMS=0.042 (target=0.015)   step 035: RMS=0.036 (target=0.015)   step 040: RMS=0.030 (target=0.015)   step 045: RMS=0.027 (target=0.015)   step 050: RMS=0.023 (target=0.015)   step 055: RMS=0.021 (target=0.015)   step 060: RMS=0.020 (target=0.015)   writing inflated surface to ../surf/lh.inflated
writing sulcal depths to ../surf/lh.sulc

inflation complete.
inflation took 0.2 minutes
mris_inflate utimesec    53.012494
mris_inflate stimesec    1.297470
mris_inflate ru_maxrss   207088
mris_inflate ru_ixrss    0
mris_inflate ru_idrss    0
mris_inflate ru_isrss    0
mris_inflate ru_minflt   449975
mris_inflate ru_majflt   17
mris_inflate ru_nswap    0
mris_inflate ru_inblock  130
mris_inflate ru_oublock  10320
mris_inflate ru_msgsnd   0
mris_inflate ru_msgrcv   0
mris_inflate ru_nsignals 0
mris_inflate ru_nvcsw    4672
mris_inflate ru_nivcsw   228
#--------------------------------------------
#@# Curv .H and .K lh Thu Mar 12 12:26:58 CET 2026
/out/sourcedata/freesurfer/sub-v1s11x0050157_ses-1/surf

 mris_curvature -w -seed 1234 lh.white.preaparc 

setting seed for random number generator to 1234
total integrated curvature = 35.268*4pi (443.195) --> -34 handles
ICI = 155.0, FI = 1571.5, variation=24333.226
writing Gaussian curvature to ./lh.white.preaparc.K...done.
writing mean curvature to ./lh.white.preaparc.H...done.
rm -f lh.white.H
ln -s lh.white.preaparc.H lh.white.H
rm -f lh.white.K
ln -s lh.white.preaparc.K lh.white.K

 mris_curvature -seed 1234 -thresh .999 -n -a 5 -w -distances 10 10 lh.inflated 

setting seed for random number generator to 1234
normalizing curvature values.
averaging curvature patterns 5 times.
sampling 10 neighbors out to a distance of 10 mm
129 vertices thresholded to be in k1 ~ [-0.34 0.26], k2 ~ [-0.23 0.06]
total integrated curvature = 0.542*4pi (6.807) --> 0 handles
ICI = 1.5, FI = 10.1, variation=171.063
109 vertices thresholded to be in [-0.01 0.04]
writing Gaussian curvature to ./lh.inflated.K...thresholding curvature at 99.90% level
curvature mean = 0.000, std = 0.001
127 vertices thresholded to be in [-0.21 0.13]
done.
writing mean curvature to ./lh.inflated.H...curvature mean = -0.017, std = 0.023
done.
#--------------------------------------------
#@# Sphere lh Thu Mar 12 12:27:41 CET 2026
/out/sourcedata/freesurfer/sub-v1s11x0050157_ses-1/scripts

 mris_sphere -seed 1234 ../surf/lh.inflated ../surf/lh.sphere 

setting seed for random number genererator to 1234
version: 7.3.2
available threads: 16
reading original vertex positions...
projecting onto sphere...
surface projected - minimizing metric distortion...
scaling brain by 0.275...
MRISunfold() max_passes = 1 -------
tol=5.0e-01, sigma=0.0, host=dna03, nav=1024, nbrs=2, l_area=1.000, l_dist=1.000
using quadratic fit line minimization
complete_dist_mat 0
rms 0
smooth_averages 0
remove_neg 0
ico_order 0
which_surface 0
target_radius 0.000000
nfields 0
scale 1.000000
desired_rms_height -1.000000
momentum 0.900000
nbhd_size 7
max_nbrs 8
niterations 25
nsurfaces 0
SURFACES 3
flags 0 (0)
use curv 0
no sulc 0
no rigid align 0
mris->nsize 2
mris->hemisphere 0
randomSeed 1234

--------------------
  mrisRemoveNegativeArea()
pass 1: epoch 1 of 3 starting distance error %19.77
pass 1: epoch 2 of 3 starting distance error %19.74
unfolding complete - removing small folds...
starting distance error %19.57
removing remaining folds...
final distance error %19.61
MRISunfold() return, current seed 1234
-01: dt=0.0000,  62 negative triangles  VmPeak 1601192
267: dt=0.9900,  62 negative triangles
268: dt=0.9900,  46 negative triangles
269: dt=0.9900,  19 negative triangles
270: dt=0.9900,  17 negative triangles
271: dt=0.9900,  14 negative triangles
272: dt=0.9900,  12 negative triangles
273: dt=0.9900,  12 negative triangles
274: dt=0.9900,  13 negative triangles
275: dt=0.9900,  12 negative triangles
276: dt=0.9900,  12 negative triangles
277: dt=0.9900,  12 negative triangles
278: dt=0.9900,  12 negative triangles
279: dt=0.9900,  13 negative triangles
280: dt=0.9900,  12 negative triangles
281: dt=0.9900,  12 negative triangles
282: dt=0.9405,  13 negative triangles
283: dt=0.9405,  13 negative triangles
284: dt=0.9405,  13 negative triangles
285: dt=0.9405,  13 negative triangles
286: dt=0.9405,  11 negative triangles
287: dt=0.9405,  11 negative triangles
288: dt=0.9405,  11 negative triangles
289: dt=0.9405,  12 negative triangles
290: dt=0.9405,  11 negative triangles
291: dt=0.9405,  12 negative triangles
292: dt=0.9405,  12 negative triangles
293: dt=0.9405,  11 negative triangles
294: dt=0.9405,  11 negative triangles
295: dt=0.9405,  11 negative triangles
296: dt=0.9405,  10 negative triangles
297: dt=0.9405,  11 negative triangles
298: dt=0.9405,  11 negative triangles
299: dt=0.9405,  11 negative triangles
300: dt=0.9405,  11 negative triangles
301: dt=0.9405,  10 negative triangles
302: dt=0.9405,  10 negative triangles
303: dt=0.9405,  11 negative triangles
304: dt=0.9405,  10 negative triangles
305: dt=0.9405,  11 negative triangles
306: dt=0.8935,  11 negative triangles
307: dt=0.8935,  10 negative triangles
308: dt=0.8935,  10 negative triangles
309: dt=0.8935,  10 negative triangles
310: dt=0.8935,  10 negative triangles
311: dt=0.8935,  11 negative triangles
312: dt=0.8935,  10 negative triangles
313: dt=0.8935,  10 negative triangles
314: dt=0.8935,  10 negative triangles
315: dt=0.8935,  10 negative triangles
316: dt=0.8488,  10 negative triangles
317: dt=0.8488,  10 negative triangles
318: dt=0.8488,  10 negative triangles
319: dt=0.8488,  10 negative triangles
320: dt=0.8488,  10 negative triangles
321: dt=0.8488,  10 negative triangles
322: dt=0.8488,  10 negative triangles
323: dt=0.8488,  10 negative triangles
324: dt=0.8488,  10 negative triangles
325: dt=0.8488,  10 negative triangles
326: dt=0.8064,  10 negative triangles
327: dt=0.8064,   9 negative triangles
328: dt=0.8064,   9 negative triangles
329: dt=0.8064,   9 negative triangles
330: dt=0.8064,   9 negative triangles
331: dt=0.8064,   9 negative triangles
332: dt=0.8064,   9 negative triangles
333: dt=0.8064,   9 negative triangles
334: dt=0.8064,   9 negative triangles
335: dt=0.8064,   9 negative triangles
336: dt=0.8064,   9 negative triangles
337: dt=0.7660,   9 negative triangles
338: dt=0.7660,   9 negative triangles
339: dt=0.7660,   9 negative triangles
340: dt=0.7660,   9 negative triangles
341: dt=0.7660,   9 negative triangles
342: dt=0.7660,   9 negative triangles
343: dt=0.7660,   9 negative triangles
344: dt=0.7660,   8 negative triangles
345: dt=0.7660,   8 negative triangles
346: dt=0.7660,   8 negative triangles
347: dt=0.7660,   8 negative triangles
348: dt=0.7660,   8 negative triangles
349: dt=0.7660,   7 negative triangles
350: dt=0.7660,   9 negative triangles
351: dt=0.7660,   8 negative triangles
352: dt=0.7660,   8 negative triangles
353: dt=0.7660,   6 negative triangles
354: dt=0.7660,   8 negative triangles
355: dt=0.7660,   6 negative triangles
356: dt=0.7660,   7 negative triangles
357: dt=0.7660,   6 negative triangles
358: dt=0.7660,   5 negative triangles
359: dt=0.7660,   7 negative triangles
360: dt=0.7660,   5 negative triangles
361: dt=0.7660,   7 negative triangles
362: dt=0.7660,   5 negative triangles
363: dt=0.7660,   6 negative triangles
364: dt=0.7660,   4 negative triangles
365: dt=0.7660,   5 negative triangles
366: dt=0.7660,   3 negative triangles
367: dt=0.7660,   6 negative triangles
368: dt=0.7660,   4 negative triangles
369: dt=0.7660,   4 negative triangles
370: dt=0.7660,   5 negative triangles
371: dt=0.7660,   3 negative triangles
372: dt=0.7660,   5 negative triangles
373: dt=0.7660,   3 negative triangles
374: dt=0.7660,   5 negative triangles
375: dt=0.7660,   3 negative triangles
376: dt=0.7277,   5 negative triangles
377: dt=0.7277,   3 negative triangles
378: dt=0.7277,   5 negative triangles
379: dt=0.7277,   3 negative triangles
380: dt=0.7277,   5 negative triangles
381: dt=0.7277,   3 negative triangles
382: dt=0.7277,   4 negative triangles
383: dt=0.7277,   3 negative triangles
384: dt=0.7277,   5 negative triangles
385: dt=0.7277,   3 negative triangles
386: dt=0.6914,   4 negative triangles
387: dt=0.6914,   3 negative triangles
388: dt=0.6914,   4 negative triangles
389: dt=0.6914,   3 negative triangles
390: dt=0.6914,   4 negative triangles
391: dt=0.6914,   3 negative triangles
392: dt=0.6914,   4 negative triangles
393: dt=0.6914,   3 negative triangles
394: dt=0.6914,   4 negative triangles
395: dt=0.6914,   2 negative triangles
396: dt=0.6914,   2 negative triangles
397: dt=0.6914,   1 negative triangles
398: dt=0.6914,   1 negative triangles
399: dt=0.6914,   2 negative triangles
400: dt=0.6914,   1 negative triangles
401: dt=0.6914,   1 negative triangles
402: dt=0.6914,   2 negative triangles
403: dt=0.6914,   1 negative triangles
404: dt=0.6914,   1 negative triangles
405: dt=0.6914,   1 negative triangles
406: dt=0.6914,   1 negative triangles
407: dt=0.6568,   1 negative triangles
408: dt=0.6568,   1 negative triangles
409: dt=0.6568,   1 negative triangles
410: dt=0.6568,   1 negative triangles
411: dt=0.6568,   1 negative triangles
412: dt=0.6568,   1 negative triangles
413: dt=0.6568,   1 negative triangles
414: dt=0.6568,   1 negative triangles
415: dt=0.6568,   1 negative triangles
416: dt=0.6568,   1 negative triangles
417: dt=0.6239,   1 negative triangles
418: dt=0.6239,   1 negative triangles
419: dt=0.6239,   1 negative triangles
420: dt=0.6239,   1 negative triangles
421: dt=0.6239,   1 negative triangles
422: dt=0.6239,   1 negative triangles
423: dt=0.6239,   1 negative triangles
424: dt=0.6239,   1 negative triangles
425: dt=0.6239,   1 negative triangles
426: dt=0.6239,   1 negative triangles
427: dt=0.5927,   1 negative triangles
428: dt=0.5927,   1 negative triangles
429: dt=0.5927,   1 negative triangles
expanding nbhd size to 1
430: dt=0.9900,   1 negative triangles
writing spherical brain to ../surf/lh.sphere
spherical transformation took 0.0711 hours
FSRUNTIME@ mris_sphere  0.0711 hours 16 threads
#VMPC# mris_sphere VmPeak  1601192
mris_sphere done
#--------------------------------------------
#@# Surf Reg lh Thu Mar 12 12:31:58 CET 2026
/out/sourcedata/freesurfer/sub-v1s11x0050157_ses-1/scripts

 mris_register -curv ../surf/lh.sphere /opt/freesurfer/average/lh.folding.atlas.acfb40.noaparc.i12.2016-08-02.tif ../surf/lh.sphere.reg 

using smoothwm curvature for final alignment

cwd /out/sourcedata/freesurfer/sub-v1s11x0050157_ses-1/scripts
cmdline mris_register -curv ../surf/lh.sphere /opt/freesurfer/average/lh.folding.atlas.acfb40.noaparc.i12.2016-08-02.tif ../surf/lh.sphere.reg 

0 inflated.H
1 sulc
2 smoothwm (computed)
7.3.2
  7.3.2
reading surface from ../surf/lh.sphere...
reading template parameterization from /opt/freesurfer/average/lh.folding.atlas.acfb40.noaparc.i12.2016-08-02.tif...
MRISregister() -------
max_passes = 4 
min_degrees = 0.500000 
max_degrees = 64.000000 
nangles = 8 
tol=5.0e-01, sigma=0.0, host=dna03, nav=1024, nbrs=1, l_extern=10000.000, l_parea=0.200, l_nlarea=1.000, l_corr=1.000, l_dist=5.000
using quadratic fit line minimization
complete_dist_mat 0
rms 0
smooth_averages 0
remove_neg 0
ico_order 0
which_surface 0
target_radius 0.000000
nfields 0
scale 0.000000
desired_rms_height -1.000000
momentum 0.950000
nbhd_size -10
max_nbrs 10
niterations 25
nsurfaces 0
SURFACES 3
flags 16 (10)
use curv 16
no sulc 0
no rigid align 0
mris->nsize 1
mris->hemisphere 0
randomSeed 0

tol=5.0e-01, sigma=0.0, host=dna03, nav=1024, nbrs=1, l_extern=10000.000, l_parea=0.200, l_nlarea=1.000, l_corr=1.000, l_dist=5.000
using quadratic fit line minimization
--------------------
1 Reading lh.sulc
tol=1.0e+00, sigma=0.5, host=dna03, nav=1024, nbrs=1, l_extern=10000.000, l_parea=0.200, l_nlarea=1.000, l_corr=0.050, l_spring=0.500, l_dist=5.000
using quadratic fit line minimization
curvature mean = -0.000, std = 5.605
curvature mean = 0.036, std = 0.817
curvature mean = 0.004, std = 0.870
Starting MRISrigidBodyAlignGlobal()
Starting new MRISrigidBodyAlignGlobal_findMinSSE()
  new MRISrigidBodyAlignGlobal_findMinSSE min @ (5.00, 0.50, 6.00) sse = 210966.8, elapsed since starting=0.1080 min
MRISrigidBodyAlignGlobal() done   0.11 min
curvature mean = 0.019, std = 0.829
curvature mean = 0.002, std = 0.951
curvature mean = 0.017, std = 0.839
curvature mean = 0.001, std = 0.980
curvature mean = 0.016, std = 0.841
curvature mean = 0.000, std = 0.992
2 Reading smoothwm
curvature mean = -0.021, std = 0.279
curvature mean = 0.046, std = 0.251
curvature mean = 0.051, std = 0.360
curvature mean = 0.038, std = 0.311
curvature mean = 0.038, std = 0.543
curvature mean = 0.038, std = 0.338
curvature mean = 0.021, std = 0.684
curvature mean = 0.037, std = 0.351
curvature mean = 0.007, std = 0.795
MRISregister() return, current seed 0
-01: dt=0.0000,  14 negative triangles  VmPeak 1594344
109: dt=0.9900,  14 negative triangles
110: dt=0.9900,  13 negative triangles
111: dt=0.9900,  12 negative triangles
112: dt=0.9900,  11 negative triangles
113: dt=0.9900,  11 negative triangles
114: dt=0.9900,  11 negative triangles
115: dt=0.9900,  11 negative triangles
116: dt=0.9900,  11 negative triangles
117: dt=0.9900,  12 negative triangles
118: dt=0.9900,  12 negative triangles
119: dt=0.9900,  13 negative triangles
120: dt=0.9900,  13 negative triangles
121: dt=0.9900,  12 negative triangles
122: dt=0.9405,  12 negative triangles
123: dt=0.9405,  12 negative triangles
124: dt=0.9405,  12 negative triangles
125: dt=0.9405,  12 negative triangles
126: dt=0.9405,  12 negative triangles
127: dt=0.9405,  12 negative triangles
128: dt=0.9405,  12 negative triangles
129: dt=0.9405,  12 negative triangles
130: dt=0.9405,  12 negative triangles
131: dt=0.9405,  12 negative triangles
132: dt=0.8935,  12 negative triangles
133: dt=0.8935,  12 negative triangles
134: dt=0.8935,  12 negative triangles
135: dt=0.8935,  12 negative triangles
136: dt=0.8935,  11 negative triangles
137: dt=0.8935,  11 negative triangles
138: dt=0.8935,  10 negative triangles
139: dt=0.8935,  10 negative triangles
140: dt=0.8935,  10 negative triangles
141: dt=0.8935,  10 negative triangles
142: dt=0.8935,   9 negative triangles
143: dt=0.8935,   9 negative triangles
144: dt=0.8935,   9 negative triangles
145: dt=0.8935,   9 negative triangles
146: dt=0.8935,   9 negative triangles
147: dt=0.8935,   9 negative triangles
148: dt=0.8935,   9 negative triangles
149: dt=0.8935,   9 negative triangles
150: dt=0.8935,   9 negative triangles
151: dt=0.8935,   9 negative triangles
152: dt=0.8488,   9 negative triangles
153: dt=0.8488,   9 negative triangles
154: dt=0.8488,   9 negative triangles
155: dt=0.8488,   9 negative triangles
156: dt=0.8488,   9 negative triangles
157: dt=0.8488,   9 negative triangles
158: dt=0.8488,   9 negative triangles
159: dt=0.8488,   9 negative triangles
160: dt=0.8488,   9 negative triangles
161: dt=0.8488,   9 negative triangles
162: dt=0.8488,   8 negative triangles
163: dt=0.8488,   8 negative triangles
164: dt=0.8488,   8 negative triangles
165: dt=0.8488,   8 negative triangles
166: dt=0.8488,   8 negative triangles
167: dt=0.8488,   8 negative triangles
168: dt=0.8488,   8 negative triangles
169: dt=0.8488,   8 negative triangles
170: dt=0.8488,   8 negative triangles
171: dt=0.8488,   8 negative triangles
172: dt=0.8064,   8 negative triangles
173: dt=0.8064,   8 negative triangles
174: dt=0.8064,   8 negative triangles
175: dt=0.8064,   8 negative triangles
176: dt=0.8064,   8 negative triangles
177: dt=0.8064,   8 negative triangles
178: dt=0.8064,   7 negative triangles
179: dt=0.8064,   7 negative triangles
180: dt=0.8064,   6 negative triangles
181: dt=0.8064,   6 negative triangles
182: dt=0.8064,   6 negative triangles
183: dt=0.8064,   6 negative triangles
184: dt=0.8064,   6 negative triangles
185: dt=0.8064,   6 negative triangles
186: dt=0.8064,   6 negative triangles
187: dt=0.8064,   6 negative triangles
188: dt=0.8064,   6 negative triangles
189: dt=0.8064,   5 negative triangles
190: dt=0.8064,   5 negative triangles
191: dt=0.8064,   5 negative triangles
192: dt=0.8064,   5 negative triangles
193: dt=0.8064,   5 negative triangles
194: dt=0.8064,   5 negative triangles
195: dt=0.8064,   5 negative triangles
196: dt=0.8064,   5 negative triangles
197: dt=0.8064,   5 negative triangles
198: dt=0.8064,   5 negative triangles
199: dt=0.7660,   5 negative triangles
200: dt=0.7660,   5 negative triangles
201: dt=0.7660,   5 negative triangles
202: dt=0.7660,   5 negative triangles
203: dt=0.7660,   5 negative triangles
204: dt=0.7660,   3 negative triangles
205: dt=0.7660,   3 negative triangles
206: dt=0.7660,   3 negative triangles
207: dt=0.7660,   2 negative triangles
208: dt=0.7660,   1 negative triangles
209: dt=0.7660,   2 negative triangles
210: dt=0.7660,   1 negative triangles
211: dt=0.7660,   1 negative triangles
writing registered surface to ../surf/lh.sphere.reg...
registration took 0.06 hours
#VMPC# mris_register VmPeak  1594344
FSRUNTIME@ mris_register  0.0579 hours 16 threads

 ln -sf lh.sphere.reg lh.fsaverage.sphere.reg 

#--------------------------------------------
#@# Jacobian white lh Thu Mar 12 12:35:26 CET 2026
/out/sourcedata/freesurfer/sub-v1s11x0050157_ses-1/scripts

 mris_jacobian ../surf/lh.white.preaparc ../surf/lh.sphere.reg ../surf/lh.jacobian_white 

reading surface from ../surf/lh.white.preaparc...
writing curvature file ../surf/lh.jacobian_white
#--------------------------------------------
#@# AvgCurv lh Thu Mar 12 12:35:27 CET 2026
/out/sourcedata/freesurfer/sub-v1s11x0050157_ses-1/scripts

 mrisp_paint -a 5 /opt/freesurfer/average/lh.folding.atlas.acfb40.noaparc.i12.2016-08-02.tif#6 ../surf/lh.sphere.reg ../surf/lh.avg_curv 

averaging curvature patterns 5 times...
reading surface from ../surf/lh.sphere.reg...
reading template parameterization from /opt/freesurfer/average/lh.folding.atlas.acfb40.noaparc.i12.2016-08-02.tif...
writing curvature file to ../surf/lh.avg_curv...
#-----------------------------------------
#@# Cortical Parc lh Thu Mar 12 12:35:28 CET 2026
/out/sourcedata/freesurfer/sub-v1s11x0050157_ses-1/scripts

 mris_ca_label -l ../label/lh.cortex.label -aseg ../mri/aseg.presurf.mgz -seed 1234 sub-v1s11x0050157_ses-1 lh ../surf/lh.sphere.reg /opt/freesurfer/average/lh.DKaparc.atlas.acfb40.noaparc.i12.2016-08-02.gcs ../label/lh.aparc.annot 

setting seed for random number generator to 1234
using ../mri/aseg.presurf.mgz aseg volume to correct midline
7.3.2
  7.3.2
reading atlas from /opt/freesurfer/average/lh.DKaparc.atlas.acfb40.noaparc.i12.2016-08-02.gcs...
reading color table from GCSA file....
average std = 0.8   using min determinant for regularization = 0.006
0 singular and 342 ill-conditioned covariance matrices regularized
input 0: MEAN CURVATURE, flags 0, avgs 5, name mean_curvature
labeling surface...
1475 labels changed using aseg
relabeling using gibbs priors...
000:   3054 changed, 132019 examined...
001:    723 changed, 12965 examined...
002:    187 changed, 4044 examined...
003:     64 changed, 1134 examined...
004:     27 changed, 397 examined...
005:     12 changed, 153 examined...
006:      8 changed, 69 examined...
007:      3 changed, 42 examined...
008:      2 changed, 21 examined...
009:      2 changed, 12 examined...
010:      2 changed, 12 examined...
011:      0 changed, 10 examined...
328 labels changed using aseg
000: 123 total segments, 82 labels (262 vertices) changed
001: 41 total segments, 3 labels (16 vertices) changed
002: 38 total segments, 0 labels (0 vertices) changed
10 filter iterations complete (10 requested, 1 changed)
rationalizing unknown annotations with cortex label
relabeling unknown label...
relabeling corpuscallosum label...
1947 vertices marked for relabeling...
1947 labels changed in reclassification.
writing output to ../label/lh.aparc.annot...
classification took 0 minutes and 9 seconds.
#--------------------------------------------
#@# WhiteSurfs lh Thu Mar 12 12:35:37 CET 2026
cd /out/sourcedata/freesurfer/sub-v1s11x0050157_ses-1/mri
mris_place_surface --adgws-in ../surf/autodet.gw.stats.lh.dat --seg aseg.presurf.mgz --threads 16 --wm wm.mgz --invol brain.finalsurfs.mgz --lh --i ../surf/lh.white.preaparc --o ../surf/lh.white --white --nsmooth 0 --rip-label ../label/lh.cortex.label --rip-bg --rip-surf ../surf/lh.white.preaparc --aparc ../label/lh.aparc.annot
7.3.2
7.3.2

cd /out/sourcedata/freesurfer/sub-v1s11x0050157_ses-1/mri
setenv SUBJECTS_DIR /out/sourcedata/freesurfer
mris_place_surface --adgws-in ../surf/autodet.gw.stats.lh.dat --seg aseg.presurf.mgz --threads 16 --wm wm.mgz --invol brain.finalsurfs.mgz --lh --i ../surf/lh.white.preaparc --o ../surf/lh.white --white --nsmooth 0 --rip-label ../label/lh.cortex.label --rip-bg --rip-surf ../surf/lh.white.preaparc --aparc ../label/lh.aparc.annot 

Reading in input surface ../surf/lh.white.preaparc
Not smoothing input surface
Area    264034  0.35403  0.13912 0.000018   2.6776
Corner  792102 60.00000 14.79106 0.193517 179.2066
Edge    396051  0.91698  0.22598 0.012069   3.9734
Hinge   396051  9.81214 11.95914 0.000004 179.8808
Reading in aparc ../label/lh.aparc.annot
Reading in input volume brain.finalsurfs.mgz
Reading in wm volume wm.mgz
MRIclipBrightWM(): nthresh=13405, wmmin=5, clip=110 
MRIfindBrightNonWM(): 4 bright non-wm voxels segmented.
Masking bright non-wm for white surface
MRImask(): AllowDiffGeom = 1
MRImask(): AllowDiffGeom = 1
Reading in seg volume aseg.presurf.mgz
Ripping frozen voxels
Ripping vertices not in label ../label/lh.cortex.label
MRISripNotLabel() ripped 9299/132019 vertices (122720 unripped)
Reading in ripping surface ../surf/lh.white.preaparc
Reading in aparc ../label/lh.aparc.annot for ripsurf
Ripping BG
MRISripBasalGanglia(): 1 -2 2 0.5 ripped 559
Ripping segs (eg, WMSA, BG, frozen)
Starting MRISripSegs() d = (-2 2 0.5) segnos: 247 
MRISripSegs(): -2 2 0.5 ripped 0
vertex 66010: xyz = (-33.3626,-3.37038,27.5693) oxyz = (-33.3626,-3.37038,27.5693) wxzy = (-33.3626,-3.37038,27.5693) pxyz = (0,0,0) 
CBVO Creating mask 132019
n_averages 4
Iteration 0 =========================================
n_averages=4, current_sigma=2
Computing target border values 
Entering MRIScomputeBorderValues_new(): 
  inside_hi   = 120.0000000;
  border_hi   = 111.1493530;
  border_low  =  68.0000000;
  outside_low =  58.2882460;
  outside_hi  = 111.1493530;
  sigma = 2;
  max_thickness = 10;
  step_size=0.5;
  STEP_SIZE=0.1;
  which = 1
  thresh = 0
  flags = 0
  CBVfindFirstPeakD1=0
  CBVfindFirstPeakD2=0
  nvertices=132019
  Gdiag_no=-1
  vno start=0, stop=132019
Replacing 255s with 0s
#SI# sigma=2 had to be increased for 200 vertices, nripped=9858
mean border=79.7, 116 (116) missing vertices, mean dist 0.3 [0.7 (%15.4)->0.4 (%84.6))]
%67 local maxima, %26 large gradients and % 0 min vals, 0 gradients ignored
nFirstPeakD1 0
MRIScomputeBorderValues_new() finished in 0.0125 min


Finding expansion regions
mean absolute distance = 0.48 +- 0.80
2564 vertices more than 2 sigmas from mean.
Averaging target values for 5 iterations...
Positioning Surface: tspring = 0.3, nspring = 0.3, spring = 0, niters = 100 l_repulse = 5, l_surf_repulse = 0, checktol = 0
Positioning pial surface
Entering MRISpositionSurface()
  max_mm = 0.3
  MAX_REDUCTIONS = 2, REDUCTION_PCT = 0.5
  parms->check_tol = 0, niterations = 100
tol=1.0e-04, sigma=2.0, host=dna03, nav=4, nbrs=2, l_repulse=5.000, l_tspring=0.300, l_nspring=0.300, l_intensity=0.200, l_curv=1.000
mom=0.00, dt=0.50
complete_dist_mat 0
rms 0
smooth_averages 0
remove_neg 0
ico_order 0
which_surface 0
target_radius 0.000000
nfields 0
scale 0.000000
desired_rms_height 0.000000
momentum 0.000000
nbhd_size 0
max_nbrs 0
niterations 100
nsurfaces 0
SURFACES 3
flags 0 (0)
use curv 0
no sulc 0
no rigid align 0
mris->nsize 2
mris->hemisphere 0
randomSeed 0

000: dt: 0.0000, sse=1200230.1, rms=6.406
001: dt: 0.5000, sse=545330.5, rms=3.775 (41.070%)
002: dt: 0.5000, sse=415627.1, rms=2.978 (21.110%)
003: dt: 0.5000, sse=406338.9, rms=2.918 (2.009%)
004: dt: 0.5000, sse=393642.0, rms=2.800 (4.048%)
rms = 2.8974/2.8000, sse=406571.2/393642.0, time step reduction 1 of 3 to 0.250  0 1 1
   RMS increased, rejecting step
005: dt: 0.2500, sse=293448.3, rms=1.929 (31.108%)
006: dt: 0.2500, sse=258918.3, rms=1.526 (20.888%)
007: dt: 0.2500, sse=252013.3, rms=1.421 (6.869%)
rms = 1.3975/1.4212, sse=250956.0/252013.3, time step reduction 2 of 3 to 0.125  0 0 1
008: dt: 0.2500, sse=250956.0, rms=1.397 (1.673%)
rms = 1.3694/1.3975, sse=249181.8/250956.0, time step reduction 3 of 3 to 0.062  0 0 1
009: dt: 0.1250, sse=249181.8, rms=1.369 (2.010%)
  maximum number of reductions reached, breaking from loop
positioning took 0.8 minutes
Iteration 1 =========================================
n_averages=2, current_sigma=1
Computing target border values 
Entering MRIScomputeBorderValues_new(): 
  inside_hi   = 120.0000000;
  border_hi   = 111.1493530;
  border_low  =  68.0000000;
  outside_low =  58.2882460;
  outside_hi  = 111.1493530;
  sigma = 1;
  max_thickness = 10;
  step_size=0.5;
  STEP_SIZE=0.1;
  which = 1
  thresh = 0
  flags = 0
  CBVfindFirstPeakD1=0
  CBVfindFirstPeakD2=0
  nvertices=132019
  Gdiag_no=-1
  vno start=0, stop=132019
Replacing 255s with 0s
#SI# sigma=1 had to be increased for 154 vertices, nripped=9858
mean border=82.4, 99 (41) missing vertices, mean dist -0.2 [0.3 (%75.5)->0.3 (%24.5))]
%77 local maxima, %15 large gradients and % 0 min vals, 0 gradients ignored
nFirstPeakD1 0
MRIScomputeBorderValues_new() finished in 0.0092 min


Finding expansion regions
mean absolute distance = 0.31 +- 0.58
2082 vertices more than 2 sigmas from mean.
Averaging target values for 5 iterations...
Positioning Surface: tspring = 0.3, nspring = 0.3, spring = 0, niters = 100 l_repulse = 5, l_surf_repulse = 0, checktol = 0
Positioning pial surface
Entering MRISpositionSurface()
  max_mm = 0.3
  MAX_REDUCTIONS = 2, REDUCTION_PCT = 0.5
  parms->check_tol = 0, niterations = 100
tol=1.0e-04, sigma=1.0, host=dna03, nav=2, nbrs=2, l_repulse=5.000, l_tspring=0.300, l_nspring=0.300, l_intensity=0.200, l_curv=1.000
mom=0.00, dt=0.50
000: dt: 0.0000, sse=586252.2, rms=3.910
010: dt: 0.5000, sse=368956.0, rms=2.508 (35.850%)
rms = 2.6010/2.5082, sse=377675.1/368956.0, time step reduction 1 of 3 to 0.250  0 1 1
   RMS increased, rejecting step
011: dt: 0.2500, sse=299241.0, rms=1.878 (25.127%)
012: dt: 0.2500, sse=270997.2, rms=1.457 (22.393%)
013: dt: 0.2500, sse=260702.9, rms=1.308 (10.240%)
rms = 1.2583/1.3082, sse=261388.3/260702.9, time step reduction 2 of 3 to 0.125  0 1 1
014: dt: 0.2500, sse=261388.3, rms=1.258 (3.812%)
rms = 1.2259/1.2583, sse=259180.0/261388.3, time step reduction 3 of 3 to 0.062  0 0 1
015: dt: 0.1250, sse=259180.0, rms=1.226 (2.576%)
  maximum number of reductions reached, breaking from loop
positioning took 0.5 minutes
Iteration 2 =========================================
n_averages=1, current_sigma=0.5
Computing target border values 
Entering MRIScomputeBorderValues_new(): 
  inside_hi   = 120.0000000;
  border_hi   = 111.1493530;
  border_low  =  68.0000000;
  outside_low =  58.2882460;
  outside_hi  = 111.1493530;
  sigma = 0.5;
  max_thickness = 10;
  step_size=0.5;
  STEP_SIZE=0.1;
  which = 1
  thresh = 0
  flags = 0
  CBVfindFirstPeakD1=0
  CBVfindFirstPeakD2=0
  nvertices=132019
  Gdiag_no=-1
  vno start=0, stop=132019
Replacing 255s with 0s
#SI# sigma=0.5 had to be increased for 154 vertices, nripped=9858
mean border=83.9, 115 (26) missing vertices, mean dist -0.1 [0.2 (%67.3)->0.2 (%32.7))]
%81 local maxima, %11 large gradients and % 0 min vals, 0 gradients ignored
nFirstPeakD1 0
MRIScomputeBorderValues_new() finished in 0.0055 min


Finding expansion regions
mean absolute distance = 0.23 +- 0.43
2271 vertices more than 2 sigmas from mean.
Averaging target values for 5 iterations...
Positioning Surface: tspring = 0.3, nspring = 0.3, spring = 0, niters = 100 l_repulse = 5, l_surf_repulse = 0, checktol = 0
Positioning pial surface
Entering MRISpositionSurface()
  max_mm = 0.3
  MAX_REDUCTIONS = 2, REDUCTION_PCT = 0.5
  parms->check_tol = 0, niterations = 100
tol=1.0e-04, sigma=0.5, host=dna03, nav=1, nbrs=2, l_repulse=5.000, l_tspring=0.300, l_nspring=0.300, l_intensity=0.200, l_curv=1.000
mom=0.00, dt=0.50
000: dt: 0.0000, sse=347326.4, rms=2.288
016: dt: 0.5000, sse=333898.4, rms=2.128 (6.956%)
rms = 2.3871/2.1284, sse=351620.7/333898.4, time step reduction 1 of 3 to 0.250  0 1 1
   RMS increased, rejecting step
017: dt: 0.2500, sse=273211.0, rms=1.465 (31.172%)
018: dt: 0.2500, sse=246732.8, rms=1.177 (19.644%)
019: dt: 0.2500, sse=240893.6, rms=1.104 (6.200%)
rms = 1.0779/1.1042, sse=238979.3/240893.6, time step reduction 2 of 3 to 0.125  0 0 1
020: dt: 0.2500, sse=238979.3, rms=1.078 (2.384%)
rms = 1.0461/1.0779, sse=237142.4/238979.3, time step reduction 3 of 3 to 0.062  0 0 1
021: dt: 0.1250, sse=237142.5, rms=1.046 (2.943%)
  maximum number of reductions reached, breaking from loop
positioning took 0.5 minutes
Iteration 3 =========================================
n_averages=0, current_sigma=0.25
Computing target border values 
Entering MRIScomputeBorderValues_new(): 
  inside_hi   = 120.0000000;
  border_hi   = 111.1493530;
  border_low  =  68.0000000;
  outside_low =  58.2882460;
  outside_hi  = 111.1493530;
  sigma = 0.25;
  max_thickness = 10;
  step_size=0.5;
  STEP_SIZE=0.1;
  which = 1
  thresh = 0
  flags = 0
  CBVfindFirstPeakD1=0
  CBVfindFirstPeakD2=0
  nvertices=132019
  Gdiag_no=-1
  vno start=0, stop=132019
Replacing 255s with 0s
#SI# sigma=0.25 had to be increased for 128 vertices, nripped=9858
mean border=84.4, 184 (23) missing vertices, mean dist -0.0 [0.2 (%54.5)->0.2 (%45.5))]
%83 local maxima, % 9 large gradients and % 0 min vals, 0 gradients ignored
nFirstPeakD1 0
MRIScomputeBorderValues_new() finished in 0.0035 min


Finding expansion regions
mean absolute distance = 0.21 +- 0.37
2671 vertices more than 2 sigmas from mean.
Averaging target values for 5 iterations...
Positioning Surface: tspring = 0.3, nspring = 0.3, spring = 0, niters = 100 l_repulse = 5, l_surf_repulse = 0, checktol = 0
Positioning pial surface
Entering MRISpositionSurface()
  max_mm = 0.3
  MAX_REDUCTIONS = 2, REDUCTION_PCT = 0.5
  parms->check_tol = 0, niterations = 100
tol=1.0e-04, sigma=0.2, host=dna03, nav=0, nbrs=2, l_repulse=5.000, l_tspring=0.300, l_nspring=0.300, l_intensity=0.200, l_curv=1.000
mom=0.00, dt=0.50
000: dt: 0.0000, sse=246396.7, rms=1.245
rms = 1.3274/1.2445, sse=256344.4/246396.7, time step reduction 1 of 3 to 0.250  0 1 1
   RMS increased, rejecting step
022: dt: 0.2500, sse=230589.3, rms=0.936 (24.829%)
023: dt: 0.2500, sse=225787.1, rms=0.795 (15.057%)
rms = 0.7975/0.7947, sse=225224.9/225787.1, time step reduction 2 of 3 to 0.125  0 0 1
   RMS increased, rejecting step
rms = 0.7929/0.7947, sse=225235.1/225787.1, time step reduction 3 of 3 to 0.062  0 0 1
024: dt: 0.1250, sse=225235.1, rms=0.793 (0.218%)
  maximum number of reductions reached, breaking from loop
positioning took 0.3 minutes


Writing output to ../surf/lh.white
#ET# mris_place_surface  2.27 minutes
#VMPC# mris_place_surfaces VmPeak  3007920
mris_place_surface done
#--------------------------------------------
#@# T1PialSurf lh Thu Mar 12 12:37:59 CET 2026
cd /out/sourcedata/freesurfer/sub-v1s11x0050157_ses-1/mri
mris_place_surface --adgws-in ../surf/autodet.gw.stats.lh.dat --seg aseg.presurf.mgz --threads 16 --wm wm.mgz --invol brain.finalsurfs.mgz --lh --i ../surf/lh.white --o ../surf/lh.pial.T1 --pial --nsmooth 0 --rip-label ../label/lh.cortex+hipamyg.label --pin-medial-wall ../label/lh.cortex.label --aparc ../label/lh.aparc.annot --repulse-surf ../surf/lh.white --white-surf ../surf/lh.white
7.3.2
7.3.2

cd /out/sourcedata/freesurfer/sub-v1s11x0050157_ses-1/mri
setenv SUBJECTS_DIR /out/sourcedata/freesurfer
mris_place_surface --adgws-in ../surf/autodet.gw.stats.lh.dat --seg aseg.presurf.mgz --threads 16 --wm wm.mgz --invol brain.finalsurfs.mgz --lh --i ../surf/lh.white --o ../surf/lh.pial.T1 --pial --nsmooth 0 --rip-label ../label/lh.cortex+hipamyg.label --pin-medial-wall ../label/lh.cortex.label --aparc ../label/lh.aparc.annot --repulse-surf ../surf/lh.white --white-surf ../surf/lh.white 

Reading in input surface ../surf/lh.white
Not smoothing input surface
Area    264034  0.36021  0.15868 0.000018   2.4507
Corner  792102 60.00000 16.58589 0.081046 179.2066
Edge    396051  0.92727  0.25166 0.010886   3.7844
Hinge   396051 10.02794 12.57196 0.000010 179.8808
Reading white surface coordinates from ../surf/lh.white
Reading repulsion surface coordinates from ../surf/lh.white
Reading in aparc ../label/lh.aparc.annot
Reading in input volume brain.finalsurfs.mgz
Reading in wm volume wm.mgz
MRIclipBrightWM(): nthresh=13405, wmmin=5, clip=110 
MRIfindBrightNonWM(): 4 bright non-wm voxels segmented.
Masking bright non-wm for pial surface mid_gray = 66.8577
MRImask(): AllowDiffGeom = 1
MRImask(): AllowDiffGeom = 1
MRImask(): AllowDiffGeom = 1
Reading in seg volume aseg.presurf.mgz
Ripping frozen voxels
Ripping vertices not in label ../label/lh.cortex+hipamyg.label
MRISripNotLabel() ripped 6638/132019 vertices (125381 unripped)
INFO: rip surface needed but not specified, so using input surface
Ripping segs (eg, WMSA, BG, frozen)
Starting MRISripSegs() d = (-2 2 0.5) segnos: 247 
MRISripSegs(): -2 2 0.5 ripped 0
vertex 66010: xyz = (-33.3697,-3.34976,27.55) oxyz = (-33.3697,-3.34976,27.55) wxzy = (-33.3697,-3.34976,27.55) pxyz = (-33.3697,-3.34976,27.55) 
CBVO Creating mask 132019
n_averages 16
Iteration 0 =========================================
n_averages=16, current_sigma=2
Computing target border values 
Entering MRIScomputeBorderValues_new(): 
  inside_hi   =  94.8506470;
  border_hi   =  58.2882460;
  border_low  =  38.8647460;
  outside_low =  10.0000000;
  outside_hi  =  53.4323730;
  sigma = 2;
  max_thickness = 10;
  step_size=0.5;
  STEP_SIZE=0.1;
  which = 2
  thresh = 0
  flags = 0
  CBVfindFirstPeakD1=0
  CBVfindFirstPeakD2=0
  nvertices=132019
  Gdiag_no=-1
  vno start=0, stop=132019
Replacing 255s with 0s
#SI# sigma=2 had to be increased for 394 vertices, nripped=6638
mean border=57.2, 267 (267) missing vertices, mean dist 1.7 [1.9 (%0.1)->3.1 (%99.9))]
%13 local maxima, %38 large gradients and %44 min vals, 0 gradients ignored
nFirstPeakD1 0
MRIScomputeBorderValues_new() finished in 0.0134 min


Averaging target values for 5 iterations...
Positioning Surface: tspring = 0.3, nspring = 0.3, spring = 0, niters = 100 l_repulse = 0, l_surf_repulse = 5, checktol = 0
Positioning pial surface
Entering MRISpositionSurface()
  max_mm = 0.3
  MAX_REDUCTIONS = 2, REDUCTION_PCT = 0.5
  parms->check_tol = 0, niterations = 100
tol=1.0e-04, sigma=2.0, host=dna03, nav=16, nbrs=2, l_surf_repulse=5.000, l_tspring=0.300, l_nspring=0.300, l_intensity=0.200, l_curv=1.000
mom=0.00, dt=0.50
complete_dist_mat 0
rms 0
smooth_averages 0
remove_neg 0
ico_order 0
which_surface 0
target_radius 0.000000
nfields 0
scale 0.000000
desired_rms_height 0.000000
momentum 0.000000
nbhd_size 0
max_nbrs 0
niterations 100
nsurfaces 0
SURFACES 3
flags 0 (0)
use curv 0
no sulc 0
no rigid align 0
mris->nsize 2
mris->hemisphere 0
randomSeed 0

000: dt: 0.0000, sse=19606666.0, rms=27.844
001: dt: 0.5000, sse=13184155.0, rms=22.773 (18.214%)
002: dt: 0.5000, sse=8724599.0, rms=18.447 (18.994%)
003: dt: 0.5000, sse=5937571.5, rms=15.127 (18.000%)
004: dt: 0.5000, sse=4299836.5, rms=12.777 (15.534%)
005: dt: 0.5000, sse=3305363.8, rms=11.108 (13.061%)
006: dt: 0.5000, sse=2650602.2, rms=9.854 (11.293%)
007: dt: 0.5000, sse=2180064.0, rms=8.840 (10.285%)
008: dt: 0.5000, sse=1824174.4, rms=7.986 (9.662%)
009: dt: 0.5000, sse=1545626.0, rms=7.246 (9.272%)
010: dt: 0.5000, sse=1324631.2, rms=6.598 (8.944%)
011: dt: 0.5000, sse=1149801.9, rms=6.034 (8.537%)
012: dt: 0.5000, sse=1012026.3, rms=5.549 (8.052%)
013: dt: 0.5000, sse=901750.1, rms=5.126 (7.622%)
014: dt: 0.5000, sse=815097.2, rms=4.766 (7.015%)
015: dt: 0.5000, sse=748019.2, rms=4.467 (6.280%)
016: dt: 0.5000, sse=696903.8, rms=4.223 (5.452%)
017: dt: 0.5000, sse=659980.6, rms=4.037 (4.414%)
018: dt: 0.5000, sse=632026.6, rms=3.889 (3.668%)
019: dt: 0.5000, sse=611465.8, rms=3.775 (2.937%)
020: dt: 0.5000, sse=595647.2, rms=3.684 (2.401%)
021: dt: 0.5000, sse=582507.2, rms=3.606 (2.108%)
022: dt: 0.5000, sse=573562.6, rms=3.551 (1.527%)
023: dt: 0.5000, sse=565496.9, rms=3.501 (1.427%)
rms = 3.4628/3.5005, sse=559649.5/565496.9, time step reduction 1 of 3 to 0.250  0 0 1
024: dt: 0.5000, sse=559649.6, rms=3.463 (1.077%)
025: dt: 0.2500, sse=523777.2, rms=3.232 (6.659%)
026: dt: 0.2500, sse=515252.9, rms=3.176 (1.732%)
rms = 3.1588/3.1762, sse=512827.4/515252.9, time step reduction 2 of 3 to 0.125  0 0 1
027: dt: 0.2500, sse=512827.4, rms=3.159 (0.548%)
rms = 3.1281/3.1588, sse=508540.7/512827.4, time step reduction 3 of 3 to 0.062  0 0 1
028: dt: 0.1250, sse=508540.7, rms=3.128 (0.972%)
  maximum number of reductions reached, breaking from loop
positioning took 2.0 minutes
Iteration 1 =========================================
n_averages=8, current_sigma=1
Computing target border values 
Entering MRIScomputeBorderValues_new(): 
  inside_hi   =  94.8506470;
  border_hi   =  58.2882460;
  border_low  =  38.8647460;
  outside_low =  10.0000000;
  outside_hi  =  53.4323730;
  sigma = 1;
  max_thickness = 10;
  step_size=0.5;
  STEP_SIZE=0.1;
  which = 2
  thresh = 0
  flags = 0
  CBVfindFirstPeakD1=0
  CBVfindFirstPeakD2=0
  nvertices=132019
  Gdiag_no=-1
  vno start=0, stop=132019
Replacing 255s with 0s
#SI# sigma=1 had to be increased for 13318 vertices, nripped=6638
mean border=55.8, 2027 (95) missing vertices, mean dist 0.3 [0.2 (%42.3)->0.9 (%57.7))]
%23 local maxima, %31 large gradients and %39 min vals, 0 gradients ignored
nFirstPeakD1 0
MRIScomputeBorderValues_new() finished in 0.0062 min


Averaging target values for 5 iterations...
Positioning Surface: tspring = 0.3, nspring = 0.3, spring = 0, niters = 100 l_repulse = 0, l_surf_repulse = 5, checktol = 0
Positioning pial surface
Entering MRISpositionSurface()
  max_mm = 0.3
  MAX_REDUCTIONS = 2, REDUCTION_PCT = 0.5
  parms->check_tol = 0, niterations = 100
tol=1.0e-04, sigma=1.0, host=dna03, nav=8, nbrs=2, l_surf_repulse=5.000, l_tspring=0.300, l_nspring=0.300, l_intensity=0.200, l_curv=1.000
mom=0.00, dt=0.50
000: dt: 0.0000, sse=766877.9, rms=4.184
029: dt: 0.5000, sse=673182.1, rms=3.712 (11.292%)
030: dt: 0.5000, sse=641637.8, rms=3.547 (4.438%)
031: dt: 0.5000, sse=628742.9, rms=3.473 (2.091%)
032: dt: 0.5000, sse=617656.4, rms=3.410 (1.812%)
rms = 3.3708/3.4097, sse=611438.7/617656.5, time step reduction 1 of 3 to 0.250  0 0 1
033: dt: 0.5000, sse=611438.8, rms=3.371 (1.142%)
034: dt: 0.2500, sse=567687.0, rms=3.083 (8.538%)
035: dt: 0.2500, sse=556686.7, rms=3.008 (2.427%)
rms = 2.9986/3.0082, sse=555455.3/556686.7, time step reduction 2 of 3 to 0.125  0 0 1
036: dt: 0.2500, sse=555455.3, rms=2.999 (0.319%)
rms = 2.9550/2.9986, sse=549460.0/555455.3, time step reduction 3 of 3 to 0.062  0 0 1
037: dt: 0.1250, sse=549460.0, rms=2.955 (1.454%)
  maximum number of reductions reached, breaking from loop
positioning took 0.6 minutes
Iteration 2 =========================================
n_averages=4, current_sigma=0.5
Computing target border values 
Entering MRIScomputeBorderValues_new(): 
  inside_hi   =  94.8506470;
  border_hi   =  58.2882460;
  border_low  =  38.8647460;
  outside_low =  10.0000000;
  outside_hi  =  53.4323730;
  sigma = 0.5;
  max_thickness = 10;
  step_size=0.5;
  STEP_SIZE=0.1;
  which = 2
  thresh = 0
  flags = 0
  CBVfindFirstPeakD1=0
  CBVfindFirstPeakD2=0
  nvertices=132019
  Gdiag_no=-1
  vno start=0, stop=132019
Replacing 255s with 0s
#SI# sigma=0.5 had to be increased for 15031 vertices, nripped=6638
mean border=55.1, 2719 (78) missing vertices, mean dist 0.2 [0.3 (%38.8)->0.7 (%61.2))]
%32 local maxima, %22 large gradients and %39 min vals, 0 gradients ignored
nFirstPeakD1 0
MRIScomputeBorderValues_new() finished in 0.0037 min


Averaging target values for 5 iterations...
Positioning Surface: tspring = 0.3, nspring = 0.3, spring = 0, niters = 100 l_repulse = 0, l_surf_repulse = 5, checktol = 0
Positioning pial surface
Entering MRISpositionSurface()
  max_mm = 0.3
  MAX_REDUCTIONS = 2, REDUCTION_PCT = 0.5
  parms->check_tol = 0, niterations = 100
tol=1.0e-04, sigma=0.5, host=dna03, nav=4, nbrs=2, l_surf_repulse=5.000, l_tspring=0.300, l_nspring=0.300, l_intensity=0.200, l_curv=1.000
mom=0.00, dt=0.50
000: dt: 0.0000, sse=614639.8, rms=3.294
038: dt: 0.5000, sse=601673.2, rms=3.220 (2.256%)
rms = 3.2193/3.2195, sse=599054.9/601673.2, time step reduction 1 of 3 to 0.250  0 0 1
039: dt: 0.5000, sse=599054.9, rms=3.219 (0.008%)
040: dt: 0.2500, sse=561964.7, rms=2.965 (7.886%)
rms = 2.9186/2.9654, sse=555025.6/561964.7, time step reduction 2 of 3 to 0.125  0 0 1
041: dt: 0.2500, sse=555025.6, rms=2.919 (1.580%)
042: dt: 0.1250, sse=547782.7, rms=2.866 (1.816%)
rms = 2.8557/2.8655, sse=546322.8/547782.7, time step reduction 3 of 3 to 0.062  0 0 1
043: dt: 0.1250, sse=546322.8, rms=2.856 (0.343%)
  maximum number of reductions reached, breaking from loop
positioning took 0.4 minutes
Iteration 3 =========================================
n_averages=2, current_sigma=0.25
Computing target border values 
Entering MRIScomputeBorderValues_new(): 
  inside_hi   =  94.8506470;
  border_hi   =  58.2882460;
  border_low  =  38.8647460;
  outside_low =  10.0000000;
  outside_hi  =  53.4323730;
  sigma = 0.25;
  max_thickness = 10;
  step_size=0.5;
  STEP_SIZE=0.1;
  which = 2
  thresh = 0
  flags = 0
  CBVfindFirstPeakD1=0
  CBVfindFirstPeakD2=0
  nvertices=132019
  Gdiag_no=-1
  vno start=0, stop=132019
Replacing 255s with 0s
#SI# sigma=0.25 had to be increased for 13059 vertices, nripped=6638
mean border=54.5, 6101 (71) missing vertices, mean dist 0.1 [0.3 (%40.6)->0.5 (%59.4))]
%37 local maxima, %17 large gradients and %37 min vals, 0 gradients ignored
nFirstPeakD1 0
MRIScomputeBorderValues_new() finished in 0.0025 min


Averaging target values for 5 iterations...
Positioning Surface: tspring = 0.3, nspring = 0.3, spring = 0, niters = 100 l_repulse = 0, l_surf_repulse = 5, checktol = 0
Positioning pial surface
Entering MRISpositionSurface()
  max_mm = 0.3
  MAX_REDUCTIONS = 2, REDUCTION_PCT = 0.5
  parms->check_tol = 0, niterations = 100
tol=1.0e-04, sigma=0.2, host=dna03, nav=2, nbrs=2, l_surf_repulse=5.000, l_tspring=0.300, l_nspring=0.300, l_intensity=0.200, l_curv=1.000
mom=0.00, dt=0.50
000: dt: 0.0000, sse=564343.2, rms=2.965
rms = 2.9798/2.9649, sse=564766.7/564343.2, time step reduction 1 of 3 to 0.250  0 1 1
   RMS increased, rejecting step
044: dt: 0.2500, sse=553978.9, rms=2.893 (2.421%)
045: dt: 0.2500, sse=545082.7, rms=2.836 (1.989%)
rms = 2.8062/2.8356, sse=540370.1/545082.7, time step reduction 2 of 3 to 0.125  0 0 1
046: dt: 0.2500, sse=540370.1, rms=2.806 (1.039%)
rms = 2.7647/2.8062, sse=534689.2/540370.1, time step reduction 3 of 3 to 0.062  0 0 1
047: dt: 0.1250, sse=534689.2, rms=2.765 (1.476%)
  maximum number of reductions reached, breaking from loop
positioning took 0.3 minutes
Pinning medial wall to white surface
removing intersecting faces
000: 57 intersecting
001: 22 intersecting
step 1 with no progress (num=33, old_num=22)
002: 33 intersecting
003: 4 intersecting
terminating search with 0 intersecting


Writing output to ../surf/lh.pial.T1
#ET# mris_place_surface  3.55 minutes
#VMPC# mris_place_surfaces VmPeak  2436612
mris_place_surface done
#@# white curv lh Thu Mar 12 12:41:37 CET 2026
cd /out/sourcedata/freesurfer/sub-v1s11x0050157_ses-1/mri
mris_place_surface --curv-map ../surf/lh.white 2 10 ../surf/lh.curv
insurf  ../surf/lh.white, nbrs 2, curvature_avgs 10
writing curvature file ../surf/lh.curv
#@# white area lh Thu Mar 12 12:41:39 CET 2026
cd /out/sourcedata/freesurfer/sub-v1s11x0050157_ses-1/mri
mris_place_surface --area-map ../surf/lh.white ../surf/lh.area
writing curvature file ../surf/lh.area
#@# pial curv lh Thu Mar 12 12:41:40 CET 2026
cd /out/sourcedata/freesurfer/sub-v1s11x0050157_ses-1/mri
mris_place_surface --curv-map ../surf/lh.pial 2 10 ../surf/lh.curv.pial
insurf  ../surf/lh.pial, nbrs 2, curvature_avgs 10
writing curvature file ../surf/lh.curv.pial
#@# pial area lh Thu Mar 12 12:41:41 CET 2026
cd /out/sourcedata/freesurfer/sub-v1s11x0050157_ses-1/mri
mris_place_surface --area-map ../surf/lh.pial ../surf/lh.area.pial
writing curvature file ../surf/lh.area.pial
#@# thickness lh Thu Mar 12 12:41:42 CET 2026
cd /out/sourcedata/freesurfer/sub-v1s11x0050157_ses-1/mri
mris_place_surface --thickness ../surf/lh.white ../surf/lh.pial 20 5 ../surf/lh.thickness
0 of 132019 vertices processed
25000 of 132019 vertices processed
50000 of 132019 vertices processed
75000 of 132019 vertices processed
100000 of 132019 vertices processed
125000 of 132019 vertices processed
0 of 132019 vertices processed
25000 of 132019 vertices processed
50000 of 132019 vertices processed
75000 of 132019 vertices processed
100000 of 132019 vertices processed
125000 of 132019 vertices processed
thickness calculation complete, 1288:3800 truncations.
48233 vertices at 0 distance
89138 vertices at 1 distance
71214 vertices at 2 distance
31532 vertices at 3 distance
12769 vertices at 4 distance
5521 vertices at 5 distance
2646 vertices at 6 distance
1231 vertices at 7 distance
592 vertices at 8 distance
303 vertices at 9 distance
207 vertices at 10 distance
148 vertices at 11 distance
108 vertices at 12 distance
87 vertices at 13 distance
69 vertices at 14 distance
53 vertices at 15 distance
40 vertices at 16 distance
31 vertices at 17 distance
31 vertices at 18 distance
26 vertices at 19 distance
59 vertices at 20 distance
writing curvature file ../surf/lh.thickness
#@# area and vertex vol lh Thu Mar 12 12:42:09 CET 2026
cd /out/sourcedata/freesurfer/sub-v1s11x0050157_ses-1/mri
mris_place_surface --thickness ../surf/lh.white ../surf/lh.pial 20 5 ../surf/lh.thickness
/out/sourcedata/freesurfer/sub-v1s11x0050157_ses-1/surf
mris_calc -o lh.area.mid lh.area add lh.area.pial
Saving result to 'lh.area.mid' (type = MRI_CURV_FILE)                       [ ok ]
mris_calc -o lh.area.mid lh.area.mid div 2
Saving result to 'lh.area.mid' (type = MRI_CURV_FILE)                       [ ok ]
mris_convert --volume sub-v1s11x0050157_ses-1 lh /out/sourcedata/freesurfer/sub-v1s11x0050157_ses-1/surf/lh.volume
masking with /out/sourcedata/freesurfer/sub-v1s11x0050157_ses-1/label/lh.cortex.label
Total face volume 289339
Total vertex volume 289036 (mask=0)
#@# sub-v1s11x0050157_ses-1 lh 289036
 
vertexvol Done

#-----------------------------------------
#@# Curvature Stats lh Thu Mar 12 12:42:10 CET 2026
/out/sourcedata/freesurfer/sub-v1s11x0050157_ses-1/surf

 mris_curvature_stats -m --writeCurvatureFiles -G -o ../stats/lh.curv.stats -F smoothwm sub-v1s11x0050157_ses-1 lh curv sulc 

             Toggling save flag on curvature files                       [ ok ]
                 Outputting results using filestem   [ ../stats/lh.curv.stats ]
             Toggling save flag on curvature files                       [ ok ]
                                   Setting surface [ sub-v1s11x0050157_ses-1/lh.smoothwm ]
                                Reading surface...                       [ ok ]
                                   Setting texture                     [ curv ]
                                Reading texture...                       [ ok ]
                                   Setting texture                     [ sulc ]
                                Reading texture...Gb_filter = 0
                       [ ok ]
      Calculating Discrete Principal Curvatures...
      Determining geometric order for vno faces... [####################] [ ok ]
                      Determining KH curvatures... [####################] [ ok ]
                    Determining k1k2 curvatures... [####################] [ ok ]
                                   deltaViolations                      [ 231 ]
Gb_filter = 0

WARN:    S lookup   min:                          -0.354031
WARN:    S explicit min:                          0.000000	vertex = 582
#-----------------------------------------
#@# Cortical Parc 2 lh Thu Mar 12 12:42:13 CET 2026
/out/sourcedata/freesurfer/sub-v1s11x0050157_ses-1/scripts

 mris_ca_label -l ../label/lh.cortex.label -aseg ../mri/aseg.presurf.mgz -seed 1234 sub-v1s11x0050157_ses-1 lh ../surf/lh.sphere.reg /opt/freesurfer/average/lh.CDaparc.atlas.acfb40.noaparc.i12.2016-08-02.gcs ../label/lh.aparc.a2009s.annot 

setting seed for random number generator to 1234
using ../mri/aseg.presurf.mgz aseg volume to correct midline
7.3.2
  7.3.2
reading atlas from /opt/freesurfer/average/lh.CDaparc.atlas.acfb40.noaparc.i12.2016-08-02.gcs...
reading color table from GCSA file....
average std = 3.0   using min determinant for regularization = 0.088
0 singular and 0 ill-conditioned covariance matrices regularized
input 0: MEAN CURVATURE, flags 0, avgs 5, name mean_curvature
labeling surface...
10 labels changed using aseg
relabeling using gibbs priors...
000:   8991 changed, 132019 examined...
001:   2093 changed, 34472 examined...
002:    584 changed, 11123 examined...
003:    267 changed, 3297 examined...
004:    138 changed, 1527 examined...
005:     80 changed, 786 examined...
006:     43 changed, 478 examined...
007:     23 changed, 249 examined...
008:     14 changed, 129 examined...
009:      4 changed, 75 examined...
010:      6 changed, 30 examined...
011:      0 changed, 33 examined...
2 labels changed using aseg
000: 242 total segments, 160 labels (1740 vertices) changed
001: 94 total segments, 13 labels (28 vertices) changed
002: 81 total segments, 0 labels (0 vertices) changed
10 filter iterations complete (10 requested, 38 changed)
rationalizing unknown annotations with cortex label
relabeling Medial_wall label...
1239 vertices marked for relabeling...
1239 labels changed in reclassification.
writing output to ../label/lh.aparc.a2009s.annot...
classification took 0 minutes and 12 seconds.
#-----------------------------------------
#@# Cortical Parc 3 lh Thu Mar 12 12:42:25 CET 2026
/out/sourcedata/freesurfer/sub-v1s11x0050157_ses-1/scripts

 mris_ca_label -l ../label/lh.cortex.label -aseg ../mri/aseg.presurf.mgz -seed 1234 sub-v1s11x0050157_ses-1 lh ../surf/lh.sphere.reg /opt/freesurfer/average/lh.DKTaparc.atlas.acfb40.noaparc.i12.2016-08-02.gcs ../label/lh.aparc.DKTatlas.annot 

setting seed for random number generator to 1234
using ../mri/aseg.presurf.mgz aseg volume to correct midline
7.3.2
  7.3.2
reading atlas from /opt/freesurfer/average/lh.DKTaparc.atlas.acfb40.noaparc.i12.2016-08-02.gcs...
reading color table from GCSA file....
average std = 1.4   using min determinant for regularization = 0.020
0 singular and 383 ill-conditioned covariance matrices regularized
input 0: MEAN CURVATURE, flags 0, avgs 5, name mean_curvature
labeling surface...
1573 labels changed using aseg
relabeling using gibbs priors...
000:   1960 changed, 132019 examined...
001:    461 changed, 9170 examined...
002:    152 changed, 2665 examined...
003:     60 changed, 886 examined...
004:     28 changed, 352 examined...
005:     18 changed, 162 examined...
006:      9 changed, 99 examined...
007:      6 changed, 63 examined...
008:      8 changed, 41 examined...
009:      8 changed, 39 examined...
010:      6 changed, 39 examined...
011:      5 changed, 35 examined...
012:      5 changed, 33 examined...
013:      5 changed, 32 examined...
014:      2 changed, 25 examined...
015:      0 changed, 15 examined...
298 labels changed using aseg
000: 53 total segments, 20 labels (77 vertices) changed
001: 33 total segments, 0 labels (0 vertices) changed
10 filter iterations complete (10 requested, 1 changed)
rationalizing unknown annotations with cortex label
relabeling unknown label...
relabeling corpuscallosum label...
1021 vertices marked for relabeling...
1021 labels changed in reclassification.
writing output to ../label/lh.aparc.DKTatlas.annot...
classification took 0 minutes and 9 seconds.
#-----------------------------------------
#@# WM/GM Contrast lh Thu Mar 12 12:42:34 CET 2026
/out/sourcedata/freesurfer/sub-v1s11x0050157_ses-1/scripts

 pctsurfcon --s sub-v1s11x0050157_ses-1 --lh-only 

Log file is /out/sourcedata/freesurfer/sub-v1s11x0050157_ses-1/scripts/pctsurfcon.log
Thu Mar 12 12:42:34 CET 2026
setenv SUBJECTS_DIR /out/sourcedata/freesurfer
cd /out/sourcedata/freesurfer/sub-v1s11x0050157_ses-1/scripts
/opt/freesurfer/bin/pctsurfcon
pctsurfcon 7.3.2
Linux dna038 5.14.0-427.37.1.el9_4.x86_64 #1 SMP PREEMPT_DYNAMIC Fri Sep 13 12:41:50 EDT 2024 x86_64 x86_64 x86_64 GNU/Linux
FREESURFER_HOME /opt/freesurfer
mri_vol2surf --mov /out/sourcedata/freesurfer/sub-v1s11x0050157_ses-1/mri/rawavg.mgz --hemi lh --noreshape --interp trilinear --projdist -1 --o /out/sourcedata/freesurfer/sub-v1s11x0050157_ses-1/surf/tmp.pctsurfcon.845114/lh.wm.mgh --regheader sub-v1s11x0050157_ses-1 --cortex
srcvol = /out/sourcedata/freesurfer/sub-v1s11x0050157_ses-1/mri/rawavg.mgz
srcreg unspecified
srcregold = 0
srcwarp unspecified
surf = white
hemi = lh
ProjDist = -1
reshape = 0
interp = trilinear
float2int = round
GetProjMax = 0
INFO: float2int code = 0
Done loading volume
Computing registration from header.
  Using /out/sourcedata/freesurfer/sub-v1s11x0050157_ses-1/mri/orig.mgz as target reference.
-------- original matrix -----------
-0.99664   0.00000   0.08194  -0.00002;
 0.08194   0.00000   0.99664   0.00000;
 0.00000  -1.00000   0.00000  -0.00002;
 0.00000   0.00000   0.00000   1.00000;
-------- original matrix -----------
Loading label /out/sourcedata/freesurfer/sub-v1s11x0050157_ses-1/label/lh.cortex.label
Reading surface /out/sourcedata/freesurfer/sub-v1s11x0050157_ses-1/surf/lh.white
Done reading source surface
Mapping Source Volume onto Source Subject Surface
Projecting -1 -1 1
 1 -1 -1 -1
using old
Done mapping volume to surface
Number of source voxels hit = 76081
Masking with /out/sourcedata/freesurfer/sub-v1s11x0050157_ses-1/label/lh.cortex.label
Writing to /out/sourcedata/freesurfer/sub-v1s11x0050157_ses-1/surf/tmp.pctsurfcon.845114/lh.wm.mgh
Dim: 132019 1 1
mri_vol2surf --mov /out/sourcedata/freesurfer/sub-v1s11x0050157_ses-1/mri/rawavg.mgz --hemi lh --noreshape --interp trilinear --o /out/sourcedata/freesurfer/sub-v1s11x0050157_ses-1/surf/tmp.pctsurfcon.845114/lh.gm.mgh --projfrac 0.3 --regheader sub-v1s11x0050157_ses-1 --cortex
srcvol = /out/sourcedata/freesurfer/sub-v1s11x0050157_ses-1/mri/rawavg.mgz
srcreg unspecified
srcregold = 0
srcwarp unspecified
surf = white
hemi = lh
ProjFrac = 0.3
thickness = thickness
reshape = 0
interp = trilinear
float2int = round
GetProjMax = 0
INFO: float2int code = 0
Done loading volume
Computing registration from header.
  Using /out/sourcedata/freesurfer/sub-v1s11x0050157_ses-1/mri/orig.mgz as target reference.
-------- original matrix -----------
-0.99664   0.00000   0.08194  -0.00002;
 0.08194   0.00000   0.99664   0.00000;
 0.00000  -1.00000   0.00000  -0.00002;
 0.00000   0.00000   0.00000   1.00000;
-------- original matrix -----------
Loading label /out/sourcedata/freesurfer/sub-v1s11x0050157_ses-1/label/lh.cortex.label
Reading surface /out/sourcedata/freesurfer/sub-v1s11x0050157_ses-1/surf/lh.white
Done reading source surface
Reading thickness /out/sourcedata/freesurfer/sub-v1s11x0050157_ses-1/surf/lh.thickness
Done
Mapping Source Volume onto Source Subject Surface
Projecting 0.3 0.3 1
 1 0.3 0.3 0.3
using old
Done mapping volume to surface
Number of source voxels hit = 86863
Masking with /out/sourcedata/freesurfer/sub-v1s11x0050157_ses-1/label/lh.cortex.label
Writing to /out/sourcedata/freesurfer/sub-v1s11x0050157_ses-1/surf/tmp.pctsurfcon.845114/lh.gm.mgh
Dim: 132019 1 1
mri_concat /out/sourcedata/freesurfer/sub-v1s11x0050157_ses-1/surf/tmp.pctsurfcon.845114/lh.wm.mgh /out/sourcedata/freesurfer/sub-v1s11x0050157_ses-1/surf/tmp.pctsurfcon.845114/lh.gm.mgh --paired-diff-norm --mul 100 --o /out/sourcedata/freesurfer/sub-v1s11x0050157_ses-1/surf/lh.w-g.pct.mgh
ninputs = 2
Checking inputs
nframestot = 2
Allocing output
Done allocing
Combining pairs
nframes = 1
Multiplying by 100.000000
Writing to /out/sourcedata/freesurfer/sub-v1s11x0050157_ses-1/surf/lh.w-g.pct.mgh
mri_segstats --in /out/sourcedata/freesurfer/sub-v1s11x0050157_ses-1/surf/lh.w-g.pct.mgh --annot sub-v1s11x0050157_ses-1 lh aparc --sum /out/sourcedata/freesurfer/sub-v1s11x0050157_ses-1/stats/lh.w-g.pct.stats --snr

7.3.2
cwd 
cmdline mri_segstats --in /out/sourcedata/freesurfer/sub-v1s11x0050157_ses-1/surf/lh.w-g.pct.mgh --annot sub-v1s11x0050157_ses-1 lh aparc --sum /out/sourcedata/freesurfer/sub-v1s11x0050157_ses-1/stats/lh.w-g.pct.stats --snr 
sysname  Linux
hostname dna038
machine  x86_64
user     oesteban
whitesurfname  white
UseRobust  0
Constructing seg from annotation

Reading annotation /out/sourcedata/freesurfer/sub-v1s11x0050157_ses-1/label/lh.aparc.annot
Seg base 1000
Loading /out/sourcedata/freesurfer/sub-v1s11x0050157_ses-1/surf/lh.w-g.pct.mgh
Vertex Area is 0.720407 mm^3
Generating list of segmentation ids
Found  36 segmentations
Computing statistics for each segmentation

Reporting on  35 segmentations
Using PrintSegStat
mri_segstats done
Cleaning up

Started at Thu Mar 12 12:20:03 CET 2026 
Ended   at Thu Mar 12 12:42:37 CET 2026
#@#%# recon-all-run-time-hours 0.376
recon-all -s sub-v1s11x0050157_ses-1 finished without error at Thu Mar 12 12:42:37 CET 2026



#New# invocation of recon-all 




Thu Mar 12 13:10:31 CET 2026
cd /out/sourcedata/freesurfer/sub-v1s11x0050157_ses-1
setenv SUBJECTS_DIR /out/sourcedata/freesurfer
/opt/freesurfer/bin/recon-all -autorecon-hemi lh -nohyporelabel -lh-only -openmp 16 -subjid sub-v1s11x0050157_ses-1 -sd /out/sourcedata/freesurfer -notessellate -nosmooth1 -noinflate1 -noqsphere -nofix -nowhite -nosmooth2 -noinflate2 -nocurvHK -nocurvstats -nosphere -nosurfreg -nojacobian_white -noavgcurv -nocortparc -nopial -nocortparc2 -nocortparc3 -nopctsurfcon

subjid sub-v1s11x0050157_ses-1
setenv SUBJECTS_DIR /out/sourcedata/freesurfer
FREESURFER_HOME /opt/freesurfer
Actual FREESURFER_HOME /opt/freesurfer
build-stamp.txt: freesurfer-linux-ubuntu22_x86_64-7.3.2-20220804-6354275
Linux dna038 5.14.0-427.37.1.el9_4.x86_64 #1 SMP PREEMPT_DYNAMIC Fri Sep 13 12:41:50 EDT 2024 x86_64 x86_64 x86_64 GNU/Linux
cputime      unlimited
filesize     unlimited
datasize     unlimited
stacksize    8192 kbytes
coredumpsize 0 kbytes
memoryuse    67108864 kbytes
vmemoryuse   unlimited
descriptors  1024 
memorylocked unlimited
maxproc      2061970 
maxlocks     unlimited
maxsignal    2061970 
maxmessage   819200 
maxnice      0 
maxrtprio    0 
maxrttime    unlimited

               total        used        free      shared  buff/cache   available
Mem:           503Gi        51Gi       397Gi        18Gi        54Gi       429Gi
Swap:             0B          0B          0B

########################################
program versions used
7.3.2 (freesurfer-linux-ubuntu22_x86_64-7.3.2-20220804-6354275)
7.3.2

ProgramName: lta_convert  ProgramArguments: lta_convert -all-info  ProgramVersion: 7.3.2  TimeStamp: 2026/03/12-12:10:31-GMT  BuildTime: Aug  4 2022 06:17:15  BuildStamp: freesurfer-linux-ubuntu22_x86_64-7.3.2-20220804-6354275  User: oesteban  Machine: dna038  Platform: Linux  PlatformVersion: 5.14.0-427.37.1.el9_4.x86_64  CompilerName: GCC  CompilerVersion: 8.4.0
ProgramName: mri_and  ProgramArguments: mri_and -all-info  ProgramVersion: 7.3.2  TimeStamp: 2026/03/12-12:10:31-GMT  BuildTime: Aug  4 2022 06:17:15  BuildStamp: freesurfer-linux-ubuntu22_x86_64-7.3.2-20220804-6354275  User: oesteban  Machine: dna038  Platform: Linux  PlatformVersion: 5.14.0-427.37.1.el9_4.x86_64  CompilerName: GCC  CompilerVersion: 8.4.0
ProgramName: mri_annotation2label  ProgramArguments: mri_annotation2label -all-info  ProgramVersion: 7.3.2  TimeStamp: 2026/03/12-12:10:31-GMT  BuildTime: Aug  4 2022 06:17:15  BuildStamp: freesurfer-linux-ubuntu22_x86_64-7.3.2-20220804-6354275  User: oesteban  Machine: dna038  Platform: Linux  PlatformVersion: 5.14.0-427.37.1.el9_4.x86_64  CompilerName: GCC  CompilerVersion: 8.4.0
ProgramName: mri_aparc2aseg  ProgramArguments: mri_aparc2aseg -all-info  ProgramVersion: 7.3.2  TimeStamp: 2026/03/12-12:10:31-GMT  BuildTime: Aug  4 2022 06:17:15  BuildStamp: freesurfer-linux-ubuntu22_x86_64-7.3.2-20220804-6354275  User: oesteban  Machine: dna038  Platform: Linux  PlatformVersion: 5.14.0-427.37.1.el9_4.x86_64  CompilerName: GCC  CompilerVersion: 8.4.0
ProgramName: mri_surf2volseg  ProgramArguments: mri_surf2volseg -all-info  ProgramVersion: 7.3.2  TimeStamp: 2026/03/12-12:10:31-GMT  BuildTime: Aug  4 2022 06:17:15  BuildStamp: freesurfer-linux-ubuntu22_x86_64-7.3.2-20220804-6354275  User: oesteban  Machine: dna038  Platform: Linux  PlatformVersion: 5.14.0-427.37.1.el9_4.x86_64  CompilerName: GCC  CompilerVersion: 8.4.0
ProgramName: mri_binarize  ProgramArguments: mri_binarize -all-info  ProgramVersion: 7.3.2  TimeStamp: 2026/03/12-12:10:31-GMT  BuildTime: Aug  4 2022 06:17:15  BuildStamp: freesurfer-linux-ubuntu22_x86_64-7.3.2-20220804-6354275  User: oesteban  Machine: dna038  Platform: Linux  PlatformVersion: 5.14.0-427.37.1.el9_4.x86_64  CompilerName: GCC  CompilerVersion: 8.4.0
ProgramName: mri_ca_label  ProgramArguments: mri_ca_label -all-info  ProgramVersion: 7.3.2  TimeStamp: 2026/03/12-12:10:31-GMT  BuildTime: Aug  4 2022 06:17:15  BuildStamp: freesurfer-linux-ubuntu22_x86_64-7.3.2-20220804-6354275  User: oesteban  Machine: dna038  Platform: Linux  PlatformVersion: 5.14.0-427.37.1.el9_4.x86_64  CompilerName: GCC  CompilerVersion: 8.4.0
ProgramName: mri_ca_normalize  ProgramArguments: mri_ca_normalize -all-info  ProgramVersion: 7.3.2  TimeStamp: 2026/03/12-12:10:31-GMT  BuildTime: Aug  4 2022 06:17:15  BuildStamp: freesurfer-linux-ubuntu22_x86_64-7.3.2-20220804-6354275  User: oesteban  Machine: dna038  Platform: Linux  PlatformVersion: 5.14.0-427.37.1.el9_4.x86_64  CompilerName: GCC  CompilerVersion: 8.4.0
ProgramName: mri_ca_register  ProgramArguments: mri_ca_register -all-info  ProgramVersion: 7.3.2  TimeStamp: 2026/03/12-12:10:31-GMT  BuildTime: Aug  4 2022 06:17:15  BuildStamp: freesurfer-linux-ubuntu22_x86_64-7.3.2-20220804-6354275  User: oesteban  Machine: dna038  Platform: Linux  PlatformVersion: 5.14.0-427.37.1.el9_4.x86_64  CompilerName: GCC  CompilerVersion: 8.4.0
ProgramName: mri_cc  ProgramArguments: mri_cc -all-info  ProgramVersion: 7.3.2  TimeStamp: 2026/03/12-12:10:31-GMT  BuildTime: Aug  4 2022 06:17:15  BuildStamp: freesurfer-linux-ubuntu22_x86_64-7.3.2-20220804-6354275  User: oesteban  Machine: dna038  Platform: Linux  PlatformVersion: 5.14.0-427.37.1.el9_4.x86_64  CompilerName: GCC  CompilerVersion: 8.4.0
ProgramName: mri_compute_overlap  ProgramArguments: mri_compute_overlap -all-info  ProgramVersion: 7.3.2  TimeStamp: 2026/03/12-12:10:31-GMT  BuildTime: Aug  4 2022 06:17:15  BuildStamp: freesurfer-linux-ubuntu22_x86_64-7.3.2-20220804-6354275  User: oesteban  Machine: dna038  Platform: Linux  PlatformVersion: 5.14.0-427.37.1.el9_4.x86_64  CompilerName: GCC  CompilerVersion: 8.4.0
ProgramName: mri_compute_seg_overlap  ProgramArguments: mri_compute_seg_overlap -all-info  ProgramVersion: 7.3.2  TimeStamp: 2026/03/12-12:10:31-GMT  BuildTime: Aug  4 2022 06:17:15  BuildStamp: freesurfer-linux-ubuntu22_x86_64-7.3.2-20220804-6354275  User: oesteban  Machine: dna038  Platform: Linux  PlatformVersion: 5.14.0-427.37.1.el9_4.x86_64  CompilerName: GCC  CompilerVersion: 8.4.0
ProgramName: mri_concat  ProgramArguments: mri_concat -all-info  ProgramVersion: 7.3.2  TimeStamp: 2026/03/12-12:10:31-GMT  BuildTime: Aug  4 2022 06:17:15  BuildStamp: freesurfer-linux-ubuntu22_x86_64-7.3.2-20220804-6354275  User: oesteban  Machine: dna038  Platform: Linux  PlatformVersion: 5.14.0-427.37.1.el9_4.x86_64  CompilerName: GCC  CompilerVersion: 8.4.0
ProgramName: mri_concatenate_lta  ProgramArguments: mri_concatenate_lta -all-info  ProgramVersion: 7.3.2  TimeStamp: 2026/03/12-12:10:31-GMT  BuildTime: Aug  4 2022 06:17:15  BuildStamp: freesurfer-linux-ubuntu22_x86_64-7.3.2-20220804-6354275  User: oesteban  Machine: dna038  Platform: Linux  PlatformVersion: 5.14.0-427.37.1.el9_4.x86_64  CompilerName: GCC  CompilerVersion: 8.4.0
mri_convert -all-info 
ProgramName: mri_convert  ProgramArguments: mri_convert -all-info  ProgramVersion: 7.3.2  TimeStamp: 2026/03/12-12:10:31-GMT  BuildTime: Aug  4 2022 06:17:15  BuildStamp: freesurfer-linux-ubuntu22_x86_64-7.3.2-20220804-6354275  User: oesteban  Machine: dna038  Platform: Linux  PlatformVersion: 5.14.0-427.37.1.el9_4.x86_64  CompilerName: GCC  CompilerVersion: 8.4.0
ProgramName: mri_diff  ProgramArguments: mri_diff -all-info  ProgramVersion: 7.3.2  TimeStamp: 2026/03/12-12:10:31-GMT  BuildTime: Aug  4 2022 06:17:15  BuildStamp: freesurfer-linux-ubuntu22_x86_64-7.3.2-20220804-6354275  User: oesteban  Machine: dna038  Platform: Linux  PlatformVersion: 5.14.0-427.37.1.el9_4.x86_64  CompilerName: GCC  CompilerVersion: 8.4.0
ProgramName: mri_edit_wm_with_aseg  ProgramArguments: mri_edit_wm_with_aseg -all-info  ProgramVersion: 7.3.2  TimeStamp: 2026/03/12-12:10:31-GMT  BuildTime: Aug  4 2022 06:17:15  BuildStamp: freesurfer-linux-ubuntu22_x86_64-7.3.2-20220804-6354275  User: oesteban  Machine: dna038  Platform: Linux  PlatformVersion: 5.14.0-427.37.1.el9_4.x86_64  CompilerName: GCC  CompilerVersion: 8.4.0
ProgramName: mri_em_register  ProgramArguments: mri_em_register -all-info  ProgramVersion: 7.3.2  TimeStamp: 2026/03/12-12:10:31-GMT  BuildTime: Aug  4 2022 06:17:15  BuildStamp: freesurfer-linux-ubuntu22_x86_64-7.3.2-20220804-6354275  User: oesteban  Machine: dna038  Platform: Linux  PlatformVersion: 5.14.0-427.37.1.el9_4.x86_64  CompilerName: GCC  CompilerVersion: 8.4.0
ProgramName: mri_fill  ProgramArguments: mri_fill -all-info  ProgramVersion: 7.3.2  TimeStamp: 2026/03/12-12:10:31-GMT  BuildTime: Aug  4 2022 06:17:15  BuildStamp: freesurfer-linux-ubuntu22_x86_64-7.3.2-20220804-6354275  User: oesteban  Machine: dna038  Platform: Linux  PlatformVersion: 5.14.0-427.37.1.el9_4.x86_64  CompilerName: GCC  CompilerVersion: 8.4.0
ProgramName: mri_fuse_segmentations  ProgramArguments: mri_fuse_segmentations -all-info  ProgramVersion: 7.3.2  TimeStamp: 2026/03/12-12:10:31-GMT  BuildTime: Aug  4 2022 06:17:15  BuildStamp: freesurfer-linux-ubuntu22_x86_64-7.3.2-20220804-6354275  User: oesteban  Machine: dna038  Platform: Linux  PlatformVersion: 5.14.0-427.37.1.el9_4.x86_64  CompilerName: GCC  CompilerVersion: 8.4.0
ProgramName: mri_fwhm  ProgramArguments: mri_fwhm -all-info  ProgramVersion: 7.3.2  TimeStamp: 2026/03/12-12:10:31-GMT  BuildTime: Aug  4 2022 06:17:15  BuildStamp: freesurfer-linux-ubuntu22_x86_64-7.3.2-20220804-6354275  User: oesteban  Machine: dna038  Platform: Linux  PlatformVersion: 5.14.0-427.37.1.el9_4.x86_64  CompilerName: GCC  CompilerVersion: 8.4.0
ProgramName: mri_gcut  ProgramArguments: mri_gcut -all-info  ProgramVersion: 7.3.2  TimeStamp: 2026/03/12-12:10:31-GMT  BuildTime: Aug  4 2022 06:17:15  BuildStamp: freesurfer-linux-ubuntu22_x86_64-7.3.2-20220804-6354275  User: oesteban  Machine: dna038  Platform: Linux  PlatformVersion: 5.14.0-427.37.1.el9_4.x86_64  CompilerName: GCC  CompilerVersion: 8.4.0
ProgramName: mri_info  ProgramArguments: mri_info -all-info  ProgramVersion: 7.3.2  TimeStamp: 2026/03/12-12:10:31-GMT  BuildTime: Aug  4 2022 06:17:15  BuildStamp: freesurfer-linux-ubuntu22_x86_64-7.3.2-20220804-6354275  User: oesteban  Machine: dna038  Platform: Linux  PlatformVersion: 5.14.0-427.37.1.el9_4.x86_64  CompilerName: GCC  CompilerVersion: 8.4.0
ProgramName: mri_label2label  ProgramArguments: mri_label2label -all-info  ProgramVersion: 7.3.2  TimeStamp: 2026/03/12-12:10:31-GMT  BuildTime: Aug  4 2022 06:17:15  BuildStamp: freesurfer-linux-ubuntu22_x86_64-7.3.2-20220804-6354275  User: oesteban  Machine: dna038  Platform: Linux  PlatformVersion: 5.14.0-427.37.1.el9_4.x86_64  CompilerName: GCC  CompilerVersion: 8.4.0
ProgramName: mri_label2vol  ProgramArguments: mri_label2vol -all-info  ProgramVersion: 7.3.2  TimeStamp: 2026/03/12-12:10:31-GMT  BuildTime: Aug  4 2022 06:17:15  BuildStamp: freesurfer-linux-ubuntu22_x86_64-7.3.2-20220804-6354275  User: oesteban  Machine: dna038  Platform: Linux  PlatformVersion: 5.14.0-427.37.1.el9_4.x86_64  CompilerName: GCC  CompilerVersion: 8.4.0
ProgramName: mri_log_likelihood  ProgramArguments: mri_log_likelihood -all-info  ProgramVersion: 7.3.2  TimeStamp: 2026/03/12-12:10:31-GMT  BuildTime: Aug  4 2022 06:17:15  BuildStamp: freesurfer-linux-ubuntu22_x86_64-7.3.2-20220804-6354275  User: oesteban  Machine: dna038  Platform: Linux  PlatformVersion: 5.14.0-427.37.1.el9_4.x86_64  CompilerName: GCC  CompilerVersion: 8.4.0
ProgramName: mri_mask  ProgramArguments: mri_mask -all-info  ProgramVersion: 7.3.2  TimeStamp: 2026/03/12-12:10:31-GMT  BuildTime: Aug  4 2022 06:17:15  BuildStamp: freesurfer-linux-ubuntu22_x86_64-7.3.2-20220804-6354275  User: oesteban  Machine: dna038  Platform: Linux  PlatformVersion: 5.14.0-427.37.1.el9_4.x86_64  CompilerName: GCC  CompilerVersion: 8.4.0
ProgramName: mri_matrix_multiply  ProgramArguments: mri_matrix_multiply -all-info  ProgramVersion: 7.3.2  TimeStamp: 2026/03/12-12:10:31-GMT  BuildTime: Aug  4 2022 06:17:15  BuildStamp: freesurfer-linux-ubuntu22_x86_64-7.3.2-20220804-6354275  User: oesteban  Machine: dna038  Platform: Linux  PlatformVersion: 5.14.0-427.37.1.el9_4.x86_64  CompilerName: GCC  CompilerVersion: 8.4.0
ProgramName: mri_normalize  ProgramArguments: mri_normalize -all-info  ProgramVersion: 7.3.2  TimeStamp: 2026/03/12-12:10:31-GMT  BuildTime: Aug  4 2022 06:17:15  BuildStamp: freesurfer-linux-ubuntu22_x86_64-7.3.2-20220804-6354275  User: oesteban  Machine: dna038  Platform: Linux  PlatformVersion: 5.14.0-427.37.1.el9_4.x86_64  CompilerName: GCC  CompilerVersion: 8.4.0
ProgramName: mri_normalize_tp2  ProgramArguments: mri_normalize_tp2 -all-info  ProgramVersion: 7.3.2  TimeStamp: 2026/03/12-12:10:31-GMT  BuildTime: Aug  4 2022 06:17:15  BuildStamp: freesurfer-linux-ubuntu22_x86_64-7.3.2-20220804-6354275  User: oesteban  Machine: dna038  Platform: Linux  PlatformVersion: 5.14.0-427.37.1.el9_4.x86_64  CompilerName: GCC  CompilerVersion: 8.4.0
ProgramName: mri_or  ProgramArguments: mri_or -all-info  ProgramVersion: 7.3.2  TimeStamp: 2026/03/12-12:10:31-GMT  BuildTime: Aug  4 2022 06:17:15  BuildStamp: freesurfer-linux-ubuntu22_x86_64-7.3.2-20220804-6354275  User: oesteban  Machine: dna038  Platform: Linux  PlatformVersion: 5.14.0-427.37.1.el9_4.x86_64  CompilerName: GCC  CompilerVersion: 8.4.0
ProgramName: mri_relabel_hypointensities  ProgramArguments: mri_relabel_hypointensities -all-info  ProgramVersion: 7.3.2  TimeStamp: 2026/03/12-12:10:31-GMT  BuildTime: Aug  4 2022 06:17:15  BuildStamp: freesurfer-linux-ubuntu22_x86_64-7.3.2-20220804-6354275  User: oesteban  Machine: dna038  Platform: Linux  PlatformVersion: 5.14.0-427.37.1.el9_4.x86_64  CompilerName: GCC  CompilerVersion: 8.4.0
ProgramName: mri_relabel_nonwm_hypos  ProgramArguments: mri_relabel_nonwm_hypos -all-info  ProgramVersion: 7.3.2  TimeStamp: 2026/03/12-12:10:31-GMT  BuildTime: Aug  4 2022 06:17:15  BuildStamp: freesurfer-linux-ubuntu22_x86_64-7.3.2-20220804-6354275  User: oesteban  Machine: dna038  Platform: Linux  PlatformVersion: 5.14.0-427.37.1.el9_4.x86_64  CompilerName: GCC  CompilerVersion: 8.4.0
ProgramName: mri_remove_neck  ProgramArguments: mri_remove_neck -all-info  ProgramVersion: 7.3.2  TimeStamp: 2026/03/12-12:10:31-GMT  BuildTime: Aug  4 2022 06:17:15  BuildStamp: freesurfer-linux-ubuntu22_x86_64-7.3.2-20220804-6354275  User: oesteban  Machine: dna038  Platform: Linux  PlatformVersion: 5.14.0-427.37.1.el9_4.x86_64  CompilerName: GCC  CompilerVersion: 8.4.0
7.3.2

ProgramName: mri_robust_register  ProgramArguments: mri_robust_register -all-info  ProgramVersion: 7.3.2  TimeStamp: 2026/03/12-12:10:31-GMT  BuildTime: Aug  4 2022 06:17:15  BuildStamp: freesurfer-linux-ubuntu22_x86_64-7.3.2-20220804-6354275  User: oesteban  Machine: dna038  Platform: Linux  PlatformVersion: 5.14.0-427.37.1.el9_4.x86_64  CompilerName: GCC  CompilerVersion: 8.4.0
7.3.2

ProgramName: mri_robust_template  ProgramArguments: mri_robust_template -all-info  ProgramVersion: 7.3.2  TimeStamp: 2026/03/12-12:10:31-GMT  BuildTime: Aug  4 2022 06:17:15  BuildStamp: freesurfer-linux-ubuntu22_x86_64-7.3.2-20220804-6354275  User: oesteban  Machine: dna038  Platform: Linux  PlatformVersion: 5.14.0-427.37.1.el9_4.x86_64  CompilerName: GCC  CompilerVersion: 8.4.0
ProgramName: mris_anatomical_stats  ProgramArguments: mris_anatomical_stats -all-info  ProgramVersion: 7.3.2  TimeStamp: 2026/03/12-12:10:31-GMT  BuildTime: Aug  4 2022 06:17:15  BuildStamp: freesurfer-linux-ubuntu22_x86_64-7.3.2-20220804-6354275  User: oesteban  Machine: dna038  Platform: Linux  PlatformVersion: 5.14.0-427.37.1.el9_4.x86_64  CompilerName: GCC  CompilerVersion: 8.4.0
ProgramName: mris_ca_label  ProgramArguments: mris_ca_label -all-info  ProgramVersion: 7.3.2  TimeStamp: 2026/03/12-12:10:31-GMT  BuildTime: Aug  4 2022 06:17:15  BuildStamp: freesurfer-linux-ubuntu22_x86_64-7.3.2-20220804-6354275  User: oesteban  Machine: dna038  Platform: Linux  PlatformVersion: 5.14.0-427.37.1.el9_4.x86_64  CompilerName: GCC  CompilerVersion: 8.4.0
ProgramName: mris_calc  ProgramArguments: mris_calc -all-info  ProgramVersion: 7.3.2  TimeStamp: 2026/03/12-12:10:31-GMT  BuildTime: Aug  4 2022 06:17:15  BuildStamp: freesurfer-linux-ubuntu22_x86_64-7.3.2-20220804-6354275  User: oesteban  Machine: dna038  Platform: Linux  PlatformVersion: 5.14.0-427.37.1.el9_4.x86_64  CompilerName: GCC  CompilerVersion: 8.4.0
ProgramName: mris_convert  ProgramArguments: mris_convert -all-info  ProgramVersion: 7.3.2  TimeStamp: 2026/03/12-12:10:31-GMT  BuildTime: Aug  4 2022 06:17:15  BuildStamp: freesurfer-linux-ubuntu22_x86_64-7.3.2-20220804-6354275  User: oesteban  Machine: dna038  Platform: Linux  PlatformVersion: 5.14.0-427.37.1.el9_4.x86_64  CompilerName: GCC  CompilerVersion: 8.4.0
ProgramName: mris_curvature  ProgramArguments: mris_curvature -all-info  ProgramVersion: 7.3.2  TimeStamp: 2026/03/12-12:10:31-GMT  BuildTime: Aug  4 2022 06:17:15  BuildStamp: freesurfer-linux-ubuntu22_x86_64-7.3.2-20220804-6354275  User: oesteban  Machine: dna038  Platform: Linux  PlatformVersion: 5.14.0-427.37.1.el9_4.x86_64  CompilerName: GCC  CompilerVersion: 8.4.0
ProgramName: mris_curvature_stats  ProgramArguments: mris_curvature_stats -all-info  ProgramVersion: 7.3.2  TimeStamp: 2026/03/12-12:10:31-GMT  BuildTime: Aug  4 2022 06:17:15  BuildStamp: freesurfer-linux-ubuntu22_x86_64-7.3.2-20220804-6354275  User: oesteban  Machine: dna038  Platform: Linux  PlatformVersion: 5.14.0-427.37.1.el9_4.x86_64  CompilerName: GCC  CompilerVersion: 8.4.0
ProgramName: mris_diff  ProgramArguments: mris_diff -all-info  ProgramVersion: 7.3.2  TimeStamp: 2026/03/12-12:10:31-GMT  BuildTime: Aug  4 2022 06:17:15  BuildStamp: freesurfer-linux-ubuntu22_x86_64-7.3.2-20220804-6354275  User: oesteban  Machine: dna038  Platform: Linux  PlatformVersion: 5.14.0-427.37.1.el9_4.x86_64  CompilerName: GCC  CompilerVersion: 8.4.0
ProgramName: mris_divide_parcellation  ProgramArguments: mris_divide_parcellation -all-info  ProgramVersion: 7.3.2  TimeStamp: 2026/03/12-12:10:31-GMT  BuildTime: Aug  4 2022 06:17:15  BuildStamp: freesurfer-linux-ubuntu22_x86_64-7.3.2-20220804-6354275  User: oesteban  Machine: dna038  Platform: Linux  PlatformVersion: 5.14.0-427.37.1.el9_4.x86_64  CompilerName: GCC  CompilerVersion: 8.4.0
ProgramName: mri_segment  ProgramArguments: mri_segment -all-info  ProgramVersion: 7.3.2  TimeStamp: 2026/03/12-12:10:31-GMT  BuildTime: Aug  4 2022 06:17:15  BuildStamp: freesurfer-linux-ubuntu22_x86_64-7.3.2-20220804-6354275  User: oesteban  Machine: dna038  Platform: Linux  PlatformVersion: 5.14.0-427.37.1.el9_4.x86_64  CompilerName: GCC  CompilerVersion: 8.4.0
ProgramName: mri_segstats  ProgramArguments: mri_segstats -all-info  ProgramVersion: 7.3.2  TimeStamp: 2026/03/12-12:10:31-GMT  BuildTime: Aug  4 2022 06:17:15  BuildStamp: freesurfer-linux-ubuntu22_x86_64-7.3.2-20220804-6354275  User: oesteban  Machine: dna038  Platform: Linux  PlatformVersion: 5.14.0-427.37.1.el9_4.x86_64  CompilerName: GCC  CompilerVersion: 8.4.0
ProgramName: mris_euler_number  ProgramArguments: mris_euler_number -all-info  ProgramVersion: 7.3.2  TimeStamp: 2026/03/12-12:10:31-GMT  BuildTime: Aug  4 2022 06:17:15  BuildStamp: freesurfer-linux-ubuntu22_x86_64-7.3.2-20220804-6354275  User: oesteban  Machine: dna038  Platform: Linux  PlatformVersion: 5.14.0-427.37.1.el9_4.x86_64  CompilerName: GCC  CompilerVersion: 8.4.0
ProgramName: mris_fix_topology  ProgramArguments: mris_fix_topology -all-info  ProgramVersion: 7.3.2  TimeStamp: 2026/03/12-12:10:31-GMT  BuildTime: Aug  4 2022 06:17:15  BuildStamp: freesurfer-linux-ubuntu22_x86_64-7.3.2-20220804-6354275  User: oesteban  Machine: dna038  Platform: Linux  PlatformVersion: 5.14.0-427.37.1.el9_4.x86_64  CompilerName: GCC  CompilerVersion: 8.4.0
ProgramName: mris_topo_fixer  ProgramArguments: mris_topo_fixer -all-info  ProgramVersion: 7.3.2  TimeStamp: 2026/03/12-12:10:31-GMT  BuildTime: Aug  4 2022 06:17:15  BuildStamp: freesurfer-linux-ubuntu22_x86_64-7.3.2-20220804-6354275  User: oesteban  Machine: dna038  Platform: Linux  PlatformVersion: 5.14.0-427.37.1.el9_4.x86_64  CompilerName: GCC  CompilerVersion: 8.4.0
ProgramName: mris_jacobian  ProgramArguments: mris_jacobian -all-info  ProgramVersion: 7.3.2  TimeStamp: 2026/03/12-12:10:31-GMT  BuildTime: Aug  4 2022 06:17:15  BuildStamp: freesurfer-linux-ubuntu22_x86_64-7.3.2-20220804-6354275  User: oesteban  Machine: dna038  Platform: Linux  PlatformVersion: 5.14.0-427.37.1.el9_4.x86_64  CompilerName: GCC  CompilerVersion: 8.4.0
ProgramName: mris_label2annot  ProgramArguments: mris_label2annot -all-info  ProgramVersion: 7.3.2  TimeStamp: 2026/03/12-12:10:31-GMT  BuildTime: Aug  4 2022 06:17:15  BuildStamp: freesurfer-linux-ubuntu22_x86_64-7.3.2-20220804-6354275  User: oesteban  Machine: dna038  Platform: Linux  PlatformVersion: 5.14.0-427.37.1.el9_4.x86_64  CompilerName: GCC  CompilerVersion: 8.4.0
ProgramName: mris_left_right_register  ProgramArguments: mris_left_right_register -all-info  ProgramVersion: 7.3.2  TimeStamp: 2026/03/12-12:10:31-GMT  BuildTime: Aug  4 2022 06:17:15  BuildStamp: freesurfer-linux-ubuntu22_x86_64-7.3.2-20220804-6354275  User: oesteban  Machine: dna038  Platform: Linux  PlatformVersion: 5.14.0-427.37.1.el9_4.x86_64  CompilerName: GCC  CompilerVersion: 8.4.0
ProgramName: mris_place_surface  ProgramArguments: mris_place_surface -all-info  ProgramVersion: 7.3.2  TimeStamp: 2026/03/12-12:10:31-GMT  BuildTime: Aug  4 2022 06:17:15  BuildStamp: freesurfer-linux-ubuntu22_x86_64-7.3.2-20220804-6354275  User: oesteban  Machine: dna038  Platform: Linux  PlatformVersion: 5.14.0-427.37.1.el9_4.x86_64  CompilerName: GCC  CompilerVersion: 8.4.0
ProgramName: mrisp_paint  ProgramArguments: mrisp_paint -all-info  ProgramVersion: 7.3.2  TimeStamp: 2026/03/12-12:10:31-GMT  BuildTime: Aug  4 2022 06:17:15  BuildStamp: freesurfer-linux-ubuntu22_x86_64-7.3.2-20220804-6354275  User: oesteban  Machine: dna038  Platform: Linux  PlatformVersion: 5.14.0-427.37.1.el9_4.x86_64  CompilerName: GCC  CompilerVersion: 8.4.0
ProgramName: mris_register  ProgramArguments: mris_register -all-info  ProgramVersion: 7.3.2  TimeStamp: 2026/03/12-12:10:31-GMT  BuildTime: Aug  4 2022 06:17:15  BuildStamp: freesurfer-linux-ubuntu22_x86_64-7.3.2-20220804-6354275  User: oesteban  Machine: dna038  Platform: Linux  PlatformVersion: 5.14.0-427.37.1.el9_4.x86_64  CompilerName: GCC  CompilerVersion: 8.4.0
ProgramName: mris_smooth  ProgramArguments: mris_smooth -all-info  ProgramVersion: 7.3.2  TimeStamp: 2026/03/12-12:10:31-GMT  BuildTime: Aug  4 2022 06:17:15  BuildStamp: freesurfer-linux-ubuntu22_x86_64-7.3.2-20220804-6354275  User: oesteban  Machine: dna038  Platform: Linux  PlatformVersion: 5.14.0-427.37.1.el9_4.x86_64  CompilerName: GCC  CompilerVersion: 8.4.0
ProgramName: mris_sphere  ProgramArguments: mris_sphere -all-info  ProgramVersion: 7.3.2  TimeStamp: 2026/03/12-12:10:31-GMT  BuildTime: Aug  4 2022 06:17:15  BuildStamp: freesurfer-linux-ubuntu22_x86_64-7.3.2-20220804-6354275  User: oesteban  Machine: dna038  Platform: Linux  PlatformVersion: 5.14.0-427.37.1.el9_4.x86_64  CompilerName: GCC  CompilerVersion: 8.4.0
ProgramName: mris_surface_stats  ProgramArguments: mris_surface_stats -all-info  ProgramVersion: 7.3.2  TimeStamp: 2026/03/12-12:10:31-GMT  BuildTime: Aug  4 2022 06:17:15  BuildStamp: freesurfer-linux-ubuntu22_x86_64-7.3.2-20220804-6354275  User: oesteban  Machine: dna038  Platform: Linux  PlatformVersion: 5.14.0-427.37.1.el9_4.x86_64  CompilerName: GCC  CompilerVersion: 8.4.0
ProgramName: mri_stats2seg  ProgramArguments: mri_stats2seg -all-info  ProgramVersion: 7.3.2  TimeStamp: 2026/03/12-12:10:31-GMT  BuildTime: Aug  4 2022 06:17:15  BuildStamp: freesurfer-linux-ubuntu22_x86_64-7.3.2-20220804-6354275  User: oesteban  Machine: dna038  Platform: Linux  PlatformVersion: 5.14.0-427.37.1.el9_4.x86_64  CompilerName: GCC  CompilerVersion: 8.4.0
ProgramName: mris_thickness  ProgramArguments: mris_thickness -all-info  ProgramVersion: 7.3.2  TimeStamp: 2026/03/12-12:10:31-GMT  BuildTime: Aug  4 2022 06:17:15  BuildStamp: freesurfer-linux-ubuntu22_x86_64-7.3.2-20220804-6354275  User: oesteban  Machine: dna038  Platform: Linux  PlatformVersion: 5.14.0-427.37.1.el9_4.x86_64  CompilerName: GCC  CompilerVersion: 8.4.0
ProgramName: mris_thickness_diff  ProgramArguments: mris_thickness_diff -all-info  ProgramVersion: 7.3.2  TimeStamp: 2026/03/12-12:10:31-GMT  BuildTime: Aug  4 2022 06:17:15  BuildStamp: freesurfer-linux-ubuntu22_x86_64-7.3.2-20220804-6354275  User: oesteban  Machine: dna038  Platform: Linux  PlatformVersion: 5.14.0-427.37.1.el9_4.x86_64  CompilerName: GCC  CompilerVersion: 8.4.0
ProgramName: mris_topo_fixer  ProgramArguments: mris_topo_fixer -all-info  ProgramVersion: 7.3.2  TimeStamp: 2026/03/12-12:10:31-GMT  BuildTime: Aug  4 2022 06:17:15  BuildStamp: freesurfer-linux-ubuntu22_x86_64-7.3.2-20220804-6354275  User: oesteban  Machine: dna038  Platform: Linux  PlatformVersion: 5.14.0-427.37.1.el9_4.x86_64  CompilerName: GCC  CompilerVersion: 8.4.0
ProgramName: mri_surf2surf  ProgramArguments: mri_surf2surf -all-info  ProgramVersion: 7.3.2  TimeStamp: 2026/03/12-12:10:31-GMT  BuildTime: Aug  4 2022 06:17:15  BuildStamp: freesurfer-linux-ubuntu22_x86_64-7.3.2-20220804-6354275  User: oesteban  Machine: dna038  Platform: Linux  PlatformVersion: 5.14.0-427.37.1.el9_4.x86_64  CompilerName: GCC  CompilerVersion: 8.4.0
ProgramName: mri_surf2vol  ProgramArguments: mri_surf2vol -all-info  ProgramVersion: 7.3.2  TimeStamp: 2026/03/12-12:10:31-GMT  BuildTime: Aug  4 2022 06:17:15  BuildStamp: freesurfer-linux-ubuntu22_x86_64-7.3.2-20220804-6354275  User: oesteban  Machine: dna038  Platform: Linux  PlatformVersion: 5.14.0-427.37.1.el9_4.x86_64  CompilerName: GCC  CompilerVersion: 8.4.0
ProgramName: mri_surfcluster  ProgramArguments: mri_surfcluster -all-info  ProgramVersion: 7.3.2  TimeStamp: 2026/03/12-12:10:31-GMT  BuildTime: Aug  4 2022 06:17:15  BuildStamp: freesurfer-linux-ubuntu22_x86_64-7.3.2-20220804-6354275  User: oesteban  Machine: dna038  Platform: Linux  PlatformVersion: 5.14.0-427.37.1.el9_4.x86_64  CompilerName: GCC  CompilerVersion: 8.4.0
ProgramName: mris_volmask  ProgramArguments: mris_volmask -all-info  ProgramVersion: 7.3.2  TimeStamp: 2026/03/12-12:10:31-GMT  BuildTime: Aug  4 2022 06:17:15  BuildStamp: freesurfer-linux-ubuntu22_x86_64-7.3.2-20220804-6354275  User: oesteban  Machine: dna038  Platform: Linux  PlatformVersion: 5.14.0-427.37.1.el9_4.x86_64  CompilerName: GCC  CompilerVersion: 8.4.0
ProgramName: mri_tessellate  ProgramArguments: mri_tessellate -all-info  ProgramVersion: 7.3.2  TimeStamp: 2026/03/12-12:10:31-GMT  BuildTime: Aug  4 2022 06:17:15  BuildStamp: freesurfer-linux-ubuntu22_x86_64-7.3.2-20220804-6354275  User: oesteban  Machine: dna038  Platform: Linux  PlatformVersion: 5.14.0-427.37.1.el9_4.x86_64  CompilerName: GCC  CompilerVersion: 8.4.0
ProgramName: mri_vol2surf  ProgramArguments: mri_vol2surf -all-info  ProgramVersion: 7.3.2  TimeStamp: 2026/03/12-12:10:31-GMT  BuildTime: Aug  4 2022 06:17:15  BuildStamp: freesurfer-linux-ubuntu22_x86_64-7.3.2-20220804-6354275  User: oesteban  Machine: dna038  Platform: Linux  PlatformVersion: 5.14.0-427.37.1.el9_4.x86_64  CompilerName: GCC  CompilerVersion: 8.4.0
ProgramName: mri_vol2vol  ProgramArguments: mri_vol2vol -all-info  ProgramVersion: 7.3.2  TimeStamp: 2026/03/12-12:10:31-GMT  BuildTime: Aug  4 2022 06:17:15  BuildStamp: freesurfer-linux-ubuntu22_x86_64-7.3.2-20220804-6354275  User: oesteban  Machine: dna038  Platform: Linux  PlatformVersion: 5.14.0-427.37.1.el9_4.x86_64  CompilerName: GCC  CompilerVersion: 8.4.0
ProgramName: mri_voldiff  ProgramArguments: mri_voldiff -all-info  ProgramVersion: 7.3.2  TimeStamp: 2026/03/12-12:10:31-GMT  BuildTime: Aug  4 2022 06:17:15  BuildStamp: freesurfer-linux-ubuntu22_x86_64-7.3.2-20220804-6354275  User: oesteban  Machine: dna038  Platform: Linux  PlatformVersion: 5.14.0-427.37.1.el9_4.x86_64  CompilerName: GCC  CompilerVersion: 8.4.0
ProgramName: mri_watershed  ProgramArguments: mri_watershed -all-info  ProgramVersion: 7.3.2  TimeStamp: 2026/03/12-12:10:31-GMT  BuildTime: Aug  4 2022 06:17:15  BuildStamp: freesurfer-linux-ubuntu22_x86_64-7.3.2-20220804-6354275  User: oesteban  Machine: dna038  Platform: Linux  PlatformVersion: 5.14.0-427.37.1.el9_4.x86_64  CompilerName: GCC  CompilerVersion: 8.4.0
ProgramName: tkregister2  ProgramArguments: tkregister2_cmdl -all-info  ProgramVersion: 7.3.2  TimeStamp: 2026/03/12-12:10:31-GMT  BuildTime: Aug  4 2022 06:17:15  BuildStamp: freesurfer-linux-ubuntu22_x86_64-7.3.2-20220804-6354275  User: oesteban  Machine: dna038  Platform: Linux  PlatformVersion: 5.14.0-427.37.1.el9_4.x86_64  CompilerName: GCC  CompilerVersion: 8.4.0
mri_motion_correct.fsl 7.3.2
mri_convert -all-info 
ProgramName: mri_convert  ProgramArguments: mri_convert -all-info  ProgramVersion: 7.3.2  TimeStamp: 2026/03/12-12:10:31-GMT  BuildTime: Aug  4 2022 06:17:15  BuildStamp: freesurfer-linux-ubuntu22_x86_64-7.3.2-20220804-6354275  User: oesteban  Machine: dna038  Platform: Linux  PlatformVersion: 5.14.0-427.37.1.el9_4.x86_64  CompilerName: GCC  CompilerVersion: 8.4.0
Program nu_correct, built from:
Package MNI N3, version 1.12.0, compiled by nicks@terrier (x86_64-unknown-linux-gnu) on 2015-06-19 at 01:25:34
#######################################
GCADIR /opt/freesurfer/average
GCA RB_all_2020-01-02.gca
GCASkull RB_all_withskull_2020_01_02.gca
AvgCurvTif folding.atlas.acfb40.noaparc.i12.2016-08-02.tif
GCSDIR /opt/freesurfer/average
GCS DKaparc.atlas.acfb40.noaparc.i12.2016-08-02.gcs
#######################################
#--------------------------------------------
#@# AutoDetGWStats lh Thu Mar 12 13:10:31 CET 2026
cd /out/sourcedata/freesurfer/sub-v1s11x0050157_ses-1/mri
mris_autodet_gwstats --o ../surf/autodet.gw.stats.lh.dat --i brain.finalsurfs.mgz --wm wm.mgz --surf ../surf/lh.orig.premesh
  Update not needed
#--------------------------------------------
#@# WhitePreAparc lh Thu Mar 12 13:10:31 CET 2026
cd /out/sourcedata/freesurfer/sub-v1s11x0050157_ses-1/mri
mris_place_surface --adgws-in ../surf/autodet.gw.stats.lh.dat --wm wm.mgz --threads 16 --invol brain.finalsurfs.mgz --lh --i ../surf/lh.orig --o ../surf/lh.white.preaparc --white --seg aseg.presurf.mgz --nsmooth 5
   Update not needed
#--------------------------------------------
#@# CortexLabel lh Thu Mar 12 13:10:31 CET 2026
cd /out/sourcedata/freesurfer/sub-v1s11x0050157_ses-1/mri
mri_label2label --label-cortex ../surf/lh.white.preaparc aseg.presurf.mgz 0 ../label/lh.cortex.label
   Update not needed
#--------------------------------------------
#@# CortexLabel+HipAmyg lh Thu Mar 12 13:10:31 CET 2026
cd /out/sourcedata/freesurfer/sub-v1s11x0050157_ses-1/mri
mri_label2label --label-cortex ../surf/lh.white.preaparc aseg.presurf.mgz 1 ../label/lh.cortex+hipamyg.label
   Update not needed
#@# white curv lh Thu Mar 12 13:10:31 CET 2026
cd /out/sourcedata/freesurfer/sub-v1s11x0050157_ses-1/mri
mris_place_surface --curv-map ../surf/lh.white 2 10 ../surf/lh.curv
   Update not needed
#@# white area lh Thu Mar 12 13:10:31 CET 2026
cd /out/sourcedata/freesurfer/sub-v1s11x0050157_ses-1/mri
mris_place_surface --area-map ../surf/lh.white ../surf/lh.area
   Update not needed
#@# pial curv lh Thu Mar 12 13:10:31 CET 2026
cd /out/sourcedata/freesurfer/sub-v1s11x0050157_ses-1/mri
mris_place_surface --curv-map ../surf/lh.pial 2 10 ../surf/lh.curv.pial
   Update not needed
#@# pial area lh Thu Mar 12 13:10:31 CET 2026
cd /out/sourcedata/freesurfer/sub-v1s11x0050157_ses-1/mri
mris_place_surface --area-map ../surf/lh.pial ../surf/lh.area.pial
   Update not needed
#@# thickness lh Thu Mar 12 13:10:31 CET 2026
cd /out/sourcedata/freesurfer/sub-v1s11x0050157_ses-1/mri
mris_place_surface --thickness ../surf/lh.white ../surf/lh.pial 20 5 ../surf/lh.thickness
   Update not needed
#@# area and vertex vol lh Thu Mar 12 13:10:31 CET 2026
cd /out/sourcedata/freesurfer/sub-v1s11x0050157_ses-1/mri
mris_place_surface --thickness ../surf/lh.white ../surf/lh.pial 20 5 ../surf/lh.thickness
   Update not needed
#-----------------------------------------
#@# Parcellation Stats lh Thu Mar 12 13:10:31 CET 2026
/out/sourcedata/freesurfer/sub-v1s11x0050157_ses-1/scripts

 mris_anatomical_stats -th3 -mgz -noglobal -cortex ../label/lh.cortex.label -f ../stats/lh.aparc.stats -b -a ../label/lh.aparc.annot -c ../label/aparc.annot.ctab sub-v1s11x0050157_ses-1 lh white 

computing statistics for each annotation in ../label/lh.aparc.annot.
reading volume /out/sourcedata/freesurfer/sub-v1s11x0050157_ses-1/mri/wm.mgz...
reading input surface /out/sourcedata/freesurfer/sub-v1s11x0050157_ses-1/surf/lh.white...
reading input pial surface /out/sourcedata/freesurfer/sub-v1s11x0050157_ses-1/surf/lh.pial...
reading input white surface /out/sourcedata/freesurfer/sub-v1s11x0050157_ses-1/surf/lh.white...
INFO: using TH3 volume calc
INFO: assuming MGZ format for volumes.
INFO: not computing global stats
INFO: using ../label/lh.cortex.label as mask to calc cortex NumVert, SurfArea and MeanThickness.
Using TH3 vertex volume calc
Total face volume 289339
Total vertex volume 289036 (mask=0)
Saving annotation colortable ../label/aparc.annot.ctab

table columns are:
    number of vertices
    total surface area (mm^2)
    total gray matter volume (mm^3)
    average cortical thickness +- standard deviation (mm)
    integrated rectified mean curvature
    integrated rectified Gaussian curvature
    folding index
    intrinsic curvature index
    structure name

 1487    953   2509  2.839 0.408     0.072     0.009        4     0.6  bankssts
 1301    983   3306  2.738 0.920     0.125     0.020       20     1.3  caudalanteriorcingulate
 3348   2389   7271  2.714 0.581     0.108     0.019       35     2.7  caudalmiddlefrontal
 1849   1377   2554  1.835 0.481     0.154     0.031       24     2.5  cuneus
  730    525   2140  3.126 0.697     0.118     0.027        7     0.8  entorhinal
 4572   3170  11962  3.150 0.680     0.115     0.024       47     4.9  fusiform
 6850   5005  16106  2.761 0.638     0.114     0.023       74     6.8  inferiorparietal
 5469   4218  16261  3.210 0.777     0.131     0.026       74     6.4  inferiortemporal
 1693   1205   3685  2.460 0.861     0.122     0.027       21     2.0  isthmuscingulate
 7141   5454  13886  2.259 0.588     0.146     0.030      104     8.8  lateraloccipital
 3559   2567   9867  3.385 0.674     0.124     0.024       44     3.8  lateralorbitofrontal
 4369   3190   7608  2.268 0.703     0.136     0.029       52     5.3  lingual
 2946   2100   7342  2.970 0.850     0.115     0.028       35     3.5  medialorbitofrontal
 5235   3853  16242  3.239 0.716     0.117     0.023       64     5.1  middletemporal
 1124    707   2349  2.695 0.961     0.097     0.021       14     1.2  parahippocampal
 2346   1651   4705  2.710 0.575     0.117     0.023       22     2.2  paracentral
 2079   1538   5011  2.903 0.558     0.117     0.023       21     2.3  parsopercularis
  930    729   3240  3.066 0.934     0.154     0.046       21     2.1  parsorbitalis
 1926   1489   4920  2.809 0.594     0.133     0.027       32     2.4  parstriangularis
 1625   1215   1537  1.502 0.368     0.148     0.036       18     2.5  pericalcarine
 6051   4441  11477  2.293 0.857     0.118     0.023       63     6.3  postcentral
 2304   1638   5227  2.793 0.931     0.115     0.021       27     2.1  posteriorcingulate
 7546   5374  17346  2.939 0.678     0.112     0.020       67     6.3  precentral
 4631   3323  10688  2.855 0.651     0.119     0.023       48     4.7  precuneus
 1276    930   3665  3.340 0.882     0.115     0.023       17     1.3  rostralanteriorcingulate
 5935   4467  12799  2.478 0.716     0.131     0.033       94     8.2  rostralmiddlefrontal
10182   7592  26945  3.042 0.738     0.122     0.027      123    11.2  superiorfrontal
 7545   5503  15059  2.381 0.635     0.131     0.024      102     8.0  superiorparietal
 5880   4062  15227  3.259 0.651     0.097     0.017       51     4.1  superiortemporal
 5206   3937  13436  2.918 0.717     0.126     0.026       71     6.1  supramarginal
  340    308   1297  2.870 0.783     0.190     0.064       12     0.8  frontalpole
  795    548   3235  3.672 0.767     0.105     0.026        9     0.8  temporalpole
  615    447   1256  2.985 0.699     0.146     0.026        8     0.6  transversetemporal
 3835   2555   8879  3.554 0.782     0.097     0.022       27     3.4  insula

 mris_anatomical_stats -th3 -mgz -noglobal -cortex ../label/lh.cortex.label -f ../stats/lh.aparc.pial.stats -b -a ../label/lh.aparc.annot -c ../label/aparc.annot.ctab sub-v1s11x0050157_ses-1 lh pial 

computing statistics for each annotation in ../label/lh.aparc.annot.
reading volume /out/sourcedata/freesurfer/sub-v1s11x0050157_ses-1/mri/wm.mgz...
reading input surface /out/sourcedata/freesurfer/sub-v1s11x0050157_ses-1/surf/lh.pial...
reading input pial surface /out/sourcedata/freesurfer/sub-v1s11x0050157_ses-1/surf/lh.pial...
reading input white surface /out/sourcedata/freesurfer/sub-v1s11x0050157_ses-1/surf/lh.white...
INFO: using TH3 volume calc
INFO: assuming MGZ format for volumes.
INFO: not computing global stats
INFO: using ../label/lh.cortex.label as mask to calc cortex NumVert, SurfArea and MeanThickness.
Using TH3 vertex volume calc
Total face volume 289339
Total vertex volume 289036 (mask=0)
Saving annotation colortable ../label/aparc.annot.ctab

table columns are:
    number of vertices
    total surface area (mm^2)
    total gray matter volume (mm^3)
    average cortical thickness +- standard deviation (mm)
    integrated rectified mean curvature
    integrated rectified Gaussian curvature
    folding index
    intrinsic curvature index
    structure name

 1487    800   2509  2.839 0.408     0.087     0.021       25     1.3  bankssts
 1301   1343   3306  2.738 0.920     0.196     0.054      221     3.4  caudalanteriorcingulate
 3348   2948   7271  2.714 0.581     0.142     0.031       55     4.1  caudalmiddlefrontal
 1849   1598   2554  1.835 0.481     0.155     0.039       26     3.1  cuneus
  730    891   2140  3.126 0.697     0.275     0.083      103     3.2  entorhinal
 4572   4355  11962  3.150 0.680     0.156     0.039       81     7.3  fusiform
 6850   6650  16106  2.761 0.638     0.166     0.036      128    10.9  inferiorparietal
 5469   5942  16261  3.210 0.777     0.185     0.048      176    10.2  inferiortemporal
 1693   1732   3685  2.460 0.861     0.196     0.063      122     4.2  isthmuscingulate
 7141   6990  13886  2.259 0.588     0.161     0.041      150     9.9  lateraloccipital
 3559   3290   9867  3.385 0.674     0.147     0.044      138     5.2  lateralorbitofrontal
 4369   3883   7608  2.268 0.703     0.153     0.041      132     6.8  lingual
 2946   2896   7342  2.970 0.850     0.163     0.041      392     4.8  medialorbitofrontal
 5235   6000  16242  3.239 0.716     0.174     0.036      129     8.4  middletemporal
 1124   1168   2349  2.695 0.961     0.199     0.055       22     3.0  parahippocampal
 2346   1921   4705  2.710 0.575     0.143     0.042       45     3.3  paracentral
 2079   2005   5011  2.903 0.558     0.157     0.034     1612     2.7  parsopercularis
  930   1302   3240  3.066 0.934     0.221     0.047       13     2.1  parsorbitalis
 1926   2100   4920  2.809 0.594     0.184     0.047      159     3.1  parstriangularis
 1625    957   1537  1.502 0.368     0.122     0.043       37     2.3  pericalcarine
 6051   5735  11477  2.293 0.857     0.157     0.032       85     8.3  postcentral
 2304   2063   5227  2.793 0.931     0.158     0.043       78     3.9  posteriorcingulate
 7546   6242  17346  2.939 0.678     0.142     0.048      591     9.8  precentral
 4631   4135  10688  2.855 0.651     0.163     0.092      822     7.3  precuneus
 1276   1333   3665  3.340 0.882     0.194     0.048       41     2.6  rostralanteriorcingulate
 5935   6230  12799  2.478 0.716     0.171     0.039      189     9.7  rostralmiddlefrontal
10182  10153  26945  3.042 0.738     0.165     0.039      220    16.1  superiorfrontal
 7545   7119  15059  2.381 0.635     0.158     0.038      141    10.4  superiorparietal
 5880   5330  15227  3.259 0.651     0.144     0.033       95     8.0  superiortemporal
 5206   5281  13436  2.918 0.717     0.179     0.043      138     8.7  supramarginal
  340    600   1297  2.870 0.783     0.262     0.060        7     0.8  frontalpole
  795   1209   3235  3.672 0.767     0.212     0.043       11     1.4  temporalpole
  615    469   1256  2.985 0.699     0.151     0.054       20     0.9  transversetemporal
 3835   2393   8879  3.554 0.782     0.137     0.040      776     5.5  insula
#-----------------------------------------
#@# Parcellation Stats 2 lh Thu Mar 12 13:10:48 CET 2026
/out/sourcedata/freesurfer/sub-v1s11x0050157_ses-1/scripts

 mris_anatomical_stats -th3 -mgz -noglobal -cortex ../label/lh.cortex.label -f ../stats/lh.aparc.a2009s.stats -b -a ../label/lh.aparc.a2009s.annot -c ../label/aparc.annot.a2009s.ctab sub-v1s11x0050157_ses-1 lh white 

computing statistics for each annotation in ../label/lh.aparc.a2009s.annot.
reading volume /out/sourcedata/freesurfer/sub-v1s11x0050157_ses-1/mri/wm.mgz...
reading input surface /out/sourcedata/freesurfer/sub-v1s11x0050157_ses-1/surf/lh.white...
reading input pial surface /out/sourcedata/freesurfer/sub-v1s11x0050157_ses-1/surf/lh.pial...
reading input white surface /out/sourcedata/freesurfer/sub-v1s11x0050157_ses-1/surf/lh.white...
INFO: using TH3 volume calc
INFO: assuming MGZ format for volumes.
INFO: not computing global stats
INFO: using ../label/lh.cortex.label as mask to calc cortex NumVert, SurfArea and MeanThickness.
Using TH3 vertex volume calc
Total face volume 289339
Total vertex volume 289036 (mask=0)
Saving annotation colortable ../label/aparc.annot.a2009s.ctab

table columns are:
    number of vertices
    total surface area (mm^2)
    total gray matter volume (mm^3)
    average cortical thickness +- standard deviation (mm)
    integrated rectified mean curvature
    integrated rectified Gaussian curvature
    folding index
    intrinsic curvature index
    structure name

 1021    770   2090  2.397 0.748     0.144     0.039       17     1.8  G_and_S_frontomargin
 1585   1255   3846  2.486 0.619     0.142     0.028       23     1.9  G_and_S_occipital_inf
 1649   1239   3324  2.343 0.584     0.130     0.026       20     1.7  G_and_S_paracentral
 1751   1292   5562  3.521 0.683     0.130     0.025       21     1.9  G_and_S_subcentral
  656    555   2193  2.729 0.714     0.183     0.064       22     1.5  G_and_S_transv_frontopol
 2060   1468   5065  3.249 0.728     0.109     0.019       17     1.8  G_and_S_cingul-Ant
 1524   1132   3801  3.287 0.680     0.115     0.023       17     1.4  G_and_S_cingul-Mid-Ant
 1849   1270   4016  2.900 0.539     0.103     0.018       17     1.4  G_and_S_cingul-Mid-Post
  646    501   2364  3.367 0.970     0.155     0.042       11     1.0  G_cingul-Post-dorsal
  326    233   1013  2.884 0.859     0.154     0.033        6     0.4  G_cingul-Post-ventral
 1759   1336   2449  1.731 0.485     0.157     0.030       24     2.4  G_cuneus
 1262   1036   4366  3.142 0.617     0.143     0.031       20     2.0  G_front_inf-Opercular
  550    416   1677  2.881 0.570     0.136     0.026       12     0.6  G_front_inf-Orbital
  898    801   2985  2.790 0.566     0.164     0.042       24     1.8  G_front_inf-Triangul
 3385   2623   8910  2.582 0.673     0.135     0.033       68     4.4  G_front_middle
 6808   5350  22162  3.160 0.726     0.141     0.033      117     9.4  G_front_sup
  746    538   1856  3.378 0.822     0.128     0.033       10     1.1  G_Ins_lg_and_S_cent_ins
  864    578   3101  3.764 0.834     0.099     0.026        8     0.9  G_insular_short
 2134   1674   5956  2.656 0.687     0.147     0.031       38     2.7  G_occipital_middle
 1341   1036   2846  2.400 0.581     0.160     0.031       23     1.7  G_occipital_sup
 1750   1192   5255  3.318 0.485     0.119     0.025       22     1.9  G_oc-temp_lat-fusifor
 2764   2072   5267  2.164 0.727     0.153     0.037       42     4.1  G_oc-temp_med-Lingual
 1421    964   3794  2.849 0.965     0.111     0.028       19     1.8  G_oc-temp_med-Parahip
 2108   1654   8189  3.484 0.798     0.152     0.041       49     3.9  G_orbital
 2366   1908   8174  2.889 0.765     0.140     0.033       43     3.3  G_pariet_inf-Angular
 2627   2125   8554  3.003 0.687     0.140     0.033       47     3.7  G_pariet_inf-Supramar
 2912   2260   7130  2.410 0.688     0.144     0.031       53     3.9  G_parietal_sup
 2225   1780   4461  2.065 0.608     0.139     0.029       34     3.0  G_postcentral
 2553   1929   7330  2.894 0.640     0.119     0.023       30     2.3  G_precentral
 2415   1846   7863  3.070 0.695     0.142     0.028       38     3.0  G_precuneus
 1080    821   3720  3.208 0.780     0.125     0.033       17     1.5  G_rectus
  589    380   1098  3.008 1.023     0.141     0.051        7     1.3  G_subcallosal
  438    326   1108  2.825 0.706     0.157     0.033        8     0.6  G_temp_sup-G_T_transv
 1951   1397   6744  3.311 0.632     0.127     0.026       31     2.0  G_temp_sup-Lateral
  714    450   2152  3.870 0.599     0.058     0.010        2     0.2  G_temp_sup-Plan_polar
  680    479   1624  2.971 0.557     0.083     0.013        3     0.3  G_temp_sup-Plan_tempo
 2939   2410  11783  3.489 0.764     0.153     0.032       59     4.6  G_temporal_inf
 2839   2096  10766  3.480 0.718     0.126     0.027       42     3.2  G_temporal_middle
  310    207    648  2.977 0.465     0.104     0.010        2     0.2  Lat_Fis-ant-Horizont
  346    226    497  2.678 0.585     0.081     0.018        1     0.2  Lat_Fis-ant-Vertical
 1050    715   1809  3.500 0.592     0.107     0.019        6     0.9  Lat_Fis-post
 1962   1540   3236  1.969 0.511     0.161     0.033       31     2.7  Pole_occipital
 1849   1429   7136  3.400 0.845     0.137     0.035       27     2.7  Pole_temporal
 2090   1542   2554  1.865 0.671     0.135     0.033       20     3.0  S_calcarine
 3124   2056   3782  2.159 0.616     0.098     0.016       17     2.2  S_central
 1313    884   2216  2.909 0.491     0.100     0.017        8     1.0  S_cingul-Marginalis
  578    384   1002  3.066 0.557     0.081     0.011        2     0.3  S_circular_insula_ant
 1789   1171   3320  3.690 0.684     0.077     0.010        7     0.8  S_circular_insula_inf
 1973   1267   3133  3.192 0.547     0.087     0.014        7     1.2  S_circular_insula_sup
  885    654   2171  3.397 0.722     0.109     0.022        7     0.8  S_collat_transv_ant
  662    450    733  1.957 0.434     0.121     0.027        5     0.8  S_collat_transv_post
 1836   1260   2781  2.419 0.583     0.107     0.019       12     1.4  S_front_inf
  741    563   1260  2.310 0.689     0.120     0.028        7     1.0  S_front_middle
 2784   1926   4905  2.619 0.602     0.090     0.014       14     1.7  S_front_sup
  233    163    378  2.492 0.535     0.088     0.011        1     0.1  S_interm_prim-Jensen
 2680   1798   3765  2.396 0.528     0.102     0.015       19     1.8  S_intrapariet_and_P_trans
 1144    794   1600  2.288 0.567     0.124     0.023        9     1.2  S_oc_middle_and_Lunatus
 1346    920   1902  2.243 0.417     0.111     0.019       12     1.0  S_oc_sup_and_transversal
  594    459   1401  2.658 0.559     0.122     0.024        6     0.6  S_occipital_ant
 1027    673   1697  2.769 0.510     0.092     0.014        5     0.6  S_oc-temp_lat
 2556   1707   4345  2.877 0.637     0.098     0.015       13     1.8  S_oc-temp_med_and_Lingual
  435    306    600  2.119 0.440     0.117     0.014        2     0.4  S_orbital_lateral
  622    426   1040  3.001 0.770     0.101     0.014        4     0.3  S_orbital_med-olfact
 1197    856   3120  3.370 0.761     0.120     0.023       10     1.3  S_orbital-H_Shaped
 1515   1072   2336  2.491 0.725     0.111     0.022       12     1.5  S_parieto_occipital
 1911   1234   1845  1.839 0.632     0.093     0.013       20     1.2  S_pericallosal
 2839   1912   4223  2.388 0.605     0.108     0.020       22     2.4  S_postcentral
 1916   1335   3943  3.030 0.589     0.105     0.016       13     1.5  S_precentral-inf-part
 1409    964   2471  2.928 0.596     0.100     0.017        8     1.1  S_precentral-sup-part
  876    583   1514  2.935 0.819     0.092     0.008        5     0.4  S_suborbital
  950    645   1508  2.668 0.384     0.100     0.018        5     0.7  S_subparietal
 2117   1518   3657  2.801 0.634     0.117     0.019       18     1.9  S_temporal_inf
 6440   4314  11095  2.791 0.464     0.085     0.013       32     3.6  S_temporal_sup
  436    302    819  3.321 0.562     0.098     0.013        2     0.2  S_temporal_transverse
#-----------------------------------------
#@# Parcellation Stats 3 lh Thu Mar 12 13:10:56 CET 2026
/out/sourcedata/freesurfer/sub-v1s11x0050157_ses-1/scripts

 mris_anatomical_stats -th3 -mgz -noglobal -cortex ../label/lh.cortex.label -f ../stats/lh.aparc.DKTatlas.stats -b -a ../label/lh.aparc.DKTatlas.annot -c ../label/aparc.annot.DKTatlas.ctab sub-v1s11x0050157_ses-1 lh white 

computing statistics for each annotation in ../label/lh.aparc.DKTatlas.annot.
reading volume /out/sourcedata/freesurfer/sub-v1s11x0050157_ses-1/mri/wm.mgz...
reading input surface /out/sourcedata/freesurfer/sub-v1s11x0050157_ses-1/surf/lh.white...
reading input pial surface /out/sourcedata/freesurfer/sub-v1s11x0050157_ses-1/surf/lh.pial...
reading input white surface /out/sourcedata/freesurfer/sub-v1s11x0050157_ses-1/surf/lh.white...
INFO: using TH3 volume calc
INFO: assuming MGZ format for volumes.
INFO: not computing global stats
INFO: using ../label/lh.cortex.label as mask to calc cortex NumVert, SurfArea and MeanThickness.
Using TH3 vertex volume calc
Total face volume 289339
Total vertex volume 289036 (mask=0)
Saving annotation colortable ../label/aparc.annot.DKTatlas.ctab

table columns are:
    number of vertices
    total surface area (mm^2)
    total gray matter volume (mm^3)
    average cortical thickness +- standard deviation (mm)
    integrated rectified mean curvature
    integrated rectified Gaussian curvature
    folding index
    intrinsic curvature index
    structure name

 1951   1407   4396  2.900 0.876     0.115     0.020       24     1.7  caudalanteriorcingulate
 3602   2554   7663  2.709 0.571     0.106     0.020       37     2.8  caudalmiddlefrontal
 2516   1868   3558  1.897 0.547     0.151     0.029       33     3.2  cuneus
  651    466   1881  3.038 0.712     0.123     0.031        7     0.9  entorhinal
 4264   2896  10042  3.081 0.647     0.106     0.020       37     3.6  fusiform
 6913   5076  16652  2.760 0.656     0.118     0.024       80     7.3  inferiorparietal
 5440   4181  17135  3.263 0.828     0.132     0.027       74     7.1  inferiortemporal
 1646   1177   3634  2.492 0.848     0.126     0.028       23     2.0  isthmuscingulate
 7035   5389  13907  2.276 0.582     0.147     0.029      106     8.7  lateraloccipital
 3715   2736  10667  3.325 0.785     0.132     0.030       52     4.7  lateralorbitofrontal
 4457   3261   7682  2.241 0.693     0.137     0.030       53     5.5  lingual
 2354   1696   6356  3.027 0.822     0.113     0.027       26     2.8  medialorbitofrontal
 7004   5093  19953  3.154 0.679     0.112     0.022       79     6.3  middletemporal
 1144    726   2483  2.768 0.972     0.095     0.020       12     1.1  parahippocampal
 2693   1900   5852  2.823 0.641     0.118     0.025       24     2.6  paracentral
 2038   1494   4766  2.906 0.545     0.116     0.022       20     2.2  parsopercularis
 1076    778   2917  2.908 0.683     0.114     0.021       12     1.1  parsorbitalis
 2160   1665   5539  2.788 0.623     0.134     0.029       36     2.7  parstriangularis
 1605   1207   1528  1.509 0.366     0.147     0.036       17     2.5  pericalcarine
 6984   5091  13190  2.368 0.853     0.120     0.023       74     7.2  postcentral
 2561   1807   5699  2.769 0.902     0.114     0.021       30     2.4  posteriorcingulate
 7335   5233  16992  2.949 0.683     0.112     0.019       65     6.1  precentral
 4625   3391  11233  2.865 0.644     0.122     0.024       51     4.8  precuneus
 1847   1318   4661  3.258 0.889     0.117     0.024       23     1.8  rostralanteriorcingulate
 4320   3301   9900  2.495 0.741     0.135     0.035       75     6.7  rostralmiddlefrontal
10582   7986  27948  2.940 0.772     0.127     0.029      148    12.8  superiorfrontal
 6082   4370  11963  2.381 0.637     0.126     0.024       77     6.4  superiorparietal
 7538   5177  19733  3.251 0.675     0.097     0.018       63     5.6  superiortemporal
 4717   3585  12032  2.928 0.736     0.126     0.026       64     5.3  supramarginal
  626    456   1275  2.992 0.694     0.150     0.026        8     0.7  transversetemporal
 3239   2158   7798  3.601 0.736     0.091     0.017       22     2.2  insula
/out/sourcedata/freesurfer/sub-v1s11x0050157_ses-1/label
#--------------------------------------------
#@# BA_exvivo Labels lh Thu Mar 12 13:11:04 CET 2026

 mri_label2label --srcsubject fsaverage --srclabel /out/sourcedata/freesurfer/fsaverage/label/lh.BA1_exvivo.label --trgsubject sub-v1s11x0050157_ses-1 --trglabel ./lh.BA1_exvivo.label --hemi lh --regmethod surface 


srclabel = /out/sourcedata/freesurfer/fsaverage/label/lh.BA1_exvivo.label
srcsubject = fsaverage
trgsubject = sub-v1s11x0050157_ses-1
trglabel = ./lh.BA1_exvivo.label
regmethod = surface

srchemi = lh
trghemi = lh
trgsurface = white
srcsurfreg = sphere.reg
trgsurfreg = sphere.reg
usehash = 1
Use ProjAbs  = 0, 0
Use ProjFrac = 0, 0
DoPaint 0

SUBJECTS_DIR    /out/sourcedata/freesurfer
FREESURFER_HOME /opt/freesurfer
Loading source label.
Found 4129 points in source label.
Starting surface-based mapping
Reading source registration 
 /out/sourcedata/freesurfer/fsaverage/surf/lh.sphere.reg
Rescaling ...  original radius = 100
Reading target surface 
 /out/sourcedata/freesurfer/sub-v1s11x0050157_ses-1/surf/lh.white
Reading target registration 
 /out/sourcedata/freesurfer/sub-v1s11x0050157_ses-1/surf/lh.sphere.reg
Rescaling ...  original radius = 100
Building target registration hash (res=16).
Building source registration hash (res=16).
INFO: found  4129 nlabel points
Performing mapping from target back to the source label 132019
Number of reverse mapping hits = 91
Checking for and removing duplicates
Writing label file ./lh.BA1_exvivo.label 4220
mri_label2label: Done


 mri_label2label --srcsubject fsaverage --srclabel /out/sourcedata/freesurfer/fsaverage/label/lh.BA2_exvivo.label --trgsubject sub-v1s11x0050157_ses-1 --trglabel ./lh.BA2_exvivo.label --hemi lh --regmethod surface 


srclabel = /out/sourcedata/freesurfer/fsaverage/label/lh.BA2_exvivo.label
srcsubject = fsaverage
trgsubject = sub-v1s11x0050157_ses-1
trglabel = ./lh.BA2_exvivo.label
regmethod = surface

srchemi = lh
trghemi = lh
trgsurface = white
srcsurfreg = sphere.reg
trgsurfreg = sphere.reg
usehash = 1
Use ProjAbs  = 0, 0
Use ProjFrac = 0, 0
DoPaint 0

SUBJECTS_DIR    /out/sourcedata/freesurfer
FREESURFER_HOME /opt/freesurfer
Loading source label.
Found 7909 points in source label.
Starting surface-based mapping
Reading source registration 
 /out/sourcedata/freesurfer/fsaverage/surf/lh.sphere.reg
Rescaling ...  original radius = 100
Reading target surface 
 /out/sourcedata/freesurfer/sub-v1s11x0050157_ses-1/surf/lh.white
Reading target registration 
 /out/sourcedata/freesurfer/sub-v1s11x0050157_ses-1/surf/lh.sphere.reg
Rescaling ...  original radius = 100
Building target registration hash (res=16).
Building source registration hash (res=16).
INFO: found  7909 nlabel points
Performing mapping from target back to the source label 132019
Number of reverse mapping hits = 205
Checking for and removing duplicates
Writing label file ./lh.BA2_exvivo.label 8114
mri_label2label: Done


 mri_label2label --srcsubject fsaverage --srclabel /out/sourcedata/freesurfer/fsaverage/label/lh.BA3a_exvivo.label --trgsubject sub-v1s11x0050157_ses-1 --trglabel ./lh.BA3a_exvivo.label --hemi lh --regmethod surface 


srclabel = /out/sourcedata/freesurfer/fsaverage/label/lh.BA3a_exvivo.label
srcsubject = fsaverage
trgsubject = sub-v1s11x0050157_ses-1
trglabel = ./lh.BA3a_exvivo.label
regmethod = surface

srchemi = lh
trghemi = lh
trgsurface = white
srcsurfreg = sphere.reg
trgsurfreg = sphere.reg
usehash = 1
Use ProjAbs  = 0, 0
Use ProjFrac = 0, 0
DoPaint 0

SUBJECTS_DIR    /out/sourcedata/freesurfer
FREESURFER_HOME /opt/freesurfer
Loading source label.
Found 4077 points in source label.
Starting surface-based mapping
Reading source registration 
 /out/sourcedata/freesurfer/fsaverage/surf/lh.sphere.reg
Rescaling ...  original radius = 100
Reading target surface 
 /out/sourcedata/freesurfer/sub-v1s11x0050157_ses-1/surf/lh.white
Reading target registration 
 /out/sourcedata/freesurfer/sub-v1s11x0050157_ses-1/surf/lh.sphere.reg
Rescaling ...  original radius = 100
Building target registration hash (res=16).
Building source registration hash (res=16).
INFO: found  4077 nlabel points
Performing mapping from target back to the source label 132019
Number of reverse mapping hits = 45
Checking for and removing duplicates
Writing label file ./lh.BA3a_exvivo.label 4122
mri_label2label: Done


 mri_label2label --srcsubject fsaverage --srclabel /out/sourcedata/freesurfer/fsaverage/label/lh.BA3b_exvivo.label --trgsubject sub-v1s11x0050157_ses-1 --trglabel ./lh.BA3b_exvivo.label --hemi lh --regmethod surface 


srclabel = /out/sourcedata/freesurfer/fsaverage/label/lh.BA3b_exvivo.label
srcsubject = fsaverage
trgsubject = sub-v1s11x0050157_ses-1
trglabel = ./lh.BA3b_exvivo.label
regmethod = surface

srchemi = lh
trghemi = lh
trgsurface = white
srcsurfreg = sphere.reg
trgsurfreg = sphere.reg
usehash = 1
Use ProjAbs  = 0, 0
Use ProjFrac = 0, 0
DoPaint 0

SUBJECTS_DIR    /out/sourcedata/freesurfer
FREESURFER_HOME /opt/freesurfer
Loading source label.
Found 5983 points in source label.
Starting surface-based mapping
Reading source registration 
 /out/sourcedata/freesurfer/fsaverage/surf/lh.sphere.reg
Rescaling ...  original radius = 100
Reading target surface 
 /out/sourcedata/freesurfer/sub-v1s11x0050157_ses-1/surf/lh.white
Reading target registration 
 /out/sourcedata/freesurfer/sub-v1s11x0050157_ses-1/surf/lh.sphere.reg
Rescaling ...  original radius = 100
Building target registration hash (res=16).
Building source registration hash (res=16).
INFO: found  5983 nlabel points
Performing mapping from target back to the source label 132019
Number of reverse mapping hits = 101
Checking for and removing duplicates
Writing label file ./lh.BA3b_exvivo.label 6084
mri_label2label: Done


 mri_label2label --srcsubject fsaverage --srclabel /out/sourcedata/freesurfer/fsaverage/label/lh.BA4a_exvivo.label --trgsubject sub-v1s11x0050157_ses-1 --trglabel ./lh.BA4a_exvivo.label --hemi lh --regmethod surface 


srclabel = /out/sourcedata/freesurfer/fsaverage/label/lh.BA4a_exvivo.label
srcsubject = fsaverage
trgsubject = sub-v1s11x0050157_ses-1
trglabel = ./lh.BA4a_exvivo.label
regmethod = surface

srchemi = lh
trghemi = lh
trgsurface = white
srcsurfreg = sphere.reg
trgsurfreg = sphere.reg
usehash = 1
Use ProjAbs  = 0, 0
Use ProjFrac = 0, 0
DoPaint 0

SUBJECTS_DIR    /out/sourcedata/freesurfer
FREESURFER_HOME /opt/freesurfer
Loading source label.
Found 5784 points in source label.
Starting surface-based mapping
Reading source registration 
 /out/sourcedata/freesurfer/fsaverage/surf/lh.sphere.reg
Rescaling ...  original radius = 100
Reading target surface 
 /out/sourcedata/freesurfer/sub-v1s11x0050157_ses-1/surf/lh.white
Reading target registration 
 /out/sourcedata/freesurfer/sub-v1s11x0050157_ses-1/surf/lh.sphere.reg
Rescaling ...  original radius = 100
Building target registration hash (res=16).
Building source registration hash (res=16).
INFO: found  5784 nlabel points
Performing mapping from target back to the source label 132019
Number of reverse mapping hits = 181
Checking for and removing duplicates
Writing label file ./lh.BA4a_exvivo.label 5965
mri_label2label: Done


 mri_label2label --srcsubject fsaverage --srclabel /out/sourcedata/freesurfer/fsaverage/label/lh.BA4p_exvivo.label --trgsubject sub-v1s11x0050157_ses-1 --trglabel ./lh.BA4p_exvivo.label --hemi lh --regmethod surface 


srclabel = /out/sourcedata/freesurfer/fsaverage/label/lh.BA4p_exvivo.label
srcsubject = fsaverage
trgsubject = sub-v1s11x0050157_ses-1
trglabel = ./lh.BA4p_exvivo.label
regmethod = surface

srchemi = lh
trghemi = lh
trgsurface = white
srcsurfreg = sphere.reg
trgsurfreg = sphere.reg
usehash = 1
Use ProjAbs  = 0, 0
Use ProjFrac = 0, 0
DoPaint 0

SUBJECTS_DIR    /out/sourcedata/freesurfer
FREESURFER_HOME /opt/freesurfer
Loading source label.
Found 4070 points in source label.
Starting surface-based mapping
Reading source registration 
 /out/sourcedata/freesurfer/fsaverage/surf/lh.sphere.reg
Rescaling ...  original radius = 100
Reading target surface 
 /out/sourcedata/freesurfer/sub-v1s11x0050157_ses-1/surf/lh.white
Reading target registration 
 /out/sourcedata/freesurfer/sub-v1s11x0050157_ses-1/surf/lh.sphere.reg
Rescaling ...  original radius = 100
Building target registration hash (res=16).
Building source registration hash (res=16).
INFO: found  4070 nlabel points
Performing mapping from target back to the source label 132019
Number of reverse mapping hits = 45
Checking for and removing duplicates
Writing label file ./lh.BA4p_exvivo.label 4115
mri_label2label: Done


 mri_label2label --srcsubject fsaverage --srclabel /out/sourcedata/freesurfer/fsaverage/label/lh.BA6_exvivo.label --trgsubject sub-v1s11x0050157_ses-1 --trglabel ./lh.BA6_exvivo.label --hemi lh --regmethod surface 


srclabel = /out/sourcedata/freesurfer/fsaverage/label/lh.BA6_exvivo.label
srcsubject = fsaverage
trgsubject = sub-v1s11x0050157_ses-1
trglabel = ./lh.BA6_exvivo.label
regmethod = surface

srchemi = lh
trghemi = lh
trgsurface = white
srcsurfreg = sphere.reg
trgsurfreg = sphere.reg
usehash = 1
Use ProjAbs  = 0, 0
Use ProjFrac = 0, 0
DoPaint 0

SUBJECTS_DIR    /out/sourcedata/freesurfer
FREESURFER_HOME /opt/freesurfer
Loading source label.
Found 13589 points in source label.
Starting surface-based mapping
Reading source registration 
 /out/sourcedata/freesurfer/fsaverage/surf/lh.sphere.reg
Rescaling ...  original radius = 100
Reading target surface 
 /out/sourcedata/freesurfer/sub-v1s11x0050157_ses-1/surf/lh.white
Reading target registration 
 /out/sourcedata/freesurfer/sub-v1s11x0050157_ses-1/surf/lh.sphere.reg
Rescaling ...  original radius = 100
Building target registration hash (res=16).
Building source registration hash (res=16).
INFO: found  13589 nlabel points
Performing mapping from target back to the source label 132019
Number of reverse mapping hits = 631
Checking for and removing duplicates
Writing label file ./lh.BA6_exvivo.label 14220
mri_label2label: Done


 mri_label2label --srcsubject fsaverage --srclabel /out/sourcedata/freesurfer/fsaverage/label/lh.BA44_exvivo.label --trgsubject sub-v1s11x0050157_ses-1 --trglabel ./lh.BA44_exvivo.label --hemi lh --regmethod surface 


srclabel = /out/sourcedata/freesurfer/fsaverage/label/lh.BA44_exvivo.label
srcsubject = fsaverage
trgsubject = sub-v1s11x0050157_ses-1
trglabel = ./lh.BA44_exvivo.label
regmethod = surface

srchemi = lh
trghemi = lh
trgsurface = white
srcsurfreg = sphere.reg
trgsurfreg = sphere.reg
usehash = 1
Use ProjAbs  = 0, 0
Use ProjFrac = 0, 0
DoPaint 0

SUBJECTS_DIR    /out/sourcedata/freesurfer
FREESURFER_HOME /opt/freesurfer
Loading source label.
Found 4181 points in source label.
Starting surface-based mapping
Reading source registration 
 /out/sourcedata/freesurfer/fsaverage/surf/lh.sphere.reg
Rescaling ...  original radius = 100
Reading target surface 
 /out/sourcedata/freesurfer/sub-v1s11x0050157_ses-1/surf/lh.white
Reading target registration 
 /out/sourcedata/freesurfer/sub-v1s11x0050157_ses-1/surf/lh.sphere.reg
Rescaling ...  original radius = 100
Building target registration hash (res=16).
Building source registration hash (res=16).
INFO: found  4181 nlabel points
Performing mapping from target back to the source label 132019
Number of reverse mapping hits = 148
Checking for and removing duplicates
Writing label file ./lh.BA44_exvivo.label 4329
mri_label2label: Done


 mri_label2label --srcsubject fsaverage --srclabel /out/sourcedata/freesurfer/fsaverage/label/lh.BA45_exvivo.label --trgsubject sub-v1s11x0050157_ses-1 --trglabel ./lh.BA45_exvivo.label --hemi lh --regmethod surface 


srclabel = /out/sourcedata/freesurfer/fsaverage/label/lh.BA45_exvivo.label
srcsubject = fsaverage
trgsubject = sub-v1s11x0050157_ses-1
trglabel = ./lh.BA45_exvivo.label
regmethod = surface

srchemi = lh
trghemi = lh
trgsurface = white
srcsurfreg = sphere.reg
trgsurfreg = sphere.reg
usehash = 1
Use ProjAbs  = 0, 0
Use ProjFrac = 0, 0
DoPaint 0

SUBJECTS_DIR    /out/sourcedata/freesurfer
FREESURFER_HOME /opt/freesurfer
Loading source label.
Found 3422 points in source label.
Starting surface-based mapping
Reading source registration 
 /out/sourcedata/freesurfer/fsaverage/surf/lh.sphere.reg
Rescaling ...  original radius = 100
Reading target surface 
 /out/sourcedata/freesurfer/sub-v1s11x0050157_ses-1/surf/lh.white
Reading target registration 
 /out/sourcedata/freesurfer/sub-v1s11x0050157_ses-1/surf/lh.sphere.reg
Rescaling ...  original radius = 100
Building target registration hash (res=16).
Building source registration hash (res=16).
INFO: found  3422 nlabel points
Performing mapping from target back to the source label 132019
Number of reverse mapping hits = 266
Checking for and removing duplicates
Writing label file ./lh.BA45_exvivo.label 3688
mri_label2label: Done


 mri_label2label --srcsubject fsaverage --srclabel /out/sourcedata/freesurfer/fsaverage/label/lh.V1_exvivo.label --trgsubject sub-v1s11x0050157_ses-1 --trglabel ./lh.V1_exvivo.label --hemi lh --regmethod surface 


srclabel = /out/sourcedata/freesurfer/fsaverage/label/lh.V1_exvivo.label
srcsubject = fsaverage
trgsubject = sub-v1s11x0050157_ses-1
trglabel = ./lh.V1_exvivo.label
regmethod = surface

srchemi = lh
trghemi = lh
trgsurface = white
srcsurfreg = sphere.reg
trgsurfreg = sphere.reg
usehash = 1
Use ProjAbs  = 0, 0
Use ProjFrac = 0, 0
DoPaint 0

SUBJECTS_DIR    /out/sourcedata/freesurfer
FREESURFER_HOME /opt/freesurfer
Loading source label.
Found 4641 points in source label.
Starting surface-based mapping
Reading source registration 
 /out/sourcedata/freesurfer/fsaverage/surf/lh.sphere.reg
Rescaling ...  original radius = 100
Reading target surface 
 /out/sourcedata/freesurfer/sub-v1s11x0050157_ses-1/surf/lh.white
Reading target registration 
 /out/sourcedata/freesurfer/sub-v1s11x0050157_ses-1/surf/lh.sphere.reg
Rescaling ...  original radius = 100
Building target registration hash (res=16).
Building source registration hash (res=16).
INFO: found  4641 nlabel points
Performing mapping from target back to the source label 132019
Number of reverse mapping hits = 647
Checking for and removing duplicates
Writing label file ./lh.V1_exvivo.label 5288
mri_label2label: Done


 mri_label2label --srcsubject fsaverage --srclabel /out/sourcedata/freesurfer/fsaverage/label/lh.V2_exvivo.label --trgsubject sub-v1s11x0050157_ses-1 --trglabel ./lh.V2_exvivo.label --hemi lh --regmethod surface 


srclabel = /out/sourcedata/freesurfer/fsaverage/label/lh.V2_exvivo.label
srcsubject = fsaverage
trgsubject = sub-v1s11x0050157_ses-1
trglabel = ./lh.V2_exvivo.label
regmethod = surface

srchemi = lh
trghemi = lh
trgsurface = white
srcsurfreg = sphere.reg
trgsurfreg = sphere.reg
usehash = 1
Use ProjAbs  = 0, 0
Use ProjFrac = 0, 0
DoPaint 0

SUBJECTS_DIR    /out/sourcedata/freesurfer
FREESURFER_HOME /opt/freesurfer
Loading source label.
Found 8114 points in source label.
Starting surface-based mapping
Reading source registration 
 /out/sourcedata/freesurfer/fsaverage/surf/lh.sphere.reg
Rescaling ...  original radius = 100
Reading target surface 
 /out/sourcedata/freesurfer/sub-v1s11x0050157_ses-1/surf/lh.white
Reading target registration 
 /out/sourcedata/freesurfer/sub-v1s11x0050157_ses-1/surf/lh.sphere.reg
Rescaling ...  original radius = 100
Building target registration hash (res=16).
Building source registration hash (res=16).
INFO: found  8114 nlabel points
Performing mapping from target back to the source label 132019
Number of reverse mapping hits = 1664
Checking for and removing duplicates
Writing label file ./lh.V2_exvivo.label 9778
mri_label2label: Done


 mri_label2label --srcsubject fsaverage --srclabel /out/sourcedata/freesurfer/fsaverage/label/lh.MT_exvivo.label --trgsubject sub-v1s11x0050157_ses-1 --trglabel ./lh.MT_exvivo.label --hemi lh --regmethod surface 


srclabel = /out/sourcedata/freesurfer/fsaverage/label/lh.MT_exvivo.label
srcsubject = fsaverage
trgsubject = sub-v1s11x0050157_ses-1
trglabel = ./lh.MT_exvivo.label
regmethod = surface

srchemi = lh
trghemi = lh
trgsurface = white
srcsurfreg = sphere.reg
trgsurfreg = sphere.reg
usehash = 1
Use ProjAbs  = 0, 0
Use ProjFrac = 0, 0
DoPaint 0

SUBJECTS_DIR    /out/sourcedata/freesurfer
FREESURFER_HOME /opt/freesurfer
Loading source label.
Found 2018 points in source label.
Starting surface-based mapping
Reading source registration 
 /out/sourcedata/freesurfer/fsaverage/surf/lh.sphere.reg
Rescaling ...  original radius = 100
Reading target surface 
 /out/sourcedata/freesurfer/sub-v1s11x0050157_ses-1/surf/lh.white
Reading target registration 
 /out/sourcedata/freesurfer/sub-v1s11x0050157_ses-1/surf/lh.sphere.reg
Rescaling ...  original radius = 100
Building target registration hash (res=16).
Building source registration hash (res=16).
INFO: found  2018 nlabel points
Performing mapping from target back to the source label 132019
Number of reverse mapping hits = 307
Checking for and removing duplicates
Writing label file ./lh.MT_exvivo.label 2325
mri_label2label: Done


 mri_label2label --srcsubject fsaverage --srclabel /out/sourcedata/freesurfer/fsaverage/label/lh.entorhinal_exvivo.label --trgsubject sub-v1s11x0050157_ses-1 --trglabel ./lh.entorhinal_exvivo.label --hemi lh --regmethod surface 


srclabel = /out/sourcedata/freesurfer/fsaverage/label/lh.entorhinal_exvivo.label
srcsubject = fsaverage
trgsubject = sub-v1s11x0050157_ses-1
trglabel = ./lh.entorhinal_exvivo.label
regmethod = surface

srchemi = lh
trghemi = lh
trgsurface = white
srcsurfreg = sphere.reg
trgsurfreg = sphere.reg
usehash = 1
Use ProjAbs  = 0, 0
Use ProjFrac = 0, 0
DoPaint 0

SUBJECTS_DIR    /out/sourcedata/freesurfer
FREESURFER_HOME /opt/freesurfer
Loading source label.
Found 1290 points in source label.
Starting surface-based mapping
Reading source registration 
 /out/sourcedata/freesurfer/fsaverage/surf/lh.sphere.reg
Rescaling ...  original radius = 100
Reading target surface 
 /out/sourcedata/freesurfer/sub-v1s11x0050157_ses-1/surf/lh.white
Reading target registration 
 /out/sourcedata/freesurfer/sub-v1s11x0050157_ses-1/surf/lh.sphere.reg
Rescaling ...  original radius = 100
Building target registration hash (res=16).
Building source registration hash (res=16).
INFO: found  1290 nlabel points
Performing mapping from target back to the source label 132019
Number of reverse mapping hits = 153
Checking for and removing duplicates
Writing label file ./lh.entorhinal_exvivo.label 1443
mri_label2label: Done


 mri_label2label --srcsubject fsaverage --srclabel /out/sourcedata/freesurfer/fsaverage/label/lh.perirhinal_exvivo.label --trgsubject sub-v1s11x0050157_ses-1 --trglabel ./lh.perirhinal_exvivo.label --hemi lh --regmethod surface 


srclabel = /out/sourcedata/freesurfer/fsaverage/label/lh.perirhinal_exvivo.label
srcsubject = fsaverage
trgsubject = sub-v1s11x0050157_ses-1
trglabel = ./lh.perirhinal_exvivo.label
regmethod = surface

srchemi = lh
trghemi = lh
trgsurface = white
srcsurfreg = sphere.reg
trgsurfreg = sphere.reg
usehash = 1
Use ProjAbs  = 0, 0
Use ProjFrac = 0, 0
DoPaint 0

SUBJECTS_DIR    /out/sourcedata/freesurfer
FREESURFER_HOME /opt/freesurfer
Loading source label.
Found 1199 points in source label.
Starting surface-based mapping
Reading source registration 
 /out/sourcedata/freesurfer/fsaverage/surf/lh.sphere.reg
Rescaling ...  original radius = 100
Reading target surface 
 /out/sourcedata/freesurfer/sub-v1s11x0050157_ses-1/surf/lh.white
Reading target registration 
 /out/sourcedata/freesurfer/sub-v1s11x0050157_ses-1/surf/lh.sphere.reg
Rescaling ...  original radius = 100
Building target registration hash (res=16).
Building source registration hash (res=16).
INFO: found  1199 nlabel points
Performing mapping from target back to the source label 132019
Number of reverse mapping hits = 87
Checking for and removing duplicates
Writing label file ./lh.perirhinal_exvivo.label 1286
mri_label2label: Done


 mri_label2label --srcsubject fsaverage --srclabel /out/sourcedata/freesurfer/fsaverage/label/lh.FG1.mpm.vpnl.label --trgsubject sub-v1s11x0050157_ses-1 --trglabel ./lh.FG1.mpm.vpnl.label --hemi lh --regmethod surface 


srclabel = /out/sourcedata/freesurfer/fsaverage/label/lh.FG1.mpm.vpnl.label
srcsubject = fsaverage
trgsubject = sub-v1s11x0050157_ses-1
trglabel = ./lh.FG1.mpm.vpnl.label
regmethod = surface

srchemi = lh
trghemi = lh
trgsurface = white
srcsurfreg = sphere.reg
trgsurfreg = sphere.reg
usehash = 1
Use ProjAbs  = 0, 0
Use ProjFrac = 0, 0
DoPaint 0

SUBJECTS_DIR    /out/sourcedata/freesurfer
FREESURFER_HOME /opt/freesurfer
Loading source label.
Found 414 points in source label.
Starting surface-based mapping
Reading source registration 
 /out/sourcedata/freesurfer/fsaverage/surf/lh.sphere.reg
Rescaling ...  original radius = 100
Reading target surface 
 /out/sourcedata/freesurfer/sub-v1s11x0050157_ses-1/surf/lh.white
Reading target registration 
 /out/sourcedata/freesurfer/sub-v1s11x0050157_ses-1/surf/lh.sphere.reg
Rescaling ...  original radius = 100
Building target registration hash (res=16).
Building source registration hash (res=16).
INFO: found  414 nlabel points
Performing mapping from target back to the source label 132019
Number of reverse mapping hits = 126
Checking for and removing duplicates
Writing label file ./lh.FG1.mpm.vpnl.label 540
mri_label2label: Done


 mri_label2label --srcsubject fsaverage --srclabel /out/sourcedata/freesurfer/fsaverage/label/lh.FG2.mpm.vpnl.label --trgsubject sub-v1s11x0050157_ses-1 --trglabel ./lh.FG2.mpm.vpnl.label --hemi lh --regmethod surface 


srclabel = /out/sourcedata/freesurfer/fsaverage/label/lh.FG2.mpm.vpnl.label
srcsubject = fsaverage
trgsubject = sub-v1s11x0050157_ses-1
trglabel = ./lh.FG2.mpm.vpnl.label
regmethod = surface

srchemi = lh
trghemi = lh
trgsurface = white
srcsurfreg = sphere.reg
trgsurfreg = sphere.reg
usehash = 1
Use ProjAbs  = 0, 0
Use ProjFrac = 0, 0
DoPaint 0

SUBJECTS_DIR    /out/sourcedata/freesurfer
FREESURFER_HOME /opt/freesurfer
Loading source label.
Found 703 points in source label.
Starting surface-based mapping
Reading source registration 
 /out/sourcedata/freesurfer/fsaverage/surf/lh.sphere.reg
Rescaling ...  original radius = 100
Reading target surface 
 /out/sourcedata/freesurfer/sub-v1s11x0050157_ses-1/surf/lh.white
Reading target registration 
 /out/sourcedata/freesurfer/sub-v1s11x0050157_ses-1/surf/lh.sphere.reg
Rescaling ...  original radius = 100
Building target registration hash (res=16).
Building source registration hash (res=16).
INFO: found  703 nlabel points
Performing mapping from target back to the source label 132019
Number of reverse mapping hits = 132
Checking for and removing duplicates
Writing label file ./lh.FG2.mpm.vpnl.label 835
mri_label2label: Done


 mri_label2label --srcsubject fsaverage --srclabel /out/sourcedata/freesurfer/fsaverage/label/lh.FG3.mpm.vpnl.label --trgsubject sub-v1s11x0050157_ses-1 --trglabel ./lh.FG3.mpm.vpnl.label --hemi lh --regmethod surface 


srclabel = /out/sourcedata/freesurfer/fsaverage/label/lh.FG3.mpm.vpnl.label
srcsubject = fsaverage
trgsubject = sub-v1s11x0050157_ses-1
trglabel = ./lh.FG3.mpm.vpnl.label
regmethod = surface

srchemi = lh
trghemi = lh
trgsurface = white
srcsurfreg = sphere.reg
trgsurfreg = sphere.reg
usehash = 1
Use ProjAbs  = 0, 0
Use ProjFrac = 0, 0
DoPaint 0

SUBJECTS_DIR    /out/sourcedata/freesurfer
FREESURFER_HOME /opt/freesurfer
Loading source label.
Found 1873 points in source label.
Starting surface-based mapping
Reading source registration 
 /out/sourcedata/freesurfer/fsaverage/surf/lh.sphere.reg
Rescaling ...  original radius = 100
Reading target surface 
 /out/sourcedata/freesurfer/sub-v1s11x0050157_ses-1/surf/lh.white
Reading target registration 
 /out/sourcedata/freesurfer/sub-v1s11x0050157_ses-1/surf/lh.sphere.reg
Rescaling ...  original radius = 100
Building target registration hash (res=16).
Building source registration hash (res=16).
INFO: found  1873 nlabel points
Performing mapping from target back to the source label 132019
Number of reverse mapping hits = 271
Checking for and removing duplicates
Writing label file ./lh.FG3.mpm.vpnl.label 2144
mri_label2label: Done


 mri_label2label --srcsubject fsaverage --srclabel /out/sourcedata/freesurfer/fsaverage/label/lh.FG4.mpm.vpnl.label --trgsubject sub-v1s11x0050157_ses-1 --trglabel ./lh.FG4.mpm.vpnl.label --hemi lh --regmethod surface 


srclabel = /out/sourcedata/freesurfer/fsaverage/label/lh.FG4.mpm.vpnl.label
srcsubject = fsaverage
trgsubject = sub-v1s11x0050157_ses-1
trglabel = ./lh.FG4.mpm.vpnl.label
regmethod = surface

srchemi = lh
trghemi = lh
trgsurface = white
srcsurfreg = sphere.reg
trgsurfreg = sphere.reg
usehash = 1
Use ProjAbs  = 0, 0
Use ProjFrac = 0, 0
DoPaint 0

SUBJECTS_DIR    /out/sourcedata/freesurfer
FREESURFER_HOME /opt/freesurfer
Loading source label.
Found 2101 points in source label.
Starting surface-based mapping
Reading source registration 
 /out/sourcedata/freesurfer/fsaverage/surf/lh.sphere.reg
Rescaling ...  original radius = 100
Reading target surface 
 /out/sourcedata/freesurfer/sub-v1s11x0050157_ses-1/surf/lh.white
Reading target registration 
 /out/sourcedata/freesurfer/sub-v1s11x0050157_ses-1/surf/lh.sphere.reg
Rescaling ...  original radius = 100
Building target registration hash (res=16).
Building source registration hash (res=16).
INFO: found  2101 nlabel points
Performing mapping from target back to the source label 132019
Number of reverse mapping hits = 481
Checking for and removing duplicates
Writing label file ./lh.FG4.mpm.vpnl.label 2582
mri_label2label: Done


 mri_label2label --srcsubject fsaverage --srclabel /out/sourcedata/freesurfer/fsaverage/label/lh.hOc1.mpm.vpnl.label --trgsubject sub-v1s11x0050157_ses-1 --trglabel ./lh.hOc1.mpm.vpnl.label --hemi lh --regmethod surface 


srclabel = /out/sourcedata/freesurfer/fsaverage/label/lh.hOc1.mpm.vpnl.label
srcsubject = fsaverage
trgsubject = sub-v1s11x0050157_ses-1
trglabel = ./lh.hOc1.mpm.vpnl.label
regmethod = surface

srchemi = lh
trghemi = lh
trgsurface = white
srcsurfreg = sphere.reg
trgsurfreg = sphere.reg
usehash = 1
Use ProjAbs  = 0, 0
Use ProjFrac = 0, 0
DoPaint 0

SUBJECTS_DIR    /out/sourcedata/freesurfer
FREESURFER_HOME /opt/freesurfer
Loading source label.
Found 3877 points in source label.
Starting surface-based mapping
Reading source registration 
 /out/sourcedata/freesurfer/fsaverage/surf/lh.sphere.reg
Rescaling ...  original radius = 100
Reading target surface 
 /out/sourcedata/freesurfer/sub-v1s11x0050157_ses-1/surf/lh.white
Reading target registration 
 /out/sourcedata/freesurfer/sub-v1s11x0050157_ses-1/surf/lh.sphere.reg
Rescaling ...  original radius = 100
Building target registration hash (res=16).
Building source registration hash (res=16).
INFO: found  3877 nlabel points
Performing mapping from target back to the source label 132019
Number of reverse mapping hits = 467
Checking for and removing duplicates
Writing label file ./lh.hOc1.mpm.vpnl.label 4344
mri_label2label: Done


 mri_label2label --srcsubject fsaverage --srclabel /out/sourcedata/freesurfer/fsaverage/label/lh.hOc2.mpm.vpnl.label --trgsubject sub-v1s11x0050157_ses-1 --trglabel ./lh.hOc2.mpm.vpnl.label --hemi lh --regmethod surface 


srclabel = /out/sourcedata/freesurfer/fsaverage/label/lh.hOc2.mpm.vpnl.label
srcsubject = fsaverage
trgsubject = sub-v1s11x0050157_ses-1
trglabel = ./lh.hOc2.mpm.vpnl.label
regmethod = surface

srchemi = lh
trghemi = lh
trgsurface = white
srcsurfreg = sphere.reg
trgsurfreg = sphere.reg
usehash = 1
Use ProjAbs  = 0, 0
Use ProjFrac = 0, 0
DoPaint 0

SUBJECTS_DIR    /out/sourcedata/freesurfer
FREESURFER_HOME /opt/freesurfer
Loading source label.
Found 2919 points in source label.
Starting surface-based mapping
Reading source registration 
 /out/sourcedata/freesurfer/fsaverage/surf/lh.sphere.reg
Rescaling ...  original radius = 100
Reading target surface 
 /out/sourcedata/freesurfer/sub-v1s11x0050157_ses-1/surf/lh.white
Reading target registration 
 /out/sourcedata/freesurfer/sub-v1s11x0050157_ses-1/surf/lh.sphere.reg
Rescaling ...  original radius = 100
Building target registration hash (res=16).
Building source registration hash (res=16).
INFO: found  2919 nlabel points
Performing mapping from target back to the source label 132019
Number of reverse mapping hits = 640
Checking for and removing duplicates
Writing label file ./lh.hOc2.mpm.vpnl.label 3559
mri_label2label: Done


 mri_label2label --srcsubject fsaverage --srclabel /out/sourcedata/freesurfer/fsaverage/label/lh.hOc3v.mpm.vpnl.label --trgsubject sub-v1s11x0050157_ses-1 --trglabel ./lh.hOc3v.mpm.vpnl.label --hemi lh --regmethod surface 


srclabel = /out/sourcedata/freesurfer/fsaverage/label/lh.hOc3v.mpm.vpnl.label
srcsubject = fsaverage
trgsubject = sub-v1s11x0050157_ses-1
trglabel = ./lh.hOc3v.mpm.vpnl.label
regmethod = surface

srchemi = lh
trghemi = lh
trgsurface = white
srcsurfreg = sphere.reg
trgsurfreg = sphere.reg
usehash = 1
Use ProjAbs  = 0, 0
Use ProjFrac = 0, 0
DoPaint 0

SUBJECTS_DIR    /out/sourcedata/freesurfer
FREESURFER_HOME /opt/freesurfer
Loading source label.
Found 1286 points in source label.
Starting surface-based mapping
Reading source registration 
 /out/sourcedata/freesurfer/fsaverage/surf/lh.sphere.reg
Rescaling ...  original radius = 100
Reading target surface 
 /out/sourcedata/freesurfer/sub-v1s11x0050157_ses-1/surf/lh.white
Reading target registration 
 /out/sourcedata/freesurfer/sub-v1s11x0050157_ses-1/surf/lh.sphere.reg
Rescaling ...  original radius = 100
Building target registration hash (res=16).
Building source registration hash (res=16).
INFO: found  1286 nlabel points
Performing mapping from target back to the source label 132019
Number of reverse mapping hits = 469
Checking for and removing duplicates
Writing label file ./lh.hOc3v.mpm.vpnl.label 1755
mri_label2label: Done


 mri_label2label --srcsubject fsaverage --srclabel /out/sourcedata/freesurfer/fsaverage/label/lh.hOc4v.mpm.vpnl.label --trgsubject sub-v1s11x0050157_ses-1 --trglabel ./lh.hOc4v.mpm.vpnl.label --hemi lh --regmethod surface 


srclabel = /out/sourcedata/freesurfer/fsaverage/label/lh.hOc4v.mpm.vpnl.label
srcsubject = fsaverage
trgsubject = sub-v1s11x0050157_ses-1
trglabel = ./lh.hOc4v.mpm.vpnl.label
regmethod = surface

srchemi = lh
trghemi = lh
trgsurface = white
srcsurfreg = sphere.reg
trgsurfreg = sphere.reg
usehash = 1
Use ProjAbs  = 0, 0
Use ProjFrac = 0, 0
DoPaint 0

SUBJECTS_DIR    /out/sourcedata/freesurfer
FREESURFER_HOME /opt/freesurfer
Loading source label.
Found 1006 points in source label.
Starting surface-based mapping
Reading source registration 
 /out/sourcedata/freesurfer/fsaverage/surf/lh.sphere.reg
Rescaling ...  original radius = 100
Reading target surface 
 /out/sourcedata/freesurfer/sub-v1s11x0050157_ses-1/surf/lh.white
Reading target registration 
 /out/sourcedata/freesurfer/sub-v1s11x0050157_ses-1/surf/lh.sphere.reg
Rescaling ...  original radius = 100
Building target registration hash (res=16).
Building source registration hash (res=16).
INFO: found  1006 nlabel points
Performing mapping from target back to the source label 132019
Number of reverse mapping hits = 335
Checking for and removing duplicates
Writing label file ./lh.hOc4v.mpm.vpnl.label 1341
mri_label2label: Done


 mris_label2annot --s sub-v1s11x0050157_ses-1 --ctab /opt/freesurfer/average/colortable_vpnl.txt --hemi lh --a mpm.vpnl --maxstatwinner --noverbose --l lh.FG1.mpm.vpnl.label --l lh.FG2.mpm.vpnl.label --l lh.FG3.mpm.vpnl.label --l lh.FG4.mpm.vpnl.label --l lh.hOc1.mpm.vpnl.label --l lh.hOc2.mpm.vpnl.label --l lh.hOc3v.mpm.vpnl.label --l lh.hOc4v.mpm.vpnl.label 

Reading ctab /opt/freesurfer/average/colortable_vpnl.txt
Number of ctab entries 9

7.3.2
cwd /out/sourcedata/freesurfer/sub-v1s11x0050157_ses-1/label
cmdline mris_label2annot --s sub-v1s11x0050157_ses-1 --ctab /opt/freesurfer/average/colortable_vpnl.txt --hemi lh --a mpm.vpnl --maxstatwinner --noverbose --l lh.FG1.mpm.vpnl.label --l lh.FG2.mpm.vpnl.label --l lh.FG3.mpm.vpnl.label --l lh.FG4.mpm.vpnl.label --l lh.hOc1.mpm.vpnl.label --l lh.hOc2.mpm.vpnl.label --l lh.hOc3v.mpm.vpnl.label --l lh.hOc4v.mpm.vpnl.label 
sysname  Linux
hostname dna038
machine  x86_64
user     oesteban

subject sub-v1s11x0050157_ses-1
hemi    lh
SUBJECTS_DIR /out/sourcedata/freesurfer
ColorTable /opt/freesurfer/average/colortable_vpnl.txt
AnnotName  mpm.vpnl
nlables 8
LabelThresh 0 0.000000
Loading /out/sourcedata/freesurfer/sub-v1s11x0050157_ses-1/surf/lh.orig
 1 1376057 FG1
 2 16711935 FG2
 3 16711680 FG3
 4 1705837 FG4
 5 25600 hOc1
 6 255 hOc2
 7 16776960 hOc3v
 8 65535 hOc4v
Mapping unhit to unknown
Found 116768 unhit vertices
Writing annot to /out/sourcedata/freesurfer/sub-v1s11x0050157_ses-1/label/lh.mpm.vpnl.annot

 mri_label2label --srcsubject fsaverage --srclabel /out/sourcedata/freesurfer/fsaverage/label/lh.BA1_exvivo.thresh.label --trgsubject sub-v1s11x0050157_ses-1 --trglabel ./lh.BA1_exvivo.thresh.label --hemi lh --regmethod surface 


srclabel = /out/sourcedata/freesurfer/fsaverage/label/lh.BA1_exvivo.thresh.label
srcsubject = fsaverage
trgsubject = sub-v1s11x0050157_ses-1
trglabel = ./lh.BA1_exvivo.thresh.label
regmethod = surface

srchemi = lh
trghemi = lh
trgsurface = white
srcsurfreg = sphere.reg
trgsurfreg = sphere.reg
usehash = 1
Use ProjAbs  = 0, 0
Use ProjFrac = 0, 0
DoPaint 0

SUBJECTS_DIR    /out/sourcedata/freesurfer
FREESURFER_HOME /opt/freesurfer
Loading source label.
Found 1014 points in source label.
Starting surface-based mapping
Reading source registration 
 /out/sourcedata/freesurfer/fsaverage/surf/lh.sphere.reg
Rescaling ...  original radius = 100
Reading target surface 
 /out/sourcedata/freesurfer/sub-v1s11x0050157_ses-1/surf/lh.white
Reading target registration 
 /out/sourcedata/freesurfer/sub-v1s11x0050157_ses-1/surf/lh.sphere.reg
Rescaling ...  original radius = 100
Building target registration hash (res=16).
Building source registration hash (res=16).
INFO: found  1014 nlabel points
Performing mapping from target back to the source label 132019
Number of reverse mapping hits = 37
Checking for and removing duplicates
Writing label file ./lh.BA1_exvivo.thresh.label 1051
mri_label2label: Done


 mri_label2label --srcsubject fsaverage --srclabel /out/sourcedata/freesurfer/fsaverage/label/lh.BA2_exvivo.thresh.label --trgsubject sub-v1s11x0050157_ses-1 --trglabel ./lh.BA2_exvivo.thresh.label --hemi lh --regmethod surface 


srclabel = /out/sourcedata/freesurfer/fsaverage/label/lh.BA2_exvivo.thresh.label
srcsubject = fsaverage
trgsubject = sub-v1s11x0050157_ses-1
trglabel = ./lh.BA2_exvivo.thresh.label
regmethod = surface

srchemi = lh
trghemi = lh
trgsurface = white
srcsurfreg = sphere.reg
trgsurfreg = sphere.reg
usehash = 1
Use ProjAbs  = 0, 0
Use ProjFrac = 0, 0
DoPaint 0

SUBJECTS_DIR    /out/sourcedata/freesurfer
FREESURFER_HOME /opt/freesurfer
Loading source label.
Found 2092 points in source label.
Starting surface-based mapping
Reading source registration 
 /out/sourcedata/freesurfer/fsaverage/surf/lh.sphere.reg
Rescaling ...  original radius = 100
Reading target surface 
 /out/sourcedata/freesurfer/sub-v1s11x0050157_ses-1/surf/lh.white
Reading target registration 
 /out/sourcedata/freesurfer/sub-v1s11x0050157_ses-1/surf/lh.sphere.reg
Rescaling ...  original radius = 100
Building target registration hash (res=16).
Building source registration hash (res=16).
INFO: found  2092 nlabel points
Performing mapping from target back to the source label 132019
Number of reverse mapping hits = 95
Checking for and removing duplicates
Writing label file ./lh.BA2_exvivo.thresh.label 2187
mri_label2label: Done


 mri_label2label --srcsubject fsaverage --srclabel /out/sourcedata/freesurfer/fsaverage/label/lh.BA3a_exvivo.thresh.label --trgsubject sub-v1s11x0050157_ses-1 --trglabel ./lh.BA3a_exvivo.thresh.label --hemi lh --regmethod surface 


srclabel = /out/sourcedata/freesurfer/fsaverage/label/lh.BA3a_exvivo.thresh.label
srcsubject = fsaverage
trgsubject = sub-v1s11x0050157_ses-1
trglabel = ./lh.BA3a_exvivo.thresh.label
regmethod = surface

srchemi = lh
trghemi = lh
trgsurface = white
srcsurfreg = sphere.reg
trgsurfreg = sphere.reg
usehash = 1
Use ProjAbs  = 0, 0
Use ProjFrac = 0, 0
DoPaint 0

SUBJECTS_DIR    /out/sourcedata/freesurfer
FREESURFER_HOME /opt/freesurfer
Loading source label.
Found 1504 points in source label.
Starting surface-based mapping
Reading source registration 
 /out/sourcedata/freesurfer/fsaverage/surf/lh.sphere.reg
Rescaling ...  original radius = 100
Reading target surface 
 /out/sourcedata/freesurfer/sub-v1s11x0050157_ses-1/surf/lh.white
Reading target registration 
 /out/sourcedata/freesurfer/sub-v1s11x0050157_ses-1/surf/lh.sphere.reg
Rescaling ...  original radius = 100
Building target registration hash (res=16).
Building source registration hash (res=16).
INFO: found  1504 nlabel points
Performing mapping from target back to the source label 132019
Number of reverse mapping hits = 11
Checking for and removing duplicates
Writing label file ./lh.BA3a_exvivo.thresh.label 1515
mri_label2label: Done


 mri_label2label --srcsubject fsaverage --srclabel /out/sourcedata/freesurfer/fsaverage/label/lh.BA3b_exvivo.thresh.label --trgsubject sub-v1s11x0050157_ses-1 --trglabel ./lh.BA3b_exvivo.thresh.label --hemi lh --regmethod surface 


srclabel = /out/sourcedata/freesurfer/fsaverage/label/lh.BA3b_exvivo.thresh.label
srcsubject = fsaverage
trgsubject = sub-v1s11x0050157_ses-1
trglabel = ./lh.BA3b_exvivo.thresh.label
regmethod = surface

srchemi = lh
trghemi = lh
trgsurface = white
srcsurfreg = sphere.reg
trgsurfreg = sphere.reg
usehash = 1
Use ProjAbs  = 0, 0
Use ProjFrac = 0, 0
DoPaint 0

SUBJECTS_DIR    /out/sourcedata/freesurfer
FREESURFER_HOME /opt/freesurfer
Loading source label.
Found 1996 points in source label.
Starting surface-based mapping
Reading source registration 
 /out/sourcedata/freesurfer/fsaverage/surf/lh.sphere.reg
Rescaling ...  original radius = 100
Reading target surface 
 /out/sourcedata/freesurfer/sub-v1s11x0050157_ses-1/surf/lh.white
Reading target registration 
 /out/sourcedata/freesurfer/sub-v1s11x0050157_ses-1/surf/lh.sphere.reg
Rescaling ...  original radius = 100
Building target registration hash (res=16).
Building source registration hash (res=16).
INFO: found  1996 nlabel points
Performing mapping from target back to the source label 132019
Number of reverse mapping hits = 21
Checking for and removing duplicates
Writing label file ./lh.BA3b_exvivo.thresh.label 2017
mri_label2label: Done


 mri_label2label --srcsubject fsaverage --srclabel /out/sourcedata/freesurfer/fsaverage/label/lh.BA4a_exvivo.thresh.label --trgsubject sub-v1s11x0050157_ses-1 --trglabel ./lh.BA4a_exvivo.thresh.label --hemi lh --regmethod surface 


srclabel = /out/sourcedata/freesurfer/fsaverage/label/lh.BA4a_exvivo.thresh.label
srcsubject = fsaverage
trgsubject = sub-v1s11x0050157_ses-1
trglabel = ./lh.BA4a_exvivo.thresh.label
regmethod = surface

srchemi = lh
trghemi = lh
trgsurface = white
srcsurfreg = sphere.reg
trgsurfreg = sphere.reg
usehash = 1
Use ProjAbs  = 0, 0
Use ProjFrac = 0, 0
DoPaint 0

SUBJECTS_DIR    /out/sourcedata/freesurfer
FREESURFER_HOME /opt/freesurfer
Loading source label.
Found 2319 points in source label.
Starting surface-based mapping
Reading source registration 
 /out/sourcedata/freesurfer/fsaverage/surf/lh.sphere.reg
Rescaling ...  original radius = 100
Reading target surface 
 /out/sourcedata/freesurfer/sub-v1s11x0050157_ses-1/surf/lh.white
Reading target registration 
 /out/sourcedata/freesurfer/sub-v1s11x0050157_ses-1/surf/lh.sphere.reg
Rescaling ...  original radius = 100
Building target registration hash (res=16).
Building source registration hash (res=16).
INFO: found  2319 nlabel points
Performing mapping from target back to the source label 132019
Number of reverse mapping hits = 59
Checking for and removing duplicates
Writing label file ./lh.BA4a_exvivo.thresh.label 2378
mri_label2label: Done


 mri_label2label --srcsubject fsaverage --srclabel /out/sourcedata/freesurfer/fsaverage/label/lh.BA4p_exvivo.thresh.label --trgsubject sub-v1s11x0050157_ses-1 --trglabel ./lh.BA4p_exvivo.thresh.label --hemi lh --regmethod surface 


srclabel = /out/sourcedata/freesurfer/fsaverage/label/lh.BA4p_exvivo.thresh.label
srcsubject = fsaverage
trgsubject = sub-v1s11x0050157_ses-1
trglabel = ./lh.BA4p_exvivo.thresh.label
regmethod = surface

srchemi = lh
trghemi = lh
trgsurface = white
srcsurfreg = sphere.reg
trgsurfreg = sphere.reg
usehash = 1
Use ProjAbs  = 0, 0
Use ProjFrac = 0, 0
DoPaint 0

SUBJECTS_DIR    /out/sourcedata/freesurfer
FREESURFER_HOME /opt/freesurfer
Loading source label.
Found 1549 points in source label.
Starting surface-based mapping
Reading source registration 
 /out/sourcedata/freesurfer/fsaverage/surf/lh.sphere.reg
Rescaling ...  original radius = 100
Reading target surface 
 /out/sourcedata/freesurfer/sub-v1s11x0050157_ses-1/surf/lh.white
Reading target registration 
 /out/sourcedata/freesurfer/sub-v1s11x0050157_ses-1/surf/lh.sphere.reg
Rescaling ...  original radius = 100
Building target registration hash (res=16).
Building source registration hash (res=16).
INFO: found  1549 nlabel points
Performing mapping from target back to the source label 132019
Number of reverse mapping hits = 21
Checking for and removing duplicates
Writing label file ./lh.BA4p_exvivo.thresh.label 1570
mri_label2label: Done


 mri_label2label --srcsubject fsaverage --srclabel /out/sourcedata/freesurfer/fsaverage/label/lh.BA6_exvivo.thresh.label --trgsubject sub-v1s11x0050157_ses-1 --trglabel ./lh.BA6_exvivo.thresh.label --hemi lh --regmethod surface 


srclabel = /out/sourcedata/freesurfer/fsaverage/label/lh.BA6_exvivo.thresh.label
srcsubject = fsaverage
trgsubject = sub-v1s11x0050157_ses-1
trglabel = ./lh.BA6_exvivo.thresh.label
regmethod = surface

srchemi = lh
trghemi = lh
trgsurface = white
srcsurfreg = sphere.reg
trgsurfreg = sphere.reg
usehash = 1
Use ProjAbs  = 0, 0
Use ProjFrac = 0, 0
DoPaint 0

SUBJECTS_DIR    /out/sourcedata/freesurfer
FREESURFER_HOME /opt/freesurfer
Loading source label.
Found 7035 points in source label.
Starting surface-based mapping
Reading source registration 
 /out/sourcedata/freesurfer/fsaverage/surf/lh.sphere.reg
Rescaling ...  original radius = 100
Reading target surface 
 /out/sourcedata/freesurfer/sub-v1s11x0050157_ses-1/surf/lh.white
Reading target registration 
 /out/sourcedata/freesurfer/sub-v1s11x0050157_ses-1/surf/lh.sphere.reg
Rescaling ...  original radius = 100
Building target registration hash (res=16).
Building source registration hash (res=16).
INFO: found  7035 nlabel points
Performing mapping from target back to the source label 132019
Number of reverse mapping hits = 222
Checking for and removing duplicates
Writing label file ./lh.BA6_exvivo.thresh.label 7257
mri_label2label: Done


 mri_label2label --srcsubject fsaverage --srclabel /out/sourcedata/freesurfer/fsaverage/label/lh.BA44_exvivo.thresh.label --trgsubject sub-v1s11x0050157_ses-1 --trglabel ./lh.BA44_exvivo.thresh.label --hemi lh --regmethod surface 


srclabel = /out/sourcedata/freesurfer/fsaverage/label/lh.BA44_exvivo.thresh.label
srcsubject = fsaverage
trgsubject = sub-v1s11x0050157_ses-1
trglabel = ./lh.BA44_exvivo.thresh.label
regmethod = surface

srchemi = lh
trghemi = lh
trgsurface = white
srcsurfreg = sphere.reg
trgsurfreg = sphere.reg
usehash = 1
Use ProjAbs  = 0, 0
Use ProjFrac = 0, 0
DoPaint 0

SUBJECTS_DIR    /out/sourcedata/freesurfer
FREESURFER_HOME /opt/freesurfer
Loading source label.
Found 1912 points in source label.
Starting surface-based mapping
Reading source registration 
 /out/sourcedata/freesurfer/fsaverage/surf/lh.sphere.reg
Rescaling ...  original radius = 100
Reading target surface 
 /out/sourcedata/freesurfer/sub-v1s11x0050157_ses-1/surf/lh.white
Reading target registration 
 /out/sourcedata/freesurfer/sub-v1s11x0050157_ses-1/surf/lh.sphere.reg
Rescaling ...  original radius = 100
Building target registration hash (res=16).
Building source registration hash (res=16).
INFO: found  1912 nlabel points
Performing mapping from target back to the source label 132019
Number of reverse mapping hits = 51
Checking for and removing duplicates
Writing label file ./lh.BA44_exvivo.thresh.label 1963
mri_label2label: Done


 mri_label2label --srcsubject fsaverage --srclabel /out/sourcedata/freesurfer/fsaverage/label/lh.BA45_exvivo.thresh.label --trgsubject sub-v1s11x0050157_ses-1 --trglabel ./lh.BA45_exvivo.thresh.label --hemi lh --regmethod surface 


srclabel = /out/sourcedata/freesurfer/fsaverage/label/lh.BA45_exvivo.thresh.label
srcsubject = fsaverage
trgsubject = sub-v1s11x0050157_ses-1
trglabel = ./lh.BA45_exvivo.thresh.label
regmethod = surface

srchemi = lh
trghemi = lh
trgsurface = white
srcsurfreg = sphere.reg
trgsurfreg = sphere.reg
usehash = 1
Use ProjAbs  = 0, 0
Use ProjFrac = 0, 0
DoPaint 0

SUBJECTS_DIR    /out/sourcedata/freesurfer
FREESURFER_HOME /opt/freesurfer
Loading source label.
Found 1151 points in source label.
Starting surface-based mapping
Reading source registration 
 /out/sourcedata/freesurfer/fsaverage/surf/lh.sphere.reg
Rescaling ...  original radius = 100
Reading target surface 
 /out/sourcedata/freesurfer/sub-v1s11x0050157_ses-1/surf/lh.white
Reading target registration 
 /out/sourcedata/freesurfer/sub-v1s11x0050157_ses-1/surf/lh.sphere.reg
Rescaling ...  original radius = 100
Building target registration hash (res=16).
Building source registration hash (res=16).
INFO: found  1151 nlabel points
Performing mapping from target back to the source label 132019
Number of reverse mapping hits = 106
Checking for and removing duplicates
Writing label file ./lh.BA45_exvivo.thresh.label 1257
mri_label2label: Done


 mri_label2label --srcsubject fsaverage --srclabel /out/sourcedata/freesurfer/fsaverage/label/lh.V1_exvivo.thresh.label --trgsubject sub-v1s11x0050157_ses-1 --trglabel ./lh.V1_exvivo.thresh.label --hemi lh --regmethod surface 


srclabel = /out/sourcedata/freesurfer/fsaverage/label/lh.V1_exvivo.thresh.label
srcsubject = fsaverage
trgsubject = sub-v1s11x0050157_ses-1
trglabel = ./lh.V1_exvivo.thresh.label
regmethod = surface

srchemi = lh
trghemi = lh
trgsurface = white
srcsurfreg = sphere.reg
trgsurfreg = sphere.reg
usehash = 1
Use ProjAbs  = 0, 0
Use ProjFrac = 0, 0
DoPaint 0

SUBJECTS_DIR    /out/sourcedata/freesurfer
FREESURFER_HOME /opt/freesurfer
Loading source label.
Found 3405 points in source label.
Starting surface-based mapping
Reading source registration 
 /out/sourcedata/freesurfer/fsaverage/surf/lh.sphere.reg
Rescaling ...  original radius = 100
Reading target surface 
 /out/sourcedata/freesurfer/sub-v1s11x0050157_ses-1/surf/lh.white
Reading target registration 
 /out/sourcedata/freesurfer/sub-v1s11x0050157_ses-1/surf/lh.sphere.reg
Rescaling ...  original radius = 100
Building target registration hash (res=16).
Building source registration hash (res=16).
INFO: found  3405 nlabel points
Performing mapping from target back to the source label 132019
Number of reverse mapping hits = 425
Checking for and removing duplicates
Writing label file ./lh.V1_exvivo.thresh.label 3830
mri_label2label: Done


 mri_label2label --srcsubject fsaverage --srclabel /out/sourcedata/freesurfer/fsaverage/label/lh.V2_exvivo.thresh.label --trgsubject sub-v1s11x0050157_ses-1 --trglabel ./lh.V2_exvivo.thresh.label --hemi lh --regmethod surface 


srclabel = /out/sourcedata/freesurfer/fsaverage/label/lh.V2_exvivo.thresh.label
srcsubject = fsaverage
trgsubject = sub-v1s11x0050157_ses-1
trglabel = ./lh.V2_exvivo.thresh.label
regmethod = surface

srchemi = lh
trghemi = lh
trgsurface = white
srcsurfreg = sphere.reg
trgsurfreg = sphere.reg
usehash = 1
Use ProjAbs  = 0, 0
Use ProjFrac = 0, 0
DoPaint 0

SUBJECTS_DIR    /out/sourcedata/freesurfer
FREESURFER_HOME /opt/freesurfer
Loading source label.
Found 3334 points in source label.
Starting surface-based mapping
Reading source registration 
 /out/sourcedata/freesurfer/fsaverage/surf/lh.sphere.reg
Rescaling ...  original radius = 100
Reading target surface 
 /out/sourcedata/freesurfer/sub-v1s11x0050157_ses-1/surf/lh.white
Reading target registration 
 /out/sourcedata/freesurfer/sub-v1s11x0050157_ses-1/surf/lh.sphere.reg
Rescaling ...  original radius = 100
Building target registration hash (res=16).
Building source registration hash (res=16).
INFO: found  3334 nlabel points
Performing mapping from target back to the source label 132019
Number of reverse mapping hits = 750
Checking for and removing duplicates
Writing label file ./lh.V2_exvivo.thresh.label 4084
mri_label2label: Done


 mri_label2label --srcsubject fsaverage --srclabel /out/sourcedata/freesurfer/fsaverage/label/lh.MT_exvivo.thresh.label --trgsubject sub-v1s11x0050157_ses-1 --trglabel ./lh.MT_exvivo.thresh.label --hemi lh --regmethod surface 


srclabel = /out/sourcedata/freesurfer/fsaverage/label/lh.MT_exvivo.thresh.label
srcsubject = fsaverage
trgsubject = sub-v1s11x0050157_ses-1
trglabel = ./lh.MT_exvivo.thresh.label
regmethod = surface

srchemi = lh
trghemi = lh
trgsurface = white
srcsurfreg = sphere.reg
trgsurfreg = sphere.reg
usehash = 1
Use ProjAbs  = 0, 0
Use ProjFrac = 0, 0
DoPaint 0

SUBJECTS_DIR    /out/sourcedata/freesurfer
FREESURFER_HOME /opt/freesurfer
Loading source label.
Found 513 points in source label.
Starting surface-based mapping
Reading source registration 
 /out/sourcedata/freesurfer/fsaverage/surf/lh.sphere.reg
Rescaling ...  original radius = 100
Reading target surface 
 /out/sourcedata/freesurfer/sub-v1s11x0050157_ses-1/surf/lh.white
Reading target registration 
 /out/sourcedata/freesurfer/sub-v1s11x0050157_ses-1/surf/lh.sphere.reg
Rescaling ...  original radius = 100
Building target registration hash (res=16).
Building source registration hash (res=16).
INFO: found  513 nlabel points
Performing mapping from target back to the source label 132019
Number of reverse mapping hits = 64
Checking for and removing duplicates
Writing label file ./lh.MT_exvivo.thresh.label 577
mri_label2label: Done


 mri_label2label --srcsubject fsaverage --srclabel /out/sourcedata/freesurfer/fsaverage/label/lh.entorhinal_exvivo.thresh.label --trgsubject sub-v1s11x0050157_ses-1 --trglabel ./lh.entorhinal_exvivo.thresh.label --hemi lh --regmethod surface 


srclabel = /out/sourcedata/freesurfer/fsaverage/label/lh.entorhinal_exvivo.thresh.label
srcsubject = fsaverage
trgsubject = sub-v1s11x0050157_ses-1
trglabel = ./lh.entorhinal_exvivo.thresh.label
regmethod = surface

srchemi = lh
trghemi = lh
trgsurface = white
srcsurfreg = sphere.reg
trgsurfreg = sphere.reg
usehash = 1
Use ProjAbs  = 0, 0
Use ProjFrac = 0, 0
DoPaint 0

SUBJECTS_DIR    /out/sourcedata/freesurfer
FREESURFER_HOME /opt/freesurfer
Loading source label.
Found 470 points in source label.
Starting surface-based mapping
Reading source registration 
 /out/sourcedata/freesurfer/fsaverage/surf/lh.sphere.reg
Rescaling ...  original radius = 100
Reading target surface 
 /out/sourcedata/freesurfer/sub-v1s11x0050157_ses-1/surf/lh.white
Reading target registration 
 /out/sourcedata/freesurfer/sub-v1s11x0050157_ses-1/surf/lh.sphere.reg
Rescaling ...  original radius = 100
Building target registration hash (res=16).
Building source registration hash (res=16).
INFO: found  470 nlabel points
Performing mapping from target back to the source label 132019
Number of reverse mapping hits = 50
Checking for and removing duplicates
Writing label file ./lh.entorhinal_exvivo.thresh.label 520
mri_label2label: Done


 mri_label2label --srcsubject fsaverage --srclabel /out/sourcedata/freesurfer/fsaverage/label/lh.perirhinal_exvivo.thresh.label --trgsubject sub-v1s11x0050157_ses-1 --trglabel ./lh.perirhinal_exvivo.thresh.label --hemi lh --regmethod surface 


srclabel = /out/sourcedata/freesurfer/fsaverage/label/lh.perirhinal_exvivo.thresh.label
srcsubject = fsaverage
trgsubject = sub-v1s11x0050157_ses-1
trglabel = ./lh.perirhinal_exvivo.thresh.label
regmethod = surface

srchemi = lh
trghemi = lh
trgsurface = white
srcsurfreg = sphere.reg
trgsurfreg = sphere.reg
usehash = 1
Use ProjAbs  = 0, 0
Use ProjFrac = 0, 0
DoPaint 0

SUBJECTS_DIR    /out/sourcedata/freesurfer
FREESURFER_HOME /opt/freesurfer
Loading source label.
Found 450 points in source label.
Starting surface-based mapping
Reading source registration 
 /out/sourcedata/freesurfer/fsaverage/surf/lh.sphere.reg
Rescaling ...  original radius = 100
Reading target surface 
 /out/sourcedata/freesurfer/sub-v1s11x0050157_ses-1/surf/lh.white
Reading target registration 
 /out/sourcedata/freesurfer/sub-v1s11x0050157_ses-1/surf/lh.sphere.reg
Rescaling ...  original radius = 100
Building target registration hash (res=16).
Building source registration hash (res=16).
INFO: found  450 nlabel points
Performing mapping from target back to the source label 132019
Number of reverse mapping hits = 34
Checking for and removing duplicates
Writing label file ./lh.perirhinal_exvivo.thresh.label 484
mri_label2label: Done


 mris_label2annot --s sub-v1s11x0050157_ses-1 --hemi lh --ctab /opt/freesurfer/average/colortable_BA.txt --l lh.BA1_exvivo.label --l lh.BA2_exvivo.label --l lh.BA3a_exvivo.label --l lh.BA3b_exvivo.label --l lh.BA4a_exvivo.label --l lh.BA4p_exvivo.label --l lh.BA6_exvivo.label --l lh.BA44_exvivo.label --l lh.BA45_exvivo.label --l lh.V1_exvivo.label --l lh.V2_exvivo.label --l lh.MT_exvivo.label --l lh.perirhinal_exvivo.label --l lh.entorhinal_exvivo.label --a BA_exvivo --maxstatwinner --noverbose 

Reading ctab /opt/freesurfer/average/colortable_BA.txt
Number of ctab entries 15

7.3.2
cwd /out/sourcedata/freesurfer/sub-v1s11x0050157_ses-1/label
cmdline mris_label2annot --s sub-v1s11x0050157_ses-1 --hemi lh --ctab /opt/freesurfer/average/colortable_BA.txt --l lh.BA1_exvivo.label --l lh.BA2_exvivo.label --l lh.BA3a_exvivo.label --l lh.BA3b_exvivo.label --l lh.BA4a_exvivo.label --l lh.BA4p_exvivo.label --l lh.BA6_exvivo.label --l lh.BA44_exvivo.label --l lh.BA45_exvivo.label --l lh.V1_exvivo.label --l lh.V2_exvivo.label --l lh.MT_exvivo.label --l lh.perirhinal_exvivo.label --l lh.entorhinal_exvivo.label --a BA_exvivo --maxstatwinner --noverbose 
sysname  Linux
hostname dna038
machine  x86_64
user     oesteban

subject sub-v1s11x0050157_ses-1
hemi    lh
SUBJECTS_DIR /out/sourcedata/freesurfer
ColorTable /opt/freesurfer/average/colortable_BA.txt
AnnotName  BA_exvivo
nlables 14
LabelThresh 0 0.000000
Loading /out/sourcedata/freesurfer/sub-v1s11x0050157_ses-1/surf/lh.orig
 1 1530880 BA1_exvivo
 2 16749699 BA2_exvivo
 3 16711680 BA3a_exvivo
 4 3368703 BA3b_exvivo
 5 1376196 BA4a_exvivo
 6 13382655 BA4p_exvivo
 7 10036737 BA6_exvivo
 8 2490521 BA44_exvivo
 9 39283 BA45_exvivo
10 3993 V1_exvivo
11 8508928 V2_exvivo
12 10027163 MT_exvivo
13 16422433 perirhinal_exvivo
14 16392598 entorhinal_exvivo
Mapping unhit to unknown
Found 93181 unhit vertices
Writing annot to /out/sourcedata/freesurfer/sub-v1s11x0050157_ses-1/label/lh.BA_exvivo.annot

 mris_label2annot --s sub-v1s11x0050157_ses-1 --hemi lh --ctab /opt/freesurfer/average/colortable_BA.txt --l lh.BA1_exvivo.thresh.label --l lh.BA2_exvivo.thresh.label --l lh.BA3a_exvivo.thresh.label --l lh.BA3b_exvivo.thresh.label --l lh.BA4a_exvivo.thresh.label --l lh.BA4p_exvivo.thresh.label --l lh.BA6_exvivo.thresh.label --l lh.BA44_exvivo.thresh.label --l lh.BA45_exvivo.thresh.label --l lh.V1_exvivo.thresh.label --l lh.V2_exvivo.thresh.label --l lh.MT_exvivo.thresh.label --l lh.perirhinal_exvivo.thresh.label --l lh.entorhinal_exvivo.thresh.label --a BA_exvivo.thresh --maxstatwinner --noverbose 

Reading ctab /opt/freesurfer/average/colortable_BA.txt
Number of ctab entries 15

7.3.2
cwd /out/sourcedata/freesurfer/sub-v1s11x0050157_ses-1/label
cmdline mris_label2annot --s sub-v1s11x0050157_ses-1 --hemi lh --ctab /opt/freesurfer/average/colortable_BA.txt --l lh.BA1_exvivo.thresh.label --l lh.BA2_exvivo.thresh.label --l lh.BA3a_exvivo.thresh.label --l lh.BA3b_exvivo.thresh.label --l lh.BA4a_exvivo.thresh.label --l lh.BA4p_exvivo.thresh.label --l lh.BA6_exvivo.thresh.label --l lh.BA44_exvivo.thresh.label --l lh.BA45_exvivo.thresh.label --l lh.V1_exvivo.thresh.label --l lh.V2_exvivo.thresh.label --l lh.MT_exvivo.thresh.label --l lh.perirhinal_exvivo.thresh.label --l lh.entorhinal_exvivo.thresh.label --a BA_exvivo.thresh --maxstatwinner --noverbose 
sysname  Linux
hostname dna038
machine  x86_64
user     oesteban

subject sub-v1s11x0050157_ses-1
hemi    lh
SUBJECTS_DIR /out/sourcedata/freesurfer
ColorTable /opt/freesurfer/average/colortable_BA.txt
AnnotName  BA_exvivo.thresh
nlables 14
LabelThresh 0 0.000000
Loading /out/sourcedata/freesurfer/sub-v1s11x0050157_ses-1/surf/lh.orig
 1 1530880 BA1_exvivo
 2 16749699 BA2_exvivo
 3 16711680 BA3a_exvivo
 4 3368703 BA3b_exvivo
 5 1376196 BA4a_exvivo
 6 13382655 BA4p_exvivo
 7 10036737 BA6_exvivo
 8 2490521 BA44_exvivo
 9 39283 BA45_exvivo
10 3993 V1_exvivo
11 8508928 V2_exvivo
12 10027163 MT_exvivo
13 16422433 perirhinal_exvivo
14 16392598 entorhinal_exvivo
Mapping unhit to unknown
Found 109473 unhit vertices
Writing annot to /out/sourcedata/freesurfer/sub-v1s11x0050157_ses-1/label/lh.BA_exvivo.thresh.annot

 mris_anatomical_stats -th3 -mgz -noglobal -f ../stats/lh.BA_exvivo.stats -b -a ./lh.BA_exvivo.annot -c ./BA_exvivo.ctab sub-v1s11x0050157_ses-1 lh white 

computing statistics for each annotation in ./lh.BA_exvivo.annot.
reading volume /out/sourcedata/freesurfer/sub-v1s11x0050157_ses-1/mri/wm.mgz...
reading input surface /out/sourcedata/freesurfer/sub-v1s11x0050157_ses-1/surf/lh.white...
reading input pial surface /out/sourcedata/freesurfer/sub-v1s11x0050157_ses-1/surf/lh.pial...
reading input white surface /out/sourcedata/freesurfer/sub-v1s11x0050157_ses-1/surf/lh.white...
INFO: using TH3 volume calc
INFO: assuming MGZ format for volumes.
INFO: not computing global stats
Using TH3 vertex volume calc
Total face volume 289339
Total vertex volume 289036 (mask=0)
Saving annotation colortable ./BA_exvivo.ctab

table columns are:
    number of vertices
    total surface area (mm^2)
    total gray matter volume (mm^3)
    average cortical thickness +- standard deviation (mm)
    integrated rectified mean curvature
    integrated rectified Gaussian curvature
    folding index
    intrinsic curvature index
    structure name

 1026    870   2305  2.155 0.665     0.166     0.039       23     1.9  BA1_exvivo
 3706   2609   6973  2.416 0.673     0.116     0.021       36     3.4  BA2_exvivo
 1051    689   1062  2.252 0.567     0.131     0.028        8     1.2  BA3a_exvivo
 2337   1699   4366  2.123 0.838     0.105     0.019       21     2.0  BA3b_exvivo
 1702   1194   3791  2.654 0.546     0.114     0.023       16     1.6  BA4a_exvivo
 1244    817   1977  2.645 0.456     0.086     0.013        6     0.8  BA4p_exvivo
 9190   6888  24592  3.019 0.720     0.122     0.025      103     9.5  BA6_exvivo
 2226   1667   6078  3.133 0.642     0.126     0.024       26     2.6  BA44_exvivo
 2532   1988   6049  2.570 0.633     0.133     0.030       41     3.5  BA45_exvivo
 2967   2289   3442  1.552 0.412     0.153     0.035       37     4.6  V1_exvivo
 7455   5580  12851  2.155 0.593     0.150     0.032      105    10.1  V2_exvivo
 2023   1535   4748  2.544 0.600     0.126     0.024       25     2.1  MT_exvivo
  665    485   1363  2.507 1.345     0.115     0.029        5     0.7  perirhinal_exvivo
  714    478   1607  2.234 1.488     0.141     0.051       17     1.2  entorhinal_exvivo

 mris_anatomical_stats -th3 -mgz -f ../stats/lh.BA_exvivo.thresh.stats -noglobal -b -a ./lh.BA_exvivo.thresh.annot -c ./BA_exvivo.thresh.ctab sub-v1s11x0050157_ses-1 lh white 

computing statistics for each annotation in ./lh.BA_exvivo.thresh.annot.
reading volume /out/sourcedata/freesurfer/sub-v1s11x0050157_ses-1/mri/wm.mgz...
reading input surface /out/sourcedata/freesurfer/sub-v1s11x0050157_ses-1/surf/lh.white...
reading input pial surface /out/sourcedata/freesurfer/sub-v1s11x0050157_ses-1/surf/lh.pial...
reading input white surface /out/sourcedata/freesurfer/sub-v1s11x0050157_ses-1/surf/lh.white...
INFO: using TH3 volume calc
INFO: assuming MGZ format for volumes.
INFO: not computing global stats
Using TH3 vertex volume calc
Total face volume 289339
Total vertex volume 289036 (mask=0)
Saving annotation colortable ./BA_exvivo.thresh.ctab

table columns are:
    number of vertices
    total surface area (mm^2)
    total gray matter volume (mm^3)
    average cortical thickness +- standard deviation (mm)
    integrated rectified mean curvature
    integrated rectified Gaussian curvature
    folding index
    intrinsic curvature index
    structure name

  681    589   1561  2.156 0.542     0.182     0.043       16     1.5  BA1_exvivo
 1560   1096   2531  2.132 0.577     0.107     0.019       12     1.4  BA2_exvivo
  863    573    860  2.230 0.496     0.142     0.031        8     1.1  BA3a_exvivo
 1324    937   1616  1.569 0.427     0.079     0.011        6     0.6  BA3b_exvivo
 1630   1126   3504  2.611 0.547     0.100     0.018       11     1.3  BA4a_exvivo
  988    654   1530  2.605 0.429     0.086     0.015        4     0.6  BA4p_exvivo
 5061   3855  14102  3.049 0.670     0.125     0.025       58     5.4  BA6_exvivo
 1363   1044   3659  3.100 0.604     0.129     0.025       17     1.6  BA44_exvivo
  986    872   3106  2.801 0.601     0.168     0.045       22     2.2  BA45_exvivo
 3183   2422   3773  1.583 0.446     0.149     0.033       38     4.7  V1_exvivo
 3685   2835   5943  2.035 0.549     0.163     0.036       56     5.8  V2_exvivo
  515    396   1031  2.285 0.552     0.110     0.015        4     0.4  MT_exvivo
  294    197    539  2.719 1.212     0.109     0.021        2     0.3  perirhinal_exvivo
  413    271   1228  2.931 1.206     0.084     0.017        3     0.2  entorhinal_exvivo

Started at Thu Mar 12 13:10:31 CET 2026 
Ended   at Thu Mar 12 13:13:27 CET 2026
#@#%# recon-all-run-time-hours 0.049
recon-all -s sub-v1s11x0050157_ses-1 finished without error at Thu Mar 12 13:13:27 CET 2026
